{
  "bids_meta": {
    "InstitutionName": "HH",
    "dataset": "<unset>",
    "modality": "T1w",
    "subject_id": "0763"
  },
  "cjv": 0.6851582929388691,
  "cnr": 1.4338324370014173,
  "efc": 0.6428129520887589,
  "fber": -1.0,
  "fwhm_avg": 5.098516302176606,
  "fwhm_x": 4.386759573196481,
  "fwhm_y": 5.913205333333334,
  "fwhm_z": 4.995584,
  "icvs_csf": 0.26586768817614714,
  "icvs_gm": 0.3711267531226253,
  "icvs_wm": 0.3630055587012275,
  "inu_med": 0.36856114864349365,
  "inu_range": 0.19242702126502986,
  "provenance": {
    "md5sum": "9190ca631911087f89a60dcf0c8f6529",
    "settings": {
      "testing": false
    },
    "software": "mriqc",
    "version": "23.1.0",
    "warnings": {
      "large_rot_frame": true,
      "small_air_mask": false
    }
  },
  "qi_1": 0.0,
  "qi_2": 0.0017937850734486523,
  "rpve_csf": 5.920542894105823,
  "rpve_gm": 5.810674892223845,
  "rpve_wm": 5.8713967250123655,
  "size_x": 150,
  "size_y": 256,
  "size_z": 256,
  "snr_csf": 2.234710992493779,
  "snr_gm": 7.972238204740859,
  "snr_total": 8.953743329331429,
  "snr_wm": 16.65428079075965,
  "snrd_csf": 44.96828179904017,
  "snrd_gm": 80.17120321820556,
  "snrd_total": 73.99789503081189,
  "snrd_wm": 96.85420007518992,
  "spacing_x": 1.20000422000885,
  "spacing_y": 0.9375,
  "spacing_z": 0.9375,
  "summary_bg_k": 3459.8403509654563,
  "summary_bg_mad": 0.0,
  "summary_bg_mean": 0.948390653620638,
  "summary_bg_median": 0.0,
  "summary_bg_n": 2665345.0,
  "summary_bg_p05": 0.0,
  "summary_bg_p95": 6.640331536531448,
  "summary_bg_stdv": 6.534323948486583,
  "summary_csf_k": -0.1936436442798617,
  "summary_csf_mad": 162.11863448082542,
  "summary_csf_mean": 458.3928900530432,
  "summary_csf_median": 448.5131961554289,
  "summary_csf_n": 436391.767308875,
  "summary_csf_p05": 89.52330181002617,
  "summary_csf_p95": 796.9851931035519,
  "summary_csf_stdv": 200.70276817602456,
  "summary_gm_k": -0.3726430285805451,
  "summary_gm_mad": 66.54337567785653,
  "summary_gm_mean": 801.1918965666217,
  "summary_gm_median": 799.6267848461866,
  "summary_gm_n": 609162.6282298913,
  "summary_gm_p05": 631.8251222223043,
  "summary_gm_p95": 980.321353957057,
  "summary_gm_stdv": 100.30133420218645,
  "summary_wm_k": -0.39076294318690197,
  "summary_wm_mad": 47.464254465684924,
  "summary_wm_mean": 955.0501830395382,
  "summary_wm_median": 966.0228298455477,
  "summary_wm_n": 595832.6052755235,
  "summary_wm_p05": 842.2557745277882,
  "summary_wm_p95": 1032.135327771306,
  "summary_wm_stdv": 58.00442729004963,
  "tpm_overlap_csf": 0.1980251611191545,
  "tpm_overlap_gm": 0.5210813131718411,
  "tpm_overlap_wm": 0.556363560583173,
  "wm2max": 0.8197668595061914
}