{
  "bids_meta": {
    "InstitutionName": "HH",
    "dataset": "<unset>",
    "modality": "T1w",
    "subject_id": "0466"
  },
  "cjv": 0.6405389638672643,
  "cnr": 1.6537917995505733,
  "efc": 0.6061036395485636,
  "fber": -1.0,
  "fwhm_avg": 5.133927935589926,
  "fwhm_x": 4.255757140103114,
  "fwhm_y": 6.112309333333333,
  "fwhm_z": 5.033717333333333,
  "icvs_csf": 0.2618023157042832,
  "icvs_gm": 0.381269697533123,
  "icvs_wm": 0.3569279867625938,
  "inu_med": 0.36836548149585724,
  "inu_range": 0.18899409025907515,
  "provenance": {
    "md5sum": "cc55aafbbd5ff7caa2e793847438e7d7",
    "settings": {
      "testing": false
    },
    "software": "mriqc",
    "version": "23.1.0",
    "warnings": {
      "large_rot_frame": true,
      "small_air_mask": false
    }
  },
  "qi_1": 0.0,
  "qi_2": 0.0030344836327002222,
  "rpve_csf": 6.5642466484619355,
  "rpve_gm": 6.481973518054943,
  "rpve_wm": 6.561434859410187,
  "size_x": 150,
  "size_y": 256,
  "size_z": 256,
  "snr_csf": 2.3402424087923173,
  "snr_gm": 7.882930985960417,
  "snr_total": 9.273490168836224,
  "snr_wm": 17.59729711175594,
  "snrd_csf": 72.01627551598567,
  "snrd_gm": 110.57085641562583,
  "snrd_total": 106.57222481568967,
  "snrd_wm": 137.12954251545753,
  "spacing_x": 1.1999956369400024,
  "spacing_y": 0.9375,
  "spacing_z": 0.9375,
  "summary_bg_k": 28.15883979773233,
  "summary_bg_mad": 0.0,
  "summary_bg_mean": 1.430515789505978,
  "summary_bg_median": 0.0,
  "summary_bg_n": 3236835.0,
  "summary_bg_p05": 0.0,
  "summary_bg_p95": 10.931467054411769,
  "summary_bg_stdv": 4.637656693660148,
  "summary_csf_k": -0.22895406688732756,
  "summary_csf_mad": 148.29599720749218,
  "summary_csf_mean": 500.98700995184936,
  "summary_csf_median": 509.79729137197137,
  "summary_csf_n": 386514.990745032,
  "summary_csf_p05": 98.88996024057269,
  "summary_csf_p95": 833.4700675327331,
  "summary_csf_stdv": 217.83924177123998,
  "summary_gm_k": -0.6551559207411768,
  "summary_gm_mad": 74.02277882323312,
  "summary_gm_mean": 785.155858811534,
  "summary_gm_median": 782.7219986245036,
  "summary_gm_n": 562892.0936659431,
  "summary_gm_p05": 621.5250893011689,
  "summary_gm_p95": 965.3233478534967,
  "summary_gm_stdv": 99.29318228841309,
  "summary_wm_k": -0.3388008350413907,
  "summary_wm_mad": 46.40287295008862,
  "summary_wm_mean": 962.0370825124427,
  "summary_wm_median": 970.7287531960756,
  "summary_wm_n": 526954.9168389185,
  "summary_wm_p05": 856.129333678633,
  "summary_wm_p95": 1037.7171694058925,
  "summary_wm_stdv": 55.16346209062546,
  "tpm_overlap_csf": 0.20511762902703717,
  "tpm_overlap_gm": 0.5233478594904235,
  "tpm_overlap_wm": 0.5450598914387369,
  "wm2max": 0.848119778201932
}