{
  "bids_meta": {
    "InstitutionName": "HH",
    "dataset": "<unset>",
    "modality": "T1w",
    "subject_id": "1128"
  },
  "cjv": 0.6837252928523613,
  "cnr": 1.6413935796107193,
  "efc": 0.6002209546231866,
  "fber": -1.0,
  "fwhm_avg": 5.2251150494041205,
  "fwhm_x": 4.495665148212363,
  "fwhm_y": 5.995989333333333,
  "fwhm_z": 5.183690666666666,
  "icvs_csf": 0.24975887954478537,
  "icvs_gm": 0.3866619925125783,
  "icvs_wm": 0.3635791279426364,
  "inu_med": 0.3491508960723877,
  "inu_range": 0.13995220661163327,
  "provenance": {
    "md5sum": "617fea71541a41b9de12259f6a5504d5",
    "settings": {
      "testing": false
    },
    "software": "mriqc",
    "version": "23.1.0",
    "warnings": {
      "large_rot_frame": true,
      "small_air_mask": false
    }
  },
  "qi_1": 0.0,
  "qi_2": 0.0010152489278927915,
  "rpve_csf": 8.334805671323675,
  "rpve_gm": 8.251086126951373,
  "rpve_wm": 8.316341424379141,
  "size_x": 150,
  "size_y": 256,
  "size_z": 256,
  "snr_csf": 2.0778176158617865,
  "snr_gm": 8.770507146518908,
  "snr_total": 9.887732273815644,
  "snr_wm": 18.814872059066236,
  "snrd_csf": 52.56724193998023,
  "snrd_gm": 85.24190422380954,
  "snrd_total": 80.47272871340498,
  "snrd_wm": 103.60903997642515,
  "spacing_x": 1.2000004053115845,
  "spacing_y": 0.9375,
  "spacing_z": 0.9375,
  "summary_bg_k": 48.55061103195611,
  "summary_bg_mad": 0.0,
  "summary_bg_mean": 2.117872557226198,
  "summary_bg_median": 0.0,
  "summary_bg_n": 3027509.0,
  "summary_bg_p05": 0.0,
  "summary_bg_p95": 14.275103230029345,
  "summary_bg_stdv": 6.150703530017349,
  "summary_csf_k": -0.8134771028332479,
  "summary_csf_mad": 176.78212626437164,
  "summary_csf_mean": 478.314756889761,
  "summary_csf_median": 493.52397540956736,
  "summary_csf_n": 291789.05319151934,
  "summary_csf_p05": 66.66357150673866,
  "summary_csf_p95": 844.5290340185165,
  "summary_csf_stdv": 237.51994686882554,
  "summary_gm_k": -0.7216735644600196,
  "summary_gm_mad": 72.75012943797579,
  "summary_gm_mean": 801.3596416664719,
  "summary_gm_median": 800.2878197804093,
  "summary_gm_n": 451730.6327848121,
  "summary_gm_p05": 650.2019376903772,
  "summary_gm_p95": 963.116842802614,
  "summary_gm_stdv": 91.24750947789077,
  "summary_wm_k": -0.45706103588713853,
  "summary_wm_mad": 45.150506065574376,
  "summary_wm_mean": 965.4666283818455,
  "summary_wm_median": 972.7264244891703,
  "summary_wm_n": 424763.31450532866,
  "summary_wm_p05": 868.5297766849399,
  "summary_wm_p95": 1038.4383224472404,
  "summary_wm_stdv": 51.6998083437976,
  "tpm_overlap_csf": 0.19849741937956983,
  "tpm_overlap_gm": 0.5390683809048619,
  "tpm_overlap_wm": 0.5623498620112278,
  "wm2max": 0.761640798226164
}