{
  "bids_meta": {
    "InstitutionName": "HH",
    "dataset": "<unset>",
    "modality": "T1w",
    "subject_id": "0705"
  },
  "cjv": 0.6972388866566092,
  "cnr": 1.4744976671545147,
  "efc": 0.5924850664202506,
  "fber": -1.0,
  "fwhm_avg": 5.119659337187108,
  "fwhm_x": 4.430370011561323,
  "fwhm_y": 5.830026666666667,
  "fwhm_z": 5.098581333333333,
  "icvs_csf": 0.2632339586415609,
  "icvs_gm": 0.37629791335391866,
  "icvs_wm": 0.3604681280045204,
  "inu_med": 0.36889588832855225,
  "inu_range": 0.16059625148773193,
  "provenance": {
    "md5sum": "cc72f349eaac7db9ed58f82017b3af0c",
    "settings": {
      "testing": false
    },
    "software": "mriqc",
    "version": "23.1.0",
    "warnings": {
      "large_rot_frame": true,
      "small_air_mask": false
    }
  },
  "qi_1": 0.0,
  "qi_2": 0.0006736311870893757,
  "rpve_csf": 7.673136651767564,
  "rpve_gm": 7.563824558676399,
  "rpve_wm": 7.626584262405504,
  "size_x": 150,
  "size_y": 256,
  "size_z": 256,
  "snr_csf": 2.212050716341343,
  "snr_gm": 8.145974507197439,
  "snr_total": 8.74521707501089,
  "snr_wm": 15.877626001493887,
  "snrd_csf": 73.53244716415453,
  "snrd_gm": 127.14139741265812,
  "snrd_total": 118.31366675183877,
  "snrd_wm": 154.26715567870366,
  "spacing_x": 1.1999990940093994,
  "spacing_y": 0.9375,
  "spacing_z": 0.9375,
  "summary_bg_k": 239.51534539915497,
  "summary_bg_mad": 0.0,
  "summary_bg_mean": 1.285645545072503,
  "summary_bg_median": 0.0,
  "summary_bg_n": 2866464.0,
  "summary_bg_p05": 0.0,
  "summary_bg_p95": 8.81046437472105,
  "summary_bg_stdv": 4.0785496305131845,
  "summary_csf_k": -0.5378818726178043,
  "summary_csf_mad": 172.97692559675656,
  "summary_csf_mean": 461.2170214854005,
  "summary_csf_median": 457.77602223306894,
  "summary_csf_n": 334077.85089232307,
  "summary_csf_p05": 100.35094381123781,
  "summary_csf_p95": 801.2123410627246,
  "summary_csf_stdv": 206.9461308988205,
  "summary_gm_k": -0.5418448070408477,
  "summary_gm_mad": 67.67713117584502,
  "summary_gm_mean": 793.6895170786138,
  "summary_gm_median": 791.5183760821819,
  "summary_gm_n": 477570.5947564414,
  "summary_gm_p05": 632.2183085158467,
  "summary_gm_p95": 969.396498054266,
  "summary_gm_stdv": 97.16671058691125,
  "summary_wm_k": -0.543711062287902,
  "summary_wm_mad": 50.066522848367065,
  "summary_wm_mean": 948.6789162215906,
  "summary_wm_median": 960.3897002115846,
  "summary_wm_n": 457480.5550939873,
  "summary_wm_p05": 832.5520708858967,
  "summary_wm_p95": 1029.5972476676106,
  "summary_wm_stdv": 60.48691728031684,
  "tpm_overlap_csf": 0.18412060419466325,
  "tpm_overlap_gm": 0.5282645015634191,
  "tpm_overlap_wm": 0.5590729941471344,
  "wm2max": 0.7284488036127096
}