{
  "bids_meta": {
    "InstitutionName": "HH",
    "dataset": "<unset>",
    "modality": "T1w",
    "subject_id": "0085"
  },
  "cjv": 0.6548865799456173,
  "cnr": 1.4787789195768888,
  "efc": 0.6378767774017794,
  "fber": -1.0,
  "fwhm_avg": 5.045600959464522,
  "fwhm_x": 4.320301545060233,
  "fwhm_y": 5.922218666666667,
  "fwhm_z": 4.894282666666667,
  "icvs_csf": 0.26312263448324646,
  "icvs_gm": 0.3753123272122342,
  "icvs_wm": 0.3615650383045194,
  "inu_med": 0.39289557933807373,
  "inu_range": 0.20677011311054228,
  "provenance": {
    "md5sum": "e54456f9bc4ab461c56ae1569beb600d",
    "settings": {
      "testing": false
    },
    "software": "mriqc",
    "version": "23.1.0",
    "warnings": {
      "large_rot_frame": true,
      "small_air_mask": false
    }
  },
  "qi_1": 0.0,
  "qi_2": 0.001058188483502043,
  "rpve_csf": 6.221314704402003,
  "rpve_gm": 6.116262078582183,
  "rpve_wm": 6.1899047510979255,
  "size_x": 150,
  "size_y": 256,
  "size_z": 256,
  "snr_csf": 2.3914698750623775,
  "snr_gm": 7.6222504150189945,
  "snr_total": 8.652023122662243,
  "snr_wm": 15.942349077905355,
  "snrd_csf": 51.38553634689633,
  "snrd_gm": 83.7445799401248,
  "snrd_total": 79.24293617517148,
  "snrd_wm": 102.5986922384933,
  "spacing_x": 1.1999995708465576,
  "spacing_y": 0.9375,
  "spacing_z": 0.9375,
  "summary_bg_k": 368.2236743695092,
  "summary_bg_mad": 0.0,
  "summary_bg_mean": 2.0656943178560634,
  "summary_bg_median": 0.0,
  "summary_bg_n": 2424068.0,
  "summary_bg_p05": 0.0,
  "summary_bg_p95": 13.015349842607975,
  "summary_bg_stdv": 6.171093995229193,
  "summary_csf_k": 0.007416861137944597,
  "summary_csf_mad": 148.7304156408377,
  "summary_csf_mean": 487.80444290344565,
  "summary_csf_median": 484.02893625199795,
  "summary_csf_n": 410143.7223910077,
  "summary_csf_p05": 117.49334331601858,
  "summary_csf_p95": 813.5735348984599,
  "summary_csf_stdv": 202.39784378077022,
  "summary_gm_k": -0.44862866710722127,
  "summary_gm_mad": 68.27154890948923,
  "summary_gm_mean": 789.7929464177123,
  "summary_gm_median": 788.8367588818073,
  "summary_gm_n": 585019.9669989195,
  "summary_gm_p05": 614.7913399338722,
  "summary_gm_p95": 976.278093457222,
  "summary_gm_stdv": 103.49123181924651,
  "summary_wm_k": -0.46345979161775075,
  "summary_wm_mad": 48.03458289664889,
  "summary_wm_mean": 953.3225643163871,
  "summary_wm_median": 966.4341251552105,
  "summary_wm_n": 563591.3116630984,
  "summary_wm_p05": 834.0733451768756,
  "summary_wm_p95": 1031.992924362421,
  "summary_wm_stdv": 60.62050598961553,
  "tpm_overlap_csf": 0.20612811305792458,
  "tpm_overlap_gm": 0.5217609618027772,
  "tpm_overlap_wm": 0.5487202680959583,
  "wm2max": 0.7167857102299319
}