{
  "bids_meta": {
    "InstitutionName": "HH",
    "dataset": "<unset>",
    "modality": "T1w",
    "subject_id": "0135"
  },
  "cjv": 0.6277732383470409,
  "cnr": 1.5232829599943312,
  "efc": 0.6356705319794659,
  "fber": -1.0,
  "fwhm_avg": 5.035563024306849,
  "fwhm_x": 4.269174406253877,
  "fwhm_y": 5.901866666666667,
  "fwhm_z": 4.935648,
  "icvs_csf": 0.26639329954073193,
  "icvs_gm": 0.376797869397796,
  "icvs_wm": 0.3568088310614721,
  "inu_med": 0.37159453332424164,
  "inu_range": 0.1996691092848777,
  "provenance": {
    "md5sum": "980ab1c090310f8b1fbe5bbfd0b1e8ea",
    "settings": {
      "testing": false
    },
    "software": "mriqc",
    "version": "23.1.0",
    "warnings": {
      "large_rot_frame": true,
      "small_air_mask": false
    }
  },
  "qi_1": 0.0,
  "qi_2": 0.002768104424393427,
  "rpve_csf": 6.091995358558438,
  "rpve_gm": 5.996638463449156,
  "rpve_wm": 6.070347218699667,
  "size_x": 150,
  "size_y": 256,
  "size_z": 256,
  "snr_csf": 2.261358132805604,
  "snr_gm": 7.549268043698204,
  "snr_total": 8.849333430319382,
  "snr_wm": 16.737374114454333,
  "snrd_csf": 12.07080322504132,
  "snrd_gm": 19.752123171665588,
  "snrd_total": 18.74879694856423,
  "snrd_wm": 24.423464448985776,
  "spacing_x": 1.2000001668930054,
  "spacing_y": 0.9375,
  "spacing_z": 0.9375,
  "summary_bg_k": 698.0317265218432,
  "summary_bg_mad": 0.0,
  "summary_bg_mean": 2.430303432049404,
  "summary_bg_median": 0.0,
  "summary_bg_n": 2424799.0,
  "summary_bg_p05": 0.0,
  "summary_bg_p95": 9.727925822138786,
  "summary_bg_stdv": 26.08187384250993,
  "summary_csf_k": -0.2732211951363688,
  "summary_csf_mad": 152.72375825180129,
  "summary_csf_mean": 476.66445690974507,
  "summary_csf_median": 480.55514377355576,
  "summary_csf_n": 423932.43649057765,
  "summary_csf_p05": 82.4348386824131,
  "summary_csf_p95": 814.2471545934677,
  "summary_csf_stdv": 212.5070637945829,
  "summary_gm_k": -0.42053619030157563,
  "summary_gm_mad": 70.77839489222255,
  "summary_gm_mean": 787.3373719485761,
  "summary_gm_median": 786.3589699566364,
  "summary_gm_n": 599627.8401658603,
  "summary_gm_p05": 610.5316515415907,
  "summary_gm_p95": 976.833075106144,
  "summary_gm_stdv": 104.16351753557437,
  "summary_wm_k": -0.42199814041226924,
  "summary_wm_mad": 45.9701442446266,
  "summary_wm_mean": 959.1230136150624,
  "summary_wm_median": 972.3314390033484,
  "summary_wm_n": 567817.7242972151,
  "summary_wm_p05": 843.3430952578783,
  "summary_wm_p95": 1032.9607915878296,
  "summary_wm_stdv": 58.09337690330686,
  "tpm_overlap_csf": 0.19910685558215555,
  "tpm_overlap_gm": 0.5129595262615781,
  "tpm_overlap_wm": 0.5404178992317134,
  "wm2max": 0.8708110446821901
}