{
  "bids_meta": {
    "InstitutionName": "HH",
    "dataset": "<unset>",
    "modality": "T1w",
    "subject_id": "0784"
  },
  "cjv": 0.7873904284295968,
  "cnr": 1.2183067142166142,
  "efc": 0.6131080954234988,
  "fber": -1.0,
  "fwhm_avg": 4.932244841681267,
  "fwhm_x": 4.304851539534881,
  "fwhm_y": 5.476928,
  "fwhm_z": 5.014954985508918,
  "icvs_csf": 0.261131579465152,
  "icvs_gm": 0.3620359065386995,
  "icvs_wm": 0.3768325139961486,
  "inu_med": 0.3555558770895004,
  "inu_range": 0.16901869922876356,
  "provenance": {
    "md5sum": "25ba2eed2717b598f694d087575924c6",
    "settings": {
      "testing": false
    },
    "software": "mriqc",
    "version": "23.1.0",
    "warnings": {
      "large_rot_frame": true,
      "small_air_mask": false
    }
  },
  "qi_1": 0.0,
  "qi_2": 0.0032829452602651105,
  "rpve_csf": 6.02858630088468,
  "rpve_gm": 5.9107694491863585,
  "rpve_wm": 5.979449039402656,
  "size_x": 150,
  "size_y": 256,
  "size_z": 256,
  "snr_csf": 2.496988954705079,
  "snr_gm": 7.363255669345216,
  "snr_total": 9.236702864473388,
  "snr_wm": 17.849863969369874,
  "snrd_csf": 36.51811550398427,
  "snrd_gm": 61.73533655874167,
  "snrd_total": 57.128565822344854,
  "snrd_wm": 73.13224540430862,
  "spacing_x": 1.1999995708465576,
  "spacing_y": 0.9375,
  "spacing_z": 0.9374999403953552,
  "summary_bg_k": 2070.7515923675146,
  "summary_bg_mad": 0.0,
  "summary_bg_mean": 1.6836568591483718,
  "summary_bg_median": 0.0,
  "summary_bg_n": 2658658.0,
  "summary_bg_p05": 0.0,
  "summary_bg_p95": 9.750340208411217,
  "summary_bg_stdv": 8.753899396460081,
  "summary_csf_k": -0.04554996721470417,
  "summary_csf_mad": 154.83004057471476,
  "summary_csf_mean": 495.0239972615286,
  "summary_csf_median": 487.9532098509371,
  "summary_csf_n": 420368.0502301961,
  "summary_csf_p05": 155.46660874411464,
  "summary_csf_p95": 827.4703194238245,
  "summary_csf_stdv": 195.41641485560592,
  "summary_gm_k": 0.4740605763543879,
  "summary_gm_mad": 71.29029386658857,
  "summary_gm_mean": 822.3574189754074,
  "summary_gm_median": 824.9044404216111,
  "summary_gm_n": 582803.2306805089,
  "summary_gm_p05": 630.2568593136966,
  "summary_gm_p95": 1008.3904478698969,
  "summary_gm_stdv": 112.02975555384856,
  "summary_wm_k": -0.32398027837077237,
  "summary_wm_mad": 48.617393576040655,
  "summary_wm_mean": 970.7409384867616,
  "summary_wm_median": 977.189359202981,
  "summary_wm_n": 606622.7206083424,
  "summary_wm_p05": 870.0639108605683,
  "summary_wm_p95": 1050.085981655866,
  "summary_wm_stdv": 54.7448739914938,
  "tpm_overlap_csf": 0.20316362688363862,
  "tpm_overlap_gm": 0.5072374273819548,
  "tpm_overlap_wm": 0.5530593339798787,
  "wm2max": 0.6937633373856613
}