{
  "bids_meta": {
    "InstitutionName": "HH",
    "dataset": "<unset>",
    "modality": "T1w",
    "subject_id": "0260"
  },
  "cjv": 0.810824910699513,
  "cnr": 1.140022995209959,
  "efc": 0.5677520509463744,
  "fber": -1.0,
  "fwhm_avg": 4.858454984847564,
  "fwhm_x": 4.250329986186689,
  "fwhm_y": 5.579872,
  "fwhm_z": 4.745162968356004,
  "icvs_csf": 0.2779230349208518,
  "icvs_gm": 0.35235865336914973,
  "icvs_wm": 0.3697183117099984,
  "inu_med": 0.44109661877155304,
  "inu_range": 0.16534066945314407,
  "provenance": {
    "md5sum": "b2394fb80018d293a0eab83023ab4d72",
    "settings": {
      "testing": false
    },
    "software": "mriqc",
    "version": "23.1.0",
    "warnings": {
      "large_rot_frame": true,
      "small_air_mask": false
    }
  },
  "qi_1": 0.0,
  "qi_2": 0.0013475351730846015,
  "rpve_csf": 8.511627273572623,
  "rpve_gm": 8.375265189867687,
  "rpve_wm": 8.441415046138143,
  "size_x": 150,
  "size_y": 256,
  "size_z": 256,
  "snr_csf": 2.2263675366485582,
  "snr_gm": 5.73893664927513,
  "snr_total": 6.926047873909686,
  "snr_wm": 12.81283943580537,
  "snrd_csf": 47.85687181463397,
  "snrd_gm": 95.23303534244614,
  "snrd_total": 86.6404904930324,
  "snrd_wm": 116.83156432201706,
  "spacing_x": 1.2000056505203247,
  "spacing_y": 0.9375,
  "spacing_z": 0.9374999403953552,
  "summary_bg_k": 29.818205138561694,
  "summary_bg_mad": 0.0,
  "summary_bg_mean": 1.8770716314350484,
  "summary_bg_median": 0.0,
  "summary_bg_n": 3125961.0,
  "summary_bg_p05": 0.0,
  "summary_bg_p95": 12.51570151373744,
  "summary_bg_stdv": 5.33612863072058,
  "summary_csf_k": -0.13972515675896613,
  "summary_csf_mad": 129.92420261734233,
  "summary_csf_mean": 399.4100151164754,
  "summary_csf_median": 389.79733665660024,
  "summary_csf_n": 318366.95116661134,
  "summary_csf_p05": 87.3156897649169,
  "summary_csf_p95": 713.3044567964971,
  "summary_csf_stdv": 175.08192967115428,
  "summary_gm_k": -0.30927504684907214,
  "summary_gm_mad": 74.35744653926409,
  "summary_gm_mean": 765.7470660934865,
  "summary_gm_median": 775.6792730204761,
  "summary_gm_n": 403634.5897786269,
  "summary_gm_p05": 523.9846680760384,
  "summary_gm_p95": 989.2156993895769,
  "summary_gm_stdv": 135.16063332911466,
  "summary_wm_k": -0.8000584327267526,
  "summary_wm_mad": 68.28402694377367,
  "summary_wm_mean": 935.8545046427904,
  "summary_wm_median": 951.6006977334619,
  "summary_wm_n": 423520.46034291445,
  "summary_wm_p05": 800.7785731628537,
  "summary_wm_p95": 1035.5441641248763,
  "summary_wm_stdv": 74.2692187051316,
  "tpm_overlap_csf": 0.18005279590532672,
  "tpm_overlap_gm": 0.5043257638685154,
  "tpm_overlap_wm": 0.5563460542626337,
  "wm2max": 0.7257819512531934
}