{
  "bids_meta": {
    "InstitutionName": "HH",
    "dataset": "<unset>",
    "modality": "T1w",
    "subject_id": "0163"
  },
  "cjv": 0.685304330271179,
  "cnr": 1.3265245450185574,
  "efc": 0.6055511962165016,
  "fber": -1.0,
  "fwhm_avg": 4.7846180199613535,
  "fwhm_x": 4.183859393217394,
  "fwhm_y": 5.366133333333334,
  "fwhm_z": 4.803861333333333,
  "icvs_csf": 0.2670914259901311,
  "icvs_gm": 0.366962633289317,
  "icvs_wm": 0.365945940720552,
  "inu_med": 0.38305939733982086,
  "inu_range": 0.18814523965120317,
  "provenance": {
    "md5sum": "ade01a723eb72a312a908981286d4bea",
    "settings": {
      "testing": false
    },
    "software": "mriqc",
    "version": "23.1.0",
    "warnings": {
      "large_rot_frame": true,
      "small_air_mask": false
    }
  },
  "qi_1": 0.0,
  "qi_2": 0.0022418053041754035,
  "rpve_csf": 6.103126472023509,
  "rpve_gm": 5.981388711193159,
  "rpve_wm": 6.0521306944021145,
  "size_x": 150,
  "size_y": 256,
  "size_z": 256,
  "snr_csf": 2.3266468954345365,
  "snr_gm": 7.060339501535352,
  "snr_total": 7.968968073629636,
  "snr_wm": 14.519917823919018,
  "snrd_csf": 61.084798997186326,
  "snrd_gm": 106.94581094539848,
  "snrd_total": 99.44943199987868,
  "snrd_wm": 130.31768605705125,
  "spacing_x": 1.1999973058700562,
  "spacing_y": 0.9375,
  "spacing_z": 0.9375,
  "summary_bg_k": 4132.800531716829,
  "summary_bg_mad": 0.0,
  "summary_bg_mean": 0.9996795205695209,
  "summary_bg_median": 0.0,
  "summary_bg_n": 2853449.0,
  "summary_bg_p05": 0.0,
  "summary_bg_p95": 7.729197598993778,
  "summary_bg_stdv": 4.846536850491983,
  "summary_csf_k": -0.02920697058098698,
  "summary_csf_mad": 151.202585409671,
  "summary_csf_mean": 464.78132192845226,
  "summary_csf_median": 451.8902160599828,
  "summary_csf_n": 424645.4533620919,
  "summary_csf_p05": 123.97326841950417,
  "summary_csf_p95": 796.8216019794345,
  "summary_csf_stdv": 194.2235776588904,
  "summary_gm_k": -0.1161246766939854,
  "summary_gm_mad": 65.20091476895269,
  "summary_gm_mean": 789.8527316449583,
  "summary_gm_median": 791.1586255207658,
  "summary_gm_n": 583429.4874963411,
  "summary_gm_p05": 595.122706219554,
  "summary_gm_p95": 986.6333489567041,
  "summary_gm_stdv": 112.05664363933586,
  "summary_wm_k": -0.5115009584797194,
  "summary_wm_mad": 53.28775458785054,
  "summary_wm_mean": 948.641139752926,
  "summary_wm_median": 964.0579698309302,
  "summary_wm_n": 581813.0601805161,
  "summary_wm_p05": 819.7030879408121,
  "summary_wm_p95": 1033.5952393189073,
  "summary_wm_stdv": 66.39549569267179,
  "tpm_overlap_csf": 0.20354972830609636,
  "tpm_overlap_gm": 0.5117768806685883,
  "tpm_overlap_wm": 0.5657731118221563,
  "wm2max": 0.7685252968927933
}