{
  "bids_meta": {
    "InstitutionName": "HH",
    "dataset": "<unset>",
    "modality": "T1w",
    "subject_id": "0331"
  },
  "cjv": 0.6425325926336575,
  "cnr": 1.4967732643640292,
  "efc": 0.6124576291159584,
  "fber": -1.0,
  "fwhm_avg": 4.732303701906233,
  "fwhm_x": 4.162073466146873,
  "fwhm_y": 5.218122666666667,
  "fwhm_z": 4.8167149729051575,
  "icvs_csf": 0.264555610903946,
  "icvs_gm": 0.37675761817119746,
  "icvs_wm": 0.35868677092485657,
  "inu_med": 0.3686181902885437,
  "inu_range": 0.14910846948623657,
  "provenance": {
    "md5sum": "06c1d6eff2666a4f257c0d70525f182f",
    "settings": {
      "testing": false
    },
    "software": "mriqc",
    "version": "23.1.0",
    "warnings": {
      "large_rot_frame": true,
      "small_air_mask": false
    }
  },
  "qi_1": 0.0,
  "qi_2": 0.0024915775572735607,
  "rpve_csf": 6.773708871322106,
  "rpve_gm": 6.666651687344595,
  "rpve_wm": 6.749636344549264,
  "size_x": 150,
  "size_y": 256,
  "size_z": 256,
  "snr_csf": 2.5445880524728834,
  "snr_gm": 7.087535240133802,
  "snr_total": 7.981798574928668,
  "snr_wm": 14.313272432179316,
  "snrd_csf": 95.1750659677203,
  "snrd_gm": 151.10600357391556,
  "snrd_total": 144.9718856319179,
  "snrd_wm": 188.6345873541179,
  "spacing_x": 1.1999956369400024,
  "spacing_y": 0.9375,
  "spacing_z": 0.9374999403953552,
  "summary_bg_k": 106.18528490602037,
  "summary_bg_mad": 0.0,
  "summary_bg_mean": 0.9969887572036509,
  "summary_bg_median": 0.0,
  "summary_bg_n": 3027998.0,
  "summary_bg_p05": 0.0,
  "summary_bg_p95": 8.027915842831135,
  "summary_bg_stdv": 3.3518542177751764,
  "summary_csf_k": 0.2453171690577034,
  "summary_csf_mad": 134.63775244576482,
  "summary_csf_mean": 494.87527339664854,
  "summary_csf_median": 486.9412633627653,
  "summary_csf_n": 378653.41961584263,
  "summary_csf_p05": 159.72341360896826,
  "summary_csf_p95": 802.2349821180105,
  "summary_csf_stdv": 191.36324243069927,
  "summary_gm_k": -0.3928138383737467,
  "summary_gm_mad": 70.61975464210907,
  "summary_gm_mean": 774.8731400673611,
  "summary_gm_median": 773.0989995524287,
  "summary_gm_n": 539246.0209004623,
  "summary_gm_p05": 591.4326159730554,
  "summary_gm_p95": 974.7602455243468,
  "summary_gm_stdv": 109.07858042681286,
  "summary_wm_k": -0.47279996039503214,
  "summary_wm_mad": 52.75057627648777,
  "summary_wm_mean": 948.9325200899035,
  "summary_wm_median": 965.1053387373686,
  "summary_wm_n": 513381.5605633618,
  "summary_wm_p05": 815.9145507141948,
  "summary_wm_p95": 1033.8028905764222,
  "summary_wm_stdv": 67.42723603987221,
  "tpm_overlap_csf": 0.20444521117467743,
  "tpm_overlap_gm": 0.5249088350753228,
  "tpm_overlap_wm": 0.547854252306963,
  "wm2max": 0.83604708179057
}