{
  "bids_meta": {
    "InstitutionName": "HH",
    "dataset": "<unset>",
    "modality": "T1w",
    "subject_id": "0738"
  },
  "cjv": 0.7976115809596864,
  "cnr": 1.1123205568807106,
  "efc": 0.5254735515564434,
  "fber": -1.0,
  "fwhm_avg": 5.025492057230502,
  "fwhm_x": 4.467996171691507,
  "fwhm_y": 5.694965333333333,
  "fwhm_z": 4.913514666666667,
  "icvs_csf": 0.26659430625998093,
  "icvs_gm": 0.34638039843614926,
  "icvs_wm": 0.3870252953038699,
  "inu_med": 0.3687290847301483,
  "inu_range": 0.15398773998022075,
  "provenance": {
    "md5sum": "fa4fb5f7abea706f966e28764ccc6c0e",
    "settings": {
      "testing": false
    },
    "software": "mriqc",
    "version": "23.1.0",
    "warnings": {
      "large_rot_frame": true,
      "small_air_mask": false
    }
  },
  "qi_1": 0.0,
  "qi_2": 0.0014237858668518996,
  "rpve_csf": 8.079906005636895,
  "rpve_gm": 7.952780064463663,
  "rpve_wm": 8.011438136533384,
  "size_x": 150,
  "size_y": 256,
  "size_z": 256,
  "snr_csf": 2.3383609748923595,
  "snr_gm": 5.892732279159263,
  "snr_total": 8.23406594889538,
  "snr_wm": 16.471104592634514,
  "snrd_csf": 56.221851353306484,
  "snrd_gm": 117.29104936145622,
  "snrd_total": 104.975595259575,
  "snrd_wm": 141.4138850639623,
  "spacing_x": 1.2000032663345337,
  "spacing_y": 0.9375,
  "spacing_z": 0.9375,
  "summary_bg_k": 46.32685324852103,
  "summary_bg_mad": 0.0,
  "summary_bg_mean": 1.6809324422095158,
  "summary_bg_median": 0.0,
  "summary_bg_n": 2898385.0,
  "summary_bg_p05": 0.0,
  "summary_bg_p95": 11.576083488762379,
  "summary_bg_stdv": 4.527806180022639,
  "summary_csf_k": 0.08080807102444698,
  "summary_csf_mad": 133.35438927209097,
  "summary_csf_mean": 409.6729471060042,
  "summary_csf_median": 388.562818383798,
  "summary_csf_n": 321943.0170001635,
  "summary_csf_p05": 122.82224581576884,
  "summary_csf_p95": 710.4473958723247,
  "summary_csf_stdv": 166.16861942626696,
  "summary_gm_k": -0.1038678914651463,
  "summary_gm_mad": 78.70826630653916,
  "summary_gm_mean": 801.0496012179507,
  "summary_gm_median": 810.6268223840743,
  "summary_gm_n": 418293.8190491742,
  "summary_gm_p05": 555.3278771229088,
  "summary_gm_p95": 1016.6579563170671,
  "summary_gm_stdv": 137.56366571789079,
  "summary_wm_k": -0.5707978542241587,
  "summary_wm_mad": 54.26854297018683,
  "summary_wm_mean": 967.6026259355485,
  "summary_wm_median": 977.3455767892301,
  "summary_wm_n": 467377.1656023213,
  "summary_wm_p05": 857.070069340989,
  "summary_wm_p95": 1049.9739245977253,
  "summary_wm_stdv": 59.336914881932685,
  "tpm_overlap_csf": 0.1765912873871818,
  "tpm_overlap_gm": 0.4787700608957912,
  "tpm_overlap_wm": 0.5228404142740897,
  "wm2max": 0.7801515431528369
}