{
  "bids_meta": {
    "InstitutionName": "HH",
    "dataset": "<unset>",
    "modality": "T1w",
    "subject_id": "0661"
  },
  "cjv": 0.7716699037144209,
  "cnr": 1.0586701981070854,
  "efc": 0.6675941488780134,
  "fber": -1.0,
  "fwhm_avg": 4.869180616746315,
  "fwhm_x": 4.200469850238945,
  "fwhm_y": 5.570933333333333,
  "fwhm_z": 4.836138666666667,
  "icvs_csf": 0.26349732317722113,
  "icvs_gm": 0.35380880226623884,
  "icvs_wm": 0.3826938745565401,
  "inu_med": 0.4046555161476135,
  "inu_range": 0.17800574302673344,
  "provenance": {
    "md5sum": "79572991c9e155f1702ade4f84ed95fa",
    "settings": {
      "testing": false
    },
    "software": "mriqc",
    "version": "23.1.0",
    "warnings": {
      "large_rot_frame": true,
      "small_air_mask": false
    }
  },
  "qi_1": 0.0,
  "qi_2": 0.0024230653390017757,
  "rpve_csf": 6.022363897652637,
  "rpve_gm": 5.876618909673332,
  "rpve_wm": 5.941857638614721,
  "size_x": 150,
  "size_y": 256,
  "size_z": 256,
  "snr_csf": 2.454049719018351,
  "snr_gm": 6.115798655338034,
  "snr_total": 7.281998207223492,
  "snr_wm": 13.27614624731409,
  "snrd_csf": 10.084551806948863,
  "snrd_gm": 19.330300230281807,
  "snrd_total": 17.54390320602343,
  "snrd_wm": 23.216857580839623,
  "spacing_x": 1.1999967098236084,
  "spacing_y": 0.9375,
  "spacing_z": 0.9375,
  "summary_bg_k": 395.43200503606016,
  "summary_bg_mad": 0.0,
  "summary_bg_mean": 3.523156899905244,
  "summary_bg_median": 0.0,
  "summary_bg_n": 2884109.0,
  "summary_bg_p05": 0.0,
  "summary_bg_p95": 14.08752366527915,
  "summary_bg_stdv": 27.064319087611057,
  "summary_csf_k": 0.7333250729594338,
  "summary_csf_mad": 116.72355913106233,
  "summary_csf_mean": 441.97264389326665,
  "summary_csf_median": 416.60260055586696,
  "summary_csf_n": 425135.8040012023,
  "summary_csf_p05": 144.2018075361848,
  "summary_csf_p95": 762.2383555993438,
  "summary_csf_stdv": 169.76107181645884,
  "summary_gm_k": 0.10813631106340171,
  "summary_gm_mad": 62.06076559433244,
  "summary_gm_mean": 792.284880905033,
  "summary_gm_median": 798.5534210763872,
  "summary_gm_n": 570847.5053956946,
  "summary_gm_p05": 556.8730061389506,
  "summary_gm_p95": 1004.0951795987785,
  "summary_gm_stdv": 130.5721078527654,
  "summary_wm_k": -0.4984067000982213,
  "summary_wm_mad": 61.83658462288994,
  "summary_wm_mean": 945.1155980665519,
  "summary_wm_median": 959.1108687892556,
  "summary_wm_n": 617451.6920481367,
  "summary_wm_p05": 811.658094253391,
  "summary_wm_p95": 1044.2660431452096,
  "summary_wm_stdv": 72.24310987943726,
  "tpm_overlap_csf": 0.20131798060722875,
  "tpm_overlap_gm": 0.4984470424304399,
  "tpm_overlap_wm": 0.5479974230263758,
  "wm2max": 0.6463435345266805
}