{
  "bids_meta": {
    "InstitutionName": "HH",
    "dataset": "<unset>",
    "modality": "T1w",
    "subject_id": "0220"
  },
  "cjv": 0.7701885492627971,
  "cnr": 1.086597979707,
  "efc": 0.6183187483173308,
  "fber": -1.0,
  "fwhm_avg": 4.983607805951447,
  "fwhm_x": 4.437106393870897,
  "fwhm_y": 5.648064000000001,
  "fwhm_z": 4.8656530239834455,
  "icvs_csf": 0.2640047633661213,
  "icvs_gm": 0.35111441592991655,
  "icvs_wm": 0.3848808207039623,
  "inu_med": 0.46843917667865753,
  "inu_range": 0.27729206234216686,
  "provenance": {
    "md5sum": "4abedfd17730f75e31a9b84fe1461768",
    "settings": {
      "testing": false
    },
    "software": "mriqc",
    "version": "23.1.0",
    "warnings": {
      "large_rot_frame": true,
      "small_air_mask": false
    }
  },
  "qi_1": 0.0,
  "qi_2": 0.0038566922987081777,
  "rpve_csf": 6.801415782240534,
  "rpve_gm": 6.665437376295932,
  "rpve_wm": 6.732080653380408,
  "size_x": 150,
  "size_y": 256,
  "size_z": 256,
  "snr_csf": 2.3036447895885996,
  "snr_gm": 5.135762973722003,
  "snr_total": 6.7899607893788305,
  "snr_wm": 12.930474604825887,
  "snrd_csf": 27.86319216434559,
  "snrd_gm": 59.30279930197981,
  "snrd_total": 53.48808380119082,
  "snrd_wm": 73.29825993724705,
  "spacing_x": 1.200000524520874,
  "spacing_y": 0.9375,
  "spacing_z": 0.9375000596046448,
  "summary_bg_k": 2842.7358919127246,
  "summary_bg_mad": 0.0,
  "summary_bg_mean": 0.8912310941955759,
  "summary_bg_median": 0.0,
  "summary_bg_n": 2154742.0,
  "summary_bg_p05": 0.0,
  "summary_bg_p95": 5.358714094385505,
  "summary_bg_stdv": 8.614834436358583,
  "summary_csf_k": 0.45096765056958965,
  "summary_csf_mad": 110.71393420144078,
  "summary_csf_mean": 385.55869033226116,
  "summary_csf_median": 366.3920786026865,
  "summary_csf_n": 377770.2247491213,
  "summary_csf_p05": 90.21835072338581,
  "summary_csf_p95": 676.2377263884991,
  "summary_csf_stdv": 159.0486499124765,
  "summary_gm_k": -0.19728664608686364,
  "summary_gm_mad": 75.14001746409815,
  "summary_gm_mean": 763.3331772814164,
  "summary_gm_median": 779.8128719441593,
  "summary_gm_n": 502417.3432604143,
  "summary_gm_p05": 479.99148534983397,
  "summary_gm_p95": 1004.3723187949508,
  "summary_gm_stdv": 151.8395805789621,
  "summary_wm_k": -0.7363143099914886,
  "summary_wm_mad": 66.60227744713592,
  "summary_wm_mean": 947.5526904083752,
  "summary_wm_median": 963.8487097229809,
  "summary_wm_n": 550734.4348076269,
  "summary_wm_p05": 808.7925844844431,
  "summary_wm_p95": 1046.7888069748878,
  "summary_wm_stdv": 74.54079329039125,
  "tpm_overlap_csf": 0.1972002357135275,
  "tpm_overlap_gm": 0.4970025911847926,
  "tpm_overlap_wm": 0.5484631401575155,
  "wm2max": 0.740157641519091
}