{
  "bids_meta": {
    "InstitutionName": "HH",
    "dataset": "<unset>",
    "modality": "T1w",
    "subject_id": "0905"
  },
  "cjv": 0.7015868073618058,
  "cnr": 1.411054885201082,
  "efc": 0.6059961463895275,
  "fber": -1.0,
  "fwhm_avg": 4.942633732985154,
  "fwhm_x": 4.324370532288796,
  "fwhm_y": 5.6656320000000004,
  "fwhm_z": 4.837898666666666,
  "icvs_csf": 0.2668375885860825,
  "icvs_gm": 0.36486790791792845,
  "icvs_wm": 0.36829450349598924,
  "inu_med": 0.3433949947357178,
  "inu_range": 0.1398173928260803,
  "provenance": {
    "md5sum": "0389ba84f821fbdf02d7144ae0ba176d",
    "settings": {
      "testing": false
    },
    "software": "mriqc",
    "version": "23.1.0",
    "warnings": {
      "large_rot_frame": true,
      "small_air_mask": false
    }
  },
  "qi_1": 0.0,
  "qi_2": 0.0011578418569405792,
  "rpve_csf": 7.81880260455619,
  "rpve_gm": 7.714417564401808,
  "rpve_wm": 7.777634115130799,
  "size_x": 150,
  "size_y": 256,
  "size_z": 256,
  "snr_csf": 2.339361518075635,
  "snr_gm": 7.5515246116980235,
  "snr_total": 9.330908824796666,
  "snr_wm": 18.10184034461634,
  "snrd_csf": 48.12367231322459,
  "snrd_gm": 86.17284733029003,
  "snrd_total": 79.50960619741271,
  "snrd_wm": 104.2322989487235,
  "spacing_x": 1.2000012397766113,
  "spacing_y": 0.9375,
  "spacing_z": 0.9375,
  "summary_bg_k": 23.29581253268947,
  "summary_bg_mad": 0.0,
  "summary_bg_mean": 2.204427222689792,
  "summary_bg_median": 0.0,
  "summary_bg_n": 2897219.0,
  "summary_bg_p05": 0.0,
  "summary_bg_p95": 14.894515108317137,
  "summary_bg_stdv": 6.126618870594965,
  "summary_csf_k": -0.21995460866709138,
  "summary_csf_mad": 157.67664959531228,
  "summary_csf_mean": 460.10716526045053,
  "summary_csf_median": 450.03666246682405,
  "summary_csf_n": 332536.4720645326,
  "summary_csf_p05": 126.18099664896727,
  "summary_csf_p95": 793.5664265993983,
  "summary_csf_stdv": 192.37556158651347,
  "summary_gm_k": -0.5127789114130437,
  "summary_gm_mad": 72.34536911825052,
  "summary_gm_mean": 804.4990347532714,
  "summary_gm_median": 805.859959218651,
  "summary_gm_n": 454703.13051286136,
  "summary_gm_p05": 620.4121308103204,
  "summary_gm_p95": 990.5074853226542,
  "summary_gm_stdv": 106.7147515921814,
  "summary_wm_k": -0.5589890024201956,
  "summary_wm_mad": 46.14283223943085,
  "summary_wm_mean": 964.7034349044404,
  "summary_wm_median": 974.7459760513157,
  "summary_wm_n": 458973.3984715777,
  "summary_wm_p05": 860.6362058259547,
  "summary_wm_p95": 1037.0139414519072,
  "summary_wm_stdv": 53.84783511607457,
  "tpm_overlap_csf": 0.19604246049106533,
  "tpm_overlap_gm": 0.5158530626600475,
  "tpm_overlap_wm": 0.5584635997452541,
  "wm2max": 0.7807097199223688
}