{
  "bids_meta": {
    "InstitutionName": "HH",
    "dataset": "<unset>",
    "modality": "T1w",
    "subject_id": "0449"
  },
  "cjv": 0.6459356917591185,
  "cnr": 1.5673312799090864,
  "efc": 0.6337853002474162,
  "fber": -1.0,
  "fwhm_avg": 4.995600547369028,
  "fwhm_x": 4.395430975440416,
  "fwhm_y": 5.722912,
  "fwhm_z": 4.868458666666667,
  "icvs_csf": 0.25169470379042763,
  "icvs_gm": 0.38346298975828635,
  "icvs_wm": 0.364842306451286,
  "inu_med": 0.36798495054244995,
  "inu_range": 0.20602966547012325,
  "provenance": {
    "md5sum": "43ae5c90277fa1706cd2cbdbd8808222",
    "settings": {
      "testing": false
    },
    "software": "mriqc",
    "version": "23.1.0",
    "warnings": {
      "large_rot_frame": true,
      "small_air_mask": false
    }
  },
  "qi_1": 0.0,
  "qi_2": 0.0028908516361459803,
  "rpve_csf": 6.062293960489873,
  "rpve_gm": 5.971004650414096,
  "rpve_wm": 6.045268278377768,
  "size_x": 150,
  "size_y": 256,
  "size_z": 256,
  "snr_csf": 2.39781238312032,
  "snr_gm": 8.370258056693089,
  "snr_total": 9.458139880218932,
  "snr_wm": 17.606349200843383,
  "snrd_csf": 29.76121308055708,
  "snrd_gm": 45.32216673367244,
  "snrd_total": 43.42163460608156,
  "snrd_wm": 55.18152400401515,
  "spacing_x": 1.2000006437301636,
  "spacing_y": 0.9375,
  "spacing_z": 0.9375,
  "summary_bg_k": 1040.9707980985672,
  "summary_bg_mad": 0.0,
  "summary_bg_mean": 1.3763435268504036,
  "summary_bg_median": 0.0,
  "summary_bg_n": 2139490.0,
  "summary_bg_p05": 0.0,
  "summary_bg_p95": 6.645837739109993,
  "summary_bg_stdv": 11.460587781908337,
  "summary_csf_k": 0.45145223519137767,
  "summary_csf_mad": 144.97060969780983,
  "summary_csf_mean": 514.9052499407958,
  "summary_csf_median": 520.6259261518717,
  "summary_csf_n": 402142.44456674065,
  "summary_csf_p05": 96.66913779079914,
  "summary_csf_p95": 843.385934278369,
  "summary_csf_stdv": 217.1251105804428,
  "summary_gm_k": -0.3754747026925216,
  "summary_gm_mad": 66.26330603030138,
  "summary_gm_mean": 795.9029174310429,
  "summary_gm_median": 792.8404990434647,
  "summary_gm_n": 612673.7741397523,
  "summary_gm_p05": 638.5034943372011,
  "summary_gm_p95": 967.856385320425,
  "summary_gm_stdv": 94.72107629657388,
  "summary_wm_k": -0.2730048705171484,
  "summary_wm_mad": 45.14384000879537,
  "summary_wm_mean": 957.3117112415453,
  "summary_wm_median": 965.3145509660244,
  "summary_wm_n": 582922.7821966909,
  "summary_wm_p05": 851.0908696651459,
  "summary_wm_p95": 1033.017368093133,
  "summary_wm_stdv": 54.827591567036045,
  "tpm_overlap_csf": 0.2207499690588918,
  "tpm_overlap_gm": 0.5277108610942411,
  "tpm_overlap_wm": 0.5533293362549633,
  "wm2max": 0.6891246097790326
}