{
  "bids_meta": {
    "InstitutionName": "HH",
    "dataset": "<unset>",
    "modality": "T1w",
    "subject_id": "0056"
  },
  "cjv": 0.7970758458108286,
  "cnr": 1.1874981840156384,
  "efc": 0.5940710468696591,
  "fber": -1.0,
  "fwhm_avg": 4.996491650461752,
  "fwhm_x": 4.36906961805192,
  "fwhm_y": 5.567637333333334,
  "fwhm_z": 5.052768,
  "icvs_csf": 0.26128844863188294,
  "icvs_gm": 0.36338124005188976,
  "icvs_wm": 0.3753303113162273,
  "inu_med": 0.38852541148662567,
  "inu_range": 0.16443167626857758,
  "provenance": {
    "md5sum": "4463c64ef525a44b57a0550ed5578396",
    "settings": {
      "testing": false
    },
    "software": "mriqc",
    "version": "23.1.0",
    "warnings": {
      "large_rot_frame": true,
      "small_air_mask": false
    }
  },
  "qi_1": 0.0,
  "qi_2": 0.001950064143416305,
  "rpve_csf": 7.958568829550924,
  "rpve_gm": 7.823592571467792,
  "rpve_wm": 7.879610787837095,
  "size_x": 150,
  "size_y": 256,
  "size_z": 256,
  "snr_csf": 2.4087526929851295,
  "snr_gm": 7.497161963026684,
  "snr_total": 8.585378148881732,
  "snr_wm": 15.850219790633385,
  "snrd_csf": 35.73355528085953,
  "snrd_gm": 66.02146851891726,
  "snrd_total": 59.927359471018626,
  "snrd_wm": 78.02705461327908,
  "spacing_x": 1.2000014781951904,
  "spacing_y": 0.9375,
  "spacing_z": 0.9375,
  "summary_bg_k": 114.48069568226298,
  "summary_bg_mad": 0.0,
  "summary_bg_mean": 2.5425957189965844,
  "summary_bg_median": 0.0,
  "summary_bg_n": 2701603.0,
  "summary_bg_p05": 0.0,
  "summary_bg_p95": 17.004159227013588,
  "summary_bg_stdv": 8.089236545672536,
  "summary_csf_k": -0.29692998403960047,
  "summary_csf_mad": 159.15761894925404,
  "summary_csf_mean": 456.0288981573743,
  "summary_csf_median": 441.21679284609854,
  "summary_csf_n": 320262.81948792643,
  "summary_csf_p05": 156.99135716445744,
  "summary_csf_p95": 781.6428031772375,
  "summary_csf_stdv": 183.17202313670398,
  "summary_gm_k": 0.22908650913487705,
  "summary_gm_mad": 66.00788624933934,
  "summary_gm_mean": 815.360808089959,
  "summary_gm_median": 815.1940205767751,
  "summary_gm_n": 445398.56659333623,
  "summary_gm_p05": 629.8623980339617,
  "summary_gm_p95": 997.6687615290284,
  "summary_gm_stdv": 108.7335593745745,
  "summary_wm_k": -0.2906830587765974,
  "summary_wm_mad": 52.148940933127946,
  "summary_wm_mean": 954.9411019175253,
  "summary_wm_median": 963.4318925477564,
  "summary_wm_n": 460044.6149487703,
  "summary_wm_p05": 843.0771849006414,
  "summary_wm_p95": 1042.1675491835922,
  "summary_wm_stdv": 60.78343759053117,
  "tpm_overlap_csf": 0.18850467483891775,
  "tpm_overlap_gm": 0.5149128702840295,
  "tpm_overlap_wm": 0.5558224438383491,
  "wm2max": 0.777376166414635
}