{
  "bids_meta": {
    "InstitutionName": "HH",
    "dataset": "<unset>",
    "modality": "T1w",
    "subject_id": "0766"
  },
  "cjv": 0.7402805019431367,
  "cnr": 1.3329041587162223,
  "efc": 0.6193007622410336,
  "fber": -1.0,
  "fwhm_avg": 5.400983878316342,
  "fwhm_x": 4.629874301615696,
  "fwhm_y": 6.139701333333333,
  "fwhm_z": 5.433376,
  "icvs_csf": 0.2671685046394965,
  "icvs_gm": 0.36780447315486386,
  "icvs_wm": 0.36502702220563954,
  "inu_med": 0.401421457529068,
  "inu_range": 0.19268435984849924,
  "provenance": {
    "md5sum": "72960325c1f097c0f40cfa5edb6454d8",
    "settings": {
      "testing": false
    },
    "software": "mriqc",
    "version": "23.1.0",
    "warnings": {
      "large_rot_frame": true,
      "small_air_mask": false
    }
  },
  "qi_1": 0.0,
  "qi_2": 0.0016646556215544816,
  "rpve_csf": 6.539716065202455,
  "rpve_gm": 6.417761652255576,
  "rpve_wm": 6.4780679379338855,
  "size_x": 150,
  "size_y": 256,
  "size_z": 256,
  "snr_csf": 2.194238363772065,
  "snr_gm": 7.315648665449486,
  "snr_total": 8.227242826127503,
  "snr_wm": 15.17184144916096,
  "snrd_csf": 51.075302012189276,
  "snrd_gm": 94.47130081757393,
  "snrd_total": 86.65668397450742,
  "snrd_wm": 114.42344909375903,
  "spacing_x": 1.1999980211257935,
  "spacing_y": 0.9375,
  "spacing_z": 0.9375,
  "summary_bg_k": 506.3748088771955,
  "summary_bg_mad": 0.0,
  "summary_bg_mean": 2.102844376441009,
  "summary_bg_median": 0.0,
  "summary_bg_n": 2422785.0,
  "summary_bg_p05": 0.0,
  "summary_bg_p95": 11.315961755812168,
  "summary_bg_stdv": 5.507740027267841,
  "summary_csf_k": -0.42568254438055764,
  "summary_csf_mad": 161.64573797207686,
  "summary_csf_mean": 438.20414707773153,
  "summary_csf_median": 429.39071206748486,
  "summary_csf_n": 397534.44541706285,
  "summary_csf_p05": 98.89278142154217,
  "summary_csf_p95": 776.6957967951894,
  "summary_csf_stdv": 195.6898480535573,
  "summary_gm_k": -0.42374171542665673,
  "summary_gm_mad": 70.7604313080873,
  "summary_gm_mean": 794.8630709229793,
  "summary_gm_median": 794.221424639225,
  "summary_gm_n": 547276.137413086,
  "summary_gm_p05": 610.7796772643924,
  "summary_gm_p95": 984.1294358745217,
  "summary_gm_stdv": 108.56463115523825,
  "summary_wm_k": -0.5159715753554139,
  "summary_wm_mad": 53.412712664814286,
  "summary_wm_mean": 950.2209243283156,
  "summary_wm_median": 961.9593883529305,
  "summary_wm_n": 543143.418160632,
  "summary_wm_p05": 830.1964323073626,
  "summary_wm_p95": 1036.3727423027158,
  "summary_wm_stdv": 63.40420218782926,
  "tpm_overlap_csf": 0.19124272191095412,
  "tpm_overlap_gm": 0.5226727303373229,
  "tpm_overlap_wm": 0.5496065098682785,
  "wm2max": 0.6845305481503122
}