{
  "bids_meta": {
    "InstitutionName": "HH",
    "dataset": "<unset>",
    "modality": "T1w",
    "subject_id": "0512"
  },
  "cjv": 0.7719163290780906,
  "cnr": 1.231331634820942,
  "efc": 0.6477254406434474,
  "fber": -1.0,
  "fwhm_avg": 4.805422476942923,
  "fwhm_x": 4.1015687641621,
  "fwhm_y": 5.6069439999999995,
  "fwhm_z": 4.707754666666667,
  "icvs_csf": 0.2658379193338544,
  "icvs_gm": 0.36785398123309776,
  "icvs_wm": 0.3663080994330477,
  "inu_med": 0.3928493559360504,
  "inu_range": 0.16981315910816186,
  "provenance": {
    "md5sum": "8a43cc2509058f4f433cbfb470a50ea9",
    "settings": {
      "testing": false
    },
    "software": "mriqc",
    "version": "23.1.0",
    "warnings": {
      "large_rot_frame": true,
      "small_air_mask": false
    }
  },
  "qi_1": 0.0,
  "qi_2": 0.0012650085417642378,
  "rpve_csf": 6.609358993112065,
  "rpve_gm": 6.477044532606736,
  "rpve_wm": 6.548300096099541,
  "size_x": 150,
  "size_y": 256,
  "size_z": 256,
  "snr_csf": 2.493271698975471,
  "snr_gm": 7.141938549302008,
  "snr_total": 7.937238943251855,
  "snr_wm": 14.176506581478087,
  "snrd_csf": 17.382713235379683,
  "snrd_gm": 28.966324982706304,
  "snrd_total": 27.07037719316985,
  "snrd_wm": 34.86209336142356,
  "spacing_x": 1.1999969482421875,
  "spacing_y": 0.9375,
  "spacing_z": 0.9375,
  "summary_bg_k": 1591.4059611617251,
  "summary_bg_mad": 0.0,
  "summary_bg_mean": 1.948169192418717,
  "summary_bg_median": 0.0,
  "summary_bg_n": 3790282.0,
  "summary_bg_p05": 0.0,
  "summary_bg_p95": 12.080874102190137,
  "summary_bg_stdv": 18.043181912725522,
  "summary_csf_k": 0.12658548614688625,
  "summary_csf_mad": 144.85301164154373,
  "summary_csf_mean": 486.8302831706239,
  "summary_csf_median": 478.7391710225493,
  "summary_csf_n": 390527.0690024273,
  "summary_csf_p05": 148.96395904384553,
  "summary_csf_p95": 810.1971658803523,
  "summary_csf_stdv": 192.01218955762988,
  "summary_gm_k": -0.083912369066093,
  "summary_gm_mad": 68.62830345896275,
  "summary_gm_mean": 796.8510317287993,
  "summary_gm_median": 797.7646655049175,
  "summary_gm_n": 540392.9487253585,
  "summary_gm_p05": 607.6353163290769,
  "summary_gm_p95": 989.3005197737366,
  "summary_gm_stdv": 111.70131496702437,
  "summary_wm_k": -0.41450360772074824,
  "summary_wm_mad": 56.71237448073808,
  "summary_wm_mean": 946.4778222103305,
  "summary_wm_median": 960.1406552568078,
  "summary_wm_n": 538121.983432256,
  "summary_wm_p05": 820.6454894281924,
  "summary_wm_p95": 1037.9756424557418,
  "summary_wm_stdv": 67.7275291776807,
  "tpm_overlap_csf": 0.20017352759350227,
  "tpm_overlap_gm": 0.5140591662624822,
  "tpm_overlap_wm": 0.5363428024467761,
  "wm2max": 0.6833408348943859
}