{
  "bids_meta": {
    "InstitutionName": "HH",
    "dataset": "<unset>",
    "modality": "T1w",
    "subject_id": "0954"
  },
  "cjv": 0.6603544364033571,
  "cnr": 1.4559322990385284,
  "efc": 0.6420517488297174,
  "fber": -1.0,
  "fwhm_avg": 5.015520482146639,
  "fwhm_x": 4.248332113106582,
  "fwhm_y": 5.911146666666666,
  "fwhm_z": 4.887082666666667,
  "icvs_csf": 0.2619418875336544,
  "icvs_gm": 0.37858916572729306,
  "icvs_wm": 0.35946894673905255,
  "inu_med": 0.4080781787633896,
  "inu_range": 0.2175801396369934,
  "provenance": {
    "md5sum": "a06b1fb620c40f1e13c065aaa57bc4a6",
    "settings": {
      "testing": false
    },
    "software": "mriqc",
    "version": "23.1.0",
    "warnings": {
      "large_rot_frame": true,
      "small_air_mask": false
    }
  },
  "qi_1": 0.0,
  "qi_2": 0.0008265562791675422,
  "rpve_csf": 6.738853905666379,
  "rpve_gm": 6.62343263020005,
  "rpve_wm": 6.691844499035844,
  "size_x": 150,
  "size_y": 256,
  "size_z": 256,
  "snr_csf": 2.140893764597956,
  "snr_gm": 7.576060348306572,
  "snr_total": 7.918486697089718,
  "snr_wm": 14.038505978364624,
  "snrd_csf": 64.07119048409642,
  "snrd_gm": 110.25330054817006,
  "snrd_total": 103.34403798459557,
  "snrd_wm": 135.70762292152025,
  "spacing_x": 1.1999956369400024,
  "spacing_y": 0.9375,
  "spacing_z": 0.9375,
  "summary_bg_k": 53.56598570751354,
  "summary_bg_mad": 0.0,
  "summary_bg_mean": 1.338179833108123,
  "summary_bg_median": 0.0,
  "summary_bg_n": 2409999.0,
  "summary_bg_p05": 0.0,
  "summary_bg_p95": 9.67949067056179,
  "summary_bg_stdv": 4.644459360377335,
  "summary_csf_k": -0.47286449210550163,
  "summary_csf_mad": 161.44688634951586,
  "summary_csf_mean": 457.5579546854997,
  "summary_csf_median": 454.2199767474085,
  "summary_csf_n": 377643.19100523065,
  "summary_csf_p05": 79.06563552841544,
  "summary_csf_p95": 800.7062346283346,
  "summary_csf_stdv": 212.16343513642812,
  "summary_gm_k": -0.38761386999870684,
  "summary_gm_mad": 66.70209227410837,
  "summary_gm_mean": 783.6193625708862,
  "summary_gm_median": 781.6188716478646,
  "summary_gm_n": 545814.2719037023,
  "summary_gm_p05": 609.8819899801165,
  "summary_gm_p95": 972.0233424659818,
  "summary_gm_stdv": 103.16947327518184,
  "summary_wm_k": -0.38161382257246146,
  "summary_wm_mad": 52.46108574577239,
  "summary_wm_mean": 945.4822442604583,
  "summary_wm_median": 962.0722334347665,
  "summary_wm_n": 518248.53745998815,
  "summary_wm_p05": 811.4721987415105,
  "summary_wm_p95": 1032.4707740005106,
  "summary_wm_stdv": 68.5308897343641,
  "tpm_overlap_csf": 0.20291677472040068,
  "tpm_overlap_gm": 0.5364306943142562,
  "tpm_overlap_wm": 0.5566877573449528,
  "wm2max": 0.7583578506411678
}