{
  "bids_meta": {
    "InstitutionName": "HH",
    "dataset": "<unset>",
    "modality": "T1w",
    "subject_id": "0245"
  },
  "cjv": 0.663206821272693,
  "cnr": 1.4911607766740087,
  "efc": 0.6225508430100828,
  "fber": -1.0,
  "fwhm_avg": 4.865014085212001,
  "fwhm_x": 4.196610255636005,
  "fwhm_y": 5.536661333333333,
  "fwhm_z": 4.861770666666667,
  "icvs_csf": 0.2653852247507268,
  "icvs_gm": 0.3731423984077915,
  "icvs_wm": 0.36147237684148176,
  "inu_med": 0.3836487829685211,
  "inu_range": 0.1866423338651657,
  "provenance": {
    "md5sum": "dc9c2290ac78f9d37e6d2b0ff2c53a87",
    "settings": {
      "testing": false
    },
    "software": "mriqc",
    "version": "23.1.0",
    "warnings": {
      "large_rot_frame": true,
      "small_air_mask": false
    }
  },
  "qi_1": 0.0,
  "qi_2": 0.0019801750417112155,
  "rpve_csf": 7.029340880690127,
  "rpve_gm": 6.921457026628461,
  "rpve_wm": 6.989247170037485,
  "size_x": 150,
  "size_y": 256,
  "size_z": 256,
  "snr_csf": 2.3205917043756603,
  "snr_gm": 7.291439262828152,
  "snr_total": 8.288094063751654,
  "snr_wm": 15.252251224051147,
  "snrd_csf": 71.10972018185946,
  "snrd_gm": 126.09530530050053,
  "snrd_total": 117.76002659808778,
  "snrd_wm": 156.07505431190336,
  "spacing_x": 1.199997067451477,
  "spacing_y": 0.9375,
  "spacing_z": 0.9375,
  "summary_bg_k": 482.60628595236494,
  "summary_bg_mad": 0.0,
  "summary_bg_mean": 1.2695626304218492,
  "summary_bg_median": 0.0,
  "summary_bg_n": 2346753.0,
  "summary_bg_p05": 0.0,
  "summary_bg_p95": 8.36249011196196,
  "summary_bg_stdv": 4.056122395018668,
  "summary_csf_k": -0.26821158178202165,
  "summary_csf_mad": 158.71226983994896,
  "summary_csf_mean": 454.24456047681304,
  "summary_csf_median": 440.25904915854335,
  "summary_csf_n": 367241.66660275846,
  "summary_csf_p05": 137.39794584549963,
  "summary_csf_p95": 777.8108384553343,
  "summary_csf_stdv": 189.7181864930108,
  "summary_gm_k": -0.4357431849633149,
  "summary_gm_mad": 72.69713611584125,
  "summary_gm_mean": 783.0659712201834,
  "summary_gm_median": 780.6893216986209,
  "summary_gm_n": 516356.69016668777,
  "summary_gm_p05": 605.3996179867536,
  "summary_gm_p95": 977.220246585086,
  "summary_gm_stdv": 107.06919959120809,
  "summary_wm_k": -0.37877786932054214,
  "summary_wm_mad": 50.40236663901949,
  "summary_wm_mean": 952.6028836473677,
  "summary_wm_median": 966.3018618691713,
  "summary_wm_n": 500207.64429072675,
  "summary_wm_p05": 828.4820693414658,
  "summary_wm_p95": 1034.6162098757923,
  "summary_wm_stdv": 63.35464068702215,
  "tpm_overlap_csf": 0.20368978236919685,
  "tpm_overlap_gm": 0.5191188081089152,
  "tpm_overlap_wm": 0.558093380125441,
  "wm2max": 0.7223335188276757
}