{
  "bids_meta": {
    "InstitutionName": "HH",
    "dataset": "<unset>",
    "modality": "T1w",
    "subject_id": "1012"
  },
  "cjv": 0.7683209027705398,
  "cnr": 1.0926290706843282,
  "efc": 0.6469577656885772,
  "fber": -1.0,
  "fwhm_avg": 4.978258917842045,
  "fwhm_x": 4.432206396012689,
  "fwhm_y": 5.640010666666667,
  "fwhm_z": 4.862559690846781,
  "icvs_csf": 0.2629634978544776,
  "icvs_gm": 0.35199117204890396,
  "icvs_wm": 0.38504533009661834,
  "inu_med": 0.4675256162881851,
  "inu_range": 0.27815581262111655,
  "provenance": {
    "md5sum": "c20809fccf15c0ca9e8fefb0fa73692b",
    "settings": {
      "testing": false
    },
    "software": "mriqc",
    "version": "23.1.0",
    "warnings": {
      "large_rot_frame": true,
      "small_air_mask": false
    }
  },
  "qi_1": 0.0,
  "qi_2": 0.003610544076500527,
  "rpve_csf": 6.835353925922191,
  "rpve_gm": 6.699290372782634,
  "rpve_wm": 6.764872899785338,
  "size_x": 150,
  "size_y": 256,
  "size_z": 256,
  "snr_csf": 2.3319694892549805,
  "snr_gm": 5.21308259751161,
  "snr_total": 6.851579640218986,
  "snr_wm": 13.00968683389037,
  "snrd_csf": 27.81922648239506,
  "snrd_gm": 59.022174313966595,
  "snrd_total": 53.22760227963257,
  "snrd_wm": 72.84140604253605,
  "spacing_x": 1.200000524520874,
  "spacing_y": 0.9375,
  "spacing_z": 0.9375000596046448,
  "summary_bg_k": 2834.099804497413,
  "summary_bg_mad": 0.0,
  "summary_bg_mean": 0.896720763175863,
  "summary_bg_median": 0.0,
  "summary_bg_n": 2159566.0,
  "summary_bg_p05": 0.0,
  "summary_bg_p95": 5.372877791523933,
  "summary_bg_stdv": 8.665409726359636,
  "summary_csf_k": 0.4818119566360184,
  "summary_csf_mad": 110.96415863127697,
  "summary_csf_mean": 387.60021983108004,
  "summary_csf_median": 367.9615355525166,
  "summary_csf_n": 374493.6810130044,
  "summary_csf_p05": 95.77154663391411,
  "summary_csf_p95": 676.2303988412023,
  "summary_csf_stdv": 157.78981927891678,
  "summary_gm_k": -0.22088865630071242,
  "summary_gm_mad": 74.4407797853039,
  "summary_gm_mean": 765.0527019313564,
  "summary_gm_median": 780.6791431084275,
  "summary_gm_n": 501280.48485886556,
  "summary_gm_p05": 486.9707786347717,
  "summary_gm_p95": 1003.5461139008403,
  "summary_gm_stdv": 149.7536917592156,
  "summary_wm_k": -0.7311666777747856,
  "summary_wm_mad": 65.99698881982266,
  "summary_wm_mean": 947.4410462049799,
  "summary_wm_median": 963.4644455760717,
  "summary_wm_n": 548353.8369441212,
  "summary_wm_p05": 809.4509036820382,
  "summary_wm_p95": 1046.153034787625,
  "summary_wm_stdv": 74.05739887294443,
  "tpm_overlap_csf": 0.19948415411708334,
  "tpm_overlap_gm": 0.4982779699436282,
  "tpm_overlap_wm": 0.5514828616371167,
  "wm2max": 0.7390098378830153
}