{
  "bids_meta": {
    "InstitutionName": "HH",
    "dataset": "<unset>",
    "modality": "T1w",
    "subject_id": "0435"
  },
  "cjv": 0.6229062558325694,
  "cnr": 1.609528184116162,
  "efc": 0.6491246572605325,
  "fber": -1.0,
  "fwhm_avg": 5.093504188245174,
  "fwhm_x": 4.323093898068855,
  "fwhm_y": 5.974357333333333,
  "fwhm_z": 4.983061333333334,
  "icvs_csf": 0.25096926367795885,
  "icvs_gm": 0.38618067414976354,
  "icvs_wm": 0.3628500621722777,
  "inu_med": 0.37054575979709625,
  "inu_range": 0.1874284073710441,
  "provenance": {
    "md5sum": "88f961ce2e25114f0809c890e3b811bd",
    "settings": {
      "testing": false
    },
    "software": "mriqc",
    "version": "23.1.0",
    "warnings": {
      "large_rot_frame": true,
      "small_air_mask": false
    }
  },
  "qi_1": 0.0,
  "qi_2": 0.0016440601486595373,
  "rpve_csf": 6.254411655749004,
  "rpve_gm": 6.161469586291004,
  "rpve_wm": 6.229580720927359,
  "size_x": 150,
  "size_y": 256,
  "size_z": 256,
  "snr_csf": 2.1362749176127322,
  "snr_gm": 8.30073295954271,
  "snr_total": 9.168020392955148,
  "snr_wm": 17.06705330171,
  "snrd_csf": 80.00514453786046,
  "snrd_gm": 129.08061654265114,
  "snrd_total": 122.4418411983537,
  "snrd_wm": 158.23976251454954,
  "spacing_x": 1.199997067451477,
  "spacing_y": 0.9375,
  "spacing_z": 0.9375,
  "summary_bg_k": 33.76295190714968,
  "summary_bg_mad": 0.0,
  "summary_bg_mean": 1.226179229302714,
  "summary_bg_median": 0.0,
  "summary_bg_n": 2549151.0,
  "summary_bg_p05": 0.0,
  "summary_bg_p95": 9.72501683048904,
  "summary_bg_stdv": 4.0280119091758415,
  "summary_csf_k": -0.5540459404282667,
  "summary_csf_mad": 166.174139227243,
  "summary_csf_mean": 484.7494700674941,
  "summary_csf_median": 491.9001218583435,
  "summary_csf_n": 389286.9579669263,
  "summary_csf_p05": 66.06304536573589,
  "summary_csf_p95": 837.4606668483466,
  "summary_csf_stdv": 230.26038737155034,
  "summary_gm_k": -0.4472071207461372,
  "summary_gm_mad": 66.16369640118076,
  "summary_gm_mean": 797.0564490579591,
  "summary_gm_median": 793.6336016096175,
  "summary_gm_n": 599017.9740029308,
  "summary_gm_p05": 638.0849239230156,
  "summary_gm_p95": 973.1465780641884,
  "summary_gm_stdv": 95.60998324267216,
  "summary_wm_k": -0.39592460482060865,
  "summary_wm_mad": 45.51144434532087,
  "summary_wm_mean": 962.2719341494153,
  "summary_wm_median": 972.914415858686,
  "summary_wm_n": 562829.0685125896,
  "summary_wm_p05": 850.1006091479212,
  "summary_wm_p95": 1038.2551788073033,
  "summary_wm_stdv": 57.00536198909261,
  "tpm_overlap_csf": 0.20517658559017848,
  "tpm_overlap_gm": 0.5237212738244698,
  "tpm_overlap_wm": 0.5465170572554754,
  "wm2max": 0.7787091712433415
}