{
  "bids_meta": {
    "InstitutionName": "HH",
    "dataset": "<unset>",
    "modality": "T1w",
    "subject_id": "1214"
  },
  "cjv": 0.8969363823731769,
  "cnr": 1.008187120945773,
  "efc": 0.6253212717695231,
  "fber": -1.0,
  "fwhm_avg": 4.867163846655288,
  "fwhm_x": 4.1832515399658625,
  "fwhm_y": 5.631082666666667,
  "fwhm_z": 4.787157333333334,
  "icvs_csf": 0.26970701140463993,
  "icvs_gm": 0.34892880332020954,
  "icvs_wm": 0.38136418527515054,
  "inu_med": 0.43993616104125977,
  "inu_range": 0.22806671261787415,
  "provenance": {
    "md5sum": "9c7c01ceef82bbbda2d8dcfca45191c8",
    "settings": {
      "testing": false
    },
    "software": "mriqc",
    "version": "23.1.0",
    "warnings": {
      "large_rot_frame": true,
      "small_air_mask": false
    }
  },
  "qi_1": 0.0,
  "qi_2": 0.00140865908185114,
  "rpve_csf": 7.724765512152638,
  "rpve_gm": 7.574454956370119,
  "rpve_wm": 7.633058563524478,
  "size_x": 150,
  "size_y": 256,
  "size_z": 256,
  "snr_csf": 2.471783357208848,
  "snr_gm": 6.562076673966132,
  "snr_total": 7.76882902645372,
  "snr_wm": 14.272627048186182,
  "snrd_csf": 62.20406469365772,
  "snrd_gm": 119.20192376457437,
  "snrd_total": 107.14424490459027,
  "snrd_wm": 140.02674625553868,
  "spacing_x": 1.2000043392181396,
  "spacing_y": 0.9375,
  "spacing_z": 0.9375,
  "summary_bg_k": 46.412042717907724,
  "summary_bg_mad": 0.0,
  "summary_bg_mean": 1.4764062165788678,
  "summary_bg_median": 0.0,
  "summary_bg_n": 2570803.0,
  "summary_bg_p05": 0.0,
  "summary_bg_p95": 9.707863068208098,
  "summary_bg_stdv": 4.429566431122537,
  "summary_csf_k": 0.14227105404294882,
  "summary_csf_mad": 139.08045684240508,
  "summary_csf_mean": 436.3510587253772,
  "summary_csf_median": 420.57964852266014,
  "summary_csf_n": 340436.5967405161,
  "summary_csf_p05": 140.5708872396499,
  "summary_csf_p95": 743.1794058661908,
  "summary_csf_stdv": 170.15206028850574,
  "summary_gm_k": 0.07781830077063345,
  "summary_gm_mad": 63.98540918689841,
  "summary_gm_mean": 798.3691879288228,
  "summary_gm_median": 805.9586370605975,
  "summary_gm_n": 440433.9868230413,
  "summary_gm_p05": 580.4632606990635,
  "summary_gm_p95": 995.7898480389267,
  "summary_gm_stdv": 122.82052803466004,
  "summary_wm_k": -0.6743580237099605,
  "summary_wm_mad": 62.30560130848342,
  "summary_wm_mean": 937.8366000827677,
  "summary_wm_median": 946.7612769994885,
  "summary_wm_n": 481375.418005015,
  "summary_wm_p05": 820.6363080125302,
  "summary_wm_p95": 1034.1835452131927,
  "summary_wm_stdv": 66.33398955993152,
  "tpm_overlap_csf": 0.18864540104672553,
  "tpm_overlap_gm": 0.49745696238915477,
  "tpm_overlap_wm": 0.5446019215083346,
  "wm2max": 0.6965584071575155
}