{
  "bids_meta": {
    "InstitutionName": "HH",
    "dataset": "<unset>",
    "modality": "T1w",
    "subject_id": "0895"
  },
  "cjv": 0.6685158320806314,
  "cnr": 1.5630036455731418,
  "efc": 0.6460280738346349,
  "fber": -1.0,
  "fwhm_avg": 4.967246126318703,
  "fwhm_x": 4.234687712289443,
  "fwhm_y": 5.708704,
  "fwhm_z": 4.958346666666667,
  "icvs_csf": 0.2504276344059099,
  "icvs_gm": 0.38812294438709954,
  "icvs_wm": 0.3614494212069905,
  "inu_med": 0.36874231696128845,
  "inu_range": 0.1647530496120453,
  "provenance": {
    "md5sum": "ce650da42a184a6c79d5128a2c10a354",
    "settings": {
      "testing": false
    },
    "software": "mriqc",
    "version": "23.1.0",
    "warnings": {
      "large_rot_frame": true,
      "small_air_mask": false
    }
  },
  "qi_1": 0.0,
  "qi_2": 0.001285892104726502,
  "rpve_csf": 8.16683138222112,
  "rpve_gm": 8.061731573171564,
  "rpve_wm": 8.127840588176568,
  "size_x": 150,
  "size_y": 256,
  "size_z": 256,
  "snr_csf": 2.331696045152185,
  "snr_gm": 8.938872905421531,
  "snr_total": 8.86919109694184,
  "snr_wm": 15.337004340251806,
  "snrd_csf": 123.33153685793373,
  "snrd_gm": 193.40823028412248,
  "snrd_total": 183.86379611804944,
  "snrd_wm": 234.85162121209214,
  "spacing_x": 1.2000011205673218,
  "spacing_y": 0.9375,
  "spacing_z": 0.9375,
  "summary_bg_k": 97.10773134327815,
  "summary_bg_mad": 0.0,
  "summary_bg_mean": 0.5135881321454636,
  "summary_bg_median": 0.0,
  "summary_bg_n": 3273475.0,
  "summary_bg_p05": 0.0,
  "summary_bg_p95": 4.000467924401164,
  "summary_bg_stdv": 2.6704747418933015,
  "summary_csf_k": -0.5187975993786771,
  "summary_csf_mad": 162.84518596407102,
  "summary_csf_mean": 498.055072321013,
  "summary_csf_median": 502.72546916641295,
  "summary_csf_n": 298458.9035309178,
  "summary_csf_p05": 117.4406373128295,
  "summary_csf_p95": 828.8220913782716,
  "summary_csf_stdv": 215.6047002819062,
  "summary_gm_k": -0.5074140272514231,
  "summary_gm_mad": 62.43265915555438,
  "summary_gm_mean": 793.1742449468579,
  "summary_gm_median": 788.3729156982154,
  "summary_gm_n": 462563.76095142076,
  "summary_gm_p05": 650.321680482477,
  "summary_gm_p95": 956.1820175796747,
  "summary_gm_stdv": 88.19591371995416,
  "summary_wm_k": -0.4434845168685708,
  "summary_wm_mad": 50.5010842947151,
  "summary_wm_mean": 945.5130406661186,
  "summary_wm_median": 957.3049559444189,
  "summary_wm_n": 430774.3360322115,
  "summary_wm_p05": 824.6812561582774,
  "summary_wm_p95": 1027.8629165291786,
  "summary_wm_stdv": 62.41791575209839,
  "tpm_overlap_csf": 0.2067105836529444,
  "tpm_overlap_gm": 0.5410712813671327,
  "tpm_overlap_wm": 0.5580327877833832,
  "wm2max": 0.8083122629582806
}