{
  "bids_meta": {
    "InstitutionName": "HH",
    "dataset": "<unset>",
    "modality": "T1w",
    "subject_id": "0518"
  },
  "cjv": 0.7178770965068947,
  "cnr": 1.4009178770987334,
  "efc": 0.649841783786001,
  "fber": -1.0,
  "fwhm_avg": 5.015825480469885,
  "fwhm_x": 4.428116441409653,
  "fwhm_y": 5.675520000000001,
  "fwhm_z": 4.94384,
  "icvs_csf": 0.25906149897446745,
  "icvs_gm": 0.371269978278675,
  "icvs_wm": 0.36966852274685763,
  "inu_med": 0.3313145637512207,
  "inu_range": 0.14910938739776614,
  "provenance": {
    "md5sum": "83764aa566cc1886c5a2890cdff514fb",
    "settings": {
      "testing": false
    },
    "software": "mriqc",
    "version": "23.1.0",
    "warnings": {
      "large_rot_frame": true,
      "small_air_mask": false
    }
  },
  "qi_1": 0.0,
  "qi_2": 0.0025087069431358093,
  "rpve_csf": 6.404357666820103,
  "rpve_gm": 6.296846579219982,
  "rpve_wm": 6.366639812436158,
  "size_x": 150,
  "size_y": 256,
  "size_z": 256,
  "snr_csf": 2.593931055929674,
  "snr_gm": 8.184345862891554,
  "snr_total": 9.475622777880607,
  "snr_wm": 17.648591414820594,
  "snrd_csf": 98.95795459023951,
  "snrd_gm": 157.7223128125397,
  "snrd_total": 148.42895886378346,
  "snrd_wm": 188.60660918857116,
  "spacing_x": 1.2000045776367188,
  "spacing_y": 0.9375,
  "spacing_z": 0.9375,
  "summary_bg_k": 268.24646356617876,
  "summary_bg_mad": 0.0,
  "summary_bg_mean": 0.8959935447212327,
  "summary_bg_median": 0.0,
  "summary_bg_n": 2985050.0,
  "summary_bg_p05": 0.0,
  "summary_bg_p95": 7.692120065912604,
  "summary_bg_stdv": 3.3442061476373306,
  "summary_csf_k": -0.0966541021290861,
  "summary_csf_mad": 154.44754074924776,
  "summary_csf_mean": 508.3354673181272,
  "summary_csf_median": 505.1403037570417,
  "summary_csf_n": 392660.809603747,
  "summary_csf_p05": 193.54839251562953,
  "summary_csf_p95": 824.2045602053404,
  "summary_csf_stdv": 194.73904650418305,
  "summary_gm_k": -0.4470837010017634,
  "summary_gm_mad": 66.47109348701802,
  "summary_gm_mean": 807.3121734614696,
  "summary_gm_median": 805.1085668988526,
  "summary_gm_n": 562735.7628577534,
  "summary_gm_p05": 642.7193655073643,
  "summary_gm_p95": 980.2935489714146,
  "summary_gm_stdv": 98.37167991601184,
  "summary_wm_k": -0.2292976617479705,
  "summary_wm_mad": 46.703546077479984,
  "summary_wm_mean": 955.5162667956329,
  "summary_wm_median": 962.76039910689,
  "summary_wm_n": 560308.4286990417,
  "summary_wm_p05": 852.7997113075107,
  "summary_wm_p95": 1031.8673825562,
  "summary_wm_stdv": 54.55163629453744,
  "tpm_overlap_csf": 0.2006970988696838,
  "tpm_overlap_gm": 0.5200725229357758,
  "tpm_overlap_wm": 0.5610907977334364,
  "wm2max": 0.6998143280371777
}