{
  "bids_meta": {
    "InstitutionName": "HH",
    "dataset": "<unset>",
    "modality": "T1w",
    "subject_id": "0855"
  },
  "cjv": 0.7832237193162739,
  "cnr": 1.107718670931516,
  "efc": 0.6282681081114758,
  "fber": -1.0,
  "fwhm_avg": 4.945195618985554,
  "fwhm_x": 4.39383752362333,
  "fwhm_y": 5.537738666666667,
  "fwhm_z": 4.904010666666666,
  "icvs_csf": 0.26288967017309517,
  "icvs_gm": 0.34699197838966095,
  "icvs_wm": 0.3901183514372438,
  "inu_med": 0.45640987157821655,
  "inu_range": 0.2114541709423065,
  "provenance": {
    "md5sum": "e30c1de70b632699fdb00c8a004a5bd5",
    "settings": {
      "testing": false
    },
    "software": "mriqc",
    "version": "23.1.0",
    "warnings": {
      "large_rot_frame": true,
      "small_air_mask": false
    }
  },
  "qi_1": 0.0,
  "qi_2": 0.001560494276110632,
  "rpve_csf": 7.214962932817609,
  "rpve_gm": 7.092333749036937,
  "rpve_wm": 7.19087624382903,
  "size_x": 150,
  "size_y": 256,
  "size_z": 256,
  "snr_csf": 2.587766004844112,
  "snr_gm": 4.010039230166301,
  "snr_total": 6.329392423910323,
  "snr_wm": 12.390372036720558,
  "snrd_csf": 63.5480117095191,
  "snrd_gm": 123.33731896447003,
  "snrd_total": 115.73052530611177,
  "snrd_wm": 160.3062452443462,
  "spacing_x": 1.1999988555908203,
  "spacing_y": 0.9375,
  "spacing_z": 0.9375,
  "summary_bg_k": 25.15909421040193,
  "summary_bg_mad": 0.0,
  "summary_bg_mean": 1.3704840612575877,
  "summary_bg_median": 0.0,
  "summary_bg_n": 2409174.0,
  "summary_bg_p05": 0.0,
  "summary_bg_p95": 9.229010062292218,
  "summary_bg_stdv": 3.924230258009359,
  "summary_csf_k": 1.4082835719497506,
  "summary_csf_mad": 89.16117493114929,
  "summary_csf_mean": 402.1911165281489,
  "summary_csf_median": 380.64902268722653,
  "summary_csf_n": 353248.26793665043,
  "summary_csf_p05": 138.5984962452203,
  "summary_csf_p95": 670.0969134904444,
  "summary_csf_stdv": 147.09540321277441,
  "summary_gm_k": 1.349500385425757,
  "summary_gm_mad": 98.60604362009856,
  "summary_gm_mean": 711.580135409364,
  "summary_gm_median": 738.7836166974157,
  "summary_gm_n": 466257.63299620105,
  "summary_gm_p05": 360.31253148801625,
  "summary_gm_p95": 1000.7350468430668,
  "summary_gm_stdv": 184.23331594640572,
  "summary_wm_k": -0.8930094210548525,
  "summary_wm_mad": 74.83242115090574,
  "summary_wm_mean": 943.2107860800727,
  "summary_wm_median": 960.2254097554833,
  "summary_wm_n": 524207.1011948478,
  "summary_wm_p05": 801.0181801263243,
  "summary_wm_p95": 1045.6277831047773,
  "summary_wm_stdv": 77.49763211513392,
  "tpm_overlap_csf": 0.20659616357195018,
  "tpm_overlap_gm": 0.47639135593423587,
  "tpm_overlap_wm": 0.5258833579422726,
  "wm2max": 0.6349414941494149
}