{
  "bids_meta": {
    "InstitutionName": "HH",
    "dataset": "<unset>",
    "modality": "T1w",
    "subject_id": "0634"
  },
  "cjv": 0.5903073802390609,
  "cnr": 1.7929889991465775,
  "efc": 0.6039595982491758,
  "fber": -1.0,
  "fwhm_avg": 5.091874921089365,
  "fwhm_x": 4.307198096601427,
  "fwhm_y": 6.028682666666667,
  "fwhm_z": 4.939744,
  "icvs_csf": 0.2524741435607824,
  "icvs_gm": 0.386377854057972,
  "icvs_wm": 0.36114800238124567,
  "inu_med": 0.3408672511577606,
  "inu_range": 0.17932191491127017,
  "provenance": {
    "md5sum": "a8f456b4465b3e8cf5bc5ea072de2d74",
    "settings": {
      "testing": false
    },
    "software": "mriqc",
    "version": "23.1.0",
    "warnings": {
      "large_rot_frame": true,
      "small_air_mask": false
    }
  },
  "qi_1": 0.0,
  "qi_2": 0.00317139036426102,
  "rpve_csf": 6.038447609836945,
  "rpve_gm": 5.965874251634174,
  "rpve_wm": 6.0390889818989315,
  "size_x": 150,
  "size_y": 256,
  "size_z": 256,
  "snr_csf": 2.455257187226616,
  "snr_gm": 8.871688420434031,
  "snr_total": 10.512322291449687,
  "snr_wm": 20.210021266688415,
  "snrd_csf": 31.877211583151364,
  "snrd_gm": 48.21923353604167,
  "snrd_total": 46.484951533460844,
  "snrd_wm": 59.35840948118951,
  "spacing_x": 1.2000051736831665,
  "spacing_y": 0.9375,
  "spacing_z": 0.9375,
  "summary_bg_k": 2763.468150865595,
  "summary_bg_mad": 0.0,
  "summary_bg_mean": 1.5204967707419135,
  "summary_bg_median": 0.0,
  "summary_bg_n": 2668124.0,
  "summary_bg_p05": 0.0,
  "summary_bg_p95": 9.220182370394468,
  "summary_bg_stdv": 10.804359637804849,
  "summary_csf_k": -0.1469490956938908,
  "summary_csf_mad": 157.7813031287464,
  "summary_csf_mean": 519.6756137524085,
  "summary_csf_median": 525.7116811014712,
  "summary_csf_n": 405147.78326940024,
  "summary_csf_p05": 137.7113535962999,
  "summary_csf_p95": 846.8320851735771,
  "summary_csf_stdv": 214.11648239786757,
  "summary_gm_k": -0.616877703413627,
  "summary_gm_mad": 68.54858332443642,
  "summary_gm_mean": 799.7087514525963,
  "summary_gm_median": 795.2205686978996,
  "summary_gm_n": 620024.4067301436,
  "summary_gm_p05": 654.4447813108563,
  "summary_gm_p95": 966.3718840107322,
  "summary_gm_stdv": 89.63569162149075,
  "summary_wm_k": -0.17434562248187824,
  "summary_wm_mad": 39.89368134172143,
  "summary_wm_mean": 971.4255998577504,
  "summary_wm_median": 978.9253101535141,
  "summary_wm_n": 579537.8114104111,
  "summary_wm_p05": 877.1269701048732,
  "summary_wm_p95": 1036.9882661886513,
  "summary_wm_stdv": 48.43757721287168,
  "tpm_overlap_csf": 0.210948641215147,
  "tpm_overlap_gm": 0.5186076022522915,
  "tpm_overlap_wm": 0.5450219809492817,
  "wm2max": 0.7091420911261929
}