{
  "bids_meta": {
    "InstitutionName": "HH",
    "dataset": "<unset>",
    "modality": "T1w",
    "subject_id": "0852"
  },
  "cjv": 0.6382502824059991,
  "cnr": 1.4895847254614552,
  "efc": 0.5754486197047276,
  "fber": -1.0,
  "fwhm_avg": 4.845846305727444,
  "fwhm_x": 4.114829583848998,
  "fwhm_y": 5.478325333333333,
  "fwhm_z": 4.944384,
  "icvs_csf": 0.26182742086544236,
  "icvs_gm": 0.38058118297688115,
  "icvs_wm": 0.3575913961576764,
  "inu_med": 0.37673239409923553,
  "inu_range": 0.15588677674531937,
  "provenance": {
    "md5sum": "6b2c7901526e615043fa088cd8afb8c3",
    "settings": {
      "testing": false
    },
    "software": "mriqc",
    "version": "23.1.0",
    "warnings": {
      "large_rot_frame": true,
      "small_air_mask": false
    }
  },
  "qi_1": 0.0,
  "qi_2": 0.0015415330584218794,
  "rpve_csf": 7.0968645521137335,
  "rpve_gm": 6.982712600973665,
  "rpve_wm": 7.051438814667785,
  "size_x": 150,
  "size_y": 256,
  "size_z": 256,
  "snr_csf": 2.2354411833139816,
  "snr_gm": 7.913837032132108,
  "snr_total": 8.045239395126808,
  "snr_wm": 13.986439969934336,
  "snrd_csf": 100.64931738924557,
  "snrd_gm": 167.97201158244903,
  "snrd_total": 158.37299391801312,
  "snrd_wm": 206.4976527823448,
  "spacing_x": 1.1999962329864502,
  "spacing_y": 0.9375,
  "spacing_z": 0.9375,
  "summary_bg_k": 25.085538133832046,
  "summary_bg_mad": 0.0,
  "summary_bg_mean": 0.9995469136037504,
  "summary_bg_median": 0.0,
  "summary_bg_n": 2891324.0,
  "summary_bg_p05": 0.0,
  "summary_bg_p95": 7.824883881956339,
  "summary_bg_stdv": 3.053192649531329,
  "summary_csf_k": -0.29235512629221105,
  "summary_csf_mad": 162.30475425395412,
  "summary_csf_mean": 472.5844973784847,
  "summary_csf_median": 469.06530614569783,
  "summary_csf_n": 358596.7411082091,
  "summary_csf_p05": 88.79104572162032,
  "summary_csf_p95": 805.9630398415029,
  "summary_csf_stdv": 209.83090748149667,
  "summary_gm_k": -0.38069583522035266,
  "summary_gm_mad": 63.89980327212673,
  "summary_gm_mean": 786.5224841163391,
  "summary_gm_median": 782.8154733739793,
  "summary_gm_n": 521240.9437159509,
  "summary_gm_p05": 622.8205003663898,
  "summary_gm_p95": 970.5623657442629,
  "summary_gm_stdv": 98.91721541396687,
  "summary_wm_k": -0.28438868297297226,
  "summary_wm_mad": 50.69458998646832,
  "summary_wm_mean": 945.6545396166528,
  "summary_wm_median": 962.3600758872926,
  "summary_wm_n": 489754.3155969806,
  "summary_wm_p05": 809.8880619816482,
  "summary_wm_p95": 1032.6079080365598,
  "summary_wm_stdv": 68.80657947718008,
  "tpm_overlap_csf": 0.20316607339254814,
  "tpm_overlap_gm": 0.5252091419919638,
  "tpm_overlap_wm": 0.5539647139451849,
  "wm2max": 0.6769974158377288
}