{
  "bids_meta": {
    "InstitutionName": "HH",
    "dataset": "<unset>",
    "modality": "T1w",
    "subject_id": "0082"
  },
  "cjv": 0.6255739710179204,
  "cnr": 1.7441035240179754,
  "efc": 0.5173043535462678,
  "fber": -1.0,
  "fwhm_avg": 5.6073977806632165,
  "fwhm_x": 4.731249341989649,
  "fwhm_y": 6.448416,
  "fwhm_z": 5.6425279999999995,
  "icvs_csf": 0.26854502730513496,
  "icvs_gm": 0.3799496811642249,
  "icvs_wm": 0.3515052915306402,
  "inu_med": 0.36643585562705994,
  "inu_range": 0.15801513195037842,
  "provenance": {
    "md5sum": "43bf4ce917151320e29ada63e2d17720",
    "settings": {
      "testing": false
    },
    "software": "mriqc",
    "version": "23.1.0",
    "warnings": {
      "large_rot_frame": true,
      "small_air_mask": false
    }
  },
  "qi_1": 0.0,
  "qi_2": 0.0016564368437073343,
  "rpve_csf": 7.1148923564808015,
  "rpve_gm": 7.037269814271956,
  "rpve_wm": 7.101853947484078,
  "size_x": 150,
  "size_y": 256,
  "size_z": 256,
  "snr_csf": 1.9857009833477928,
  "snr_gm": 7.824933895025988,
  "snr_total": 9.176153889217504,
  "snr_wm": 17.717826789278732,
  "snrd_csf": 72.62321852929864,
  "snrd_gm": 132.3114160891837,
  "snrd_total": 123.66105943101286,
  "snrd_wm": 166.0485436745562,
  "spacing_x": 1.2000001668930054,
  "spacing_y": 0.9375,
  "spacing_z": 0.9375,
  "summary_bg_k": 26.141703594581667,
  "summary_bg_mad": 0.0,
  "summary_bg_mean": 1.484585734419693,
  "summary_bg_median": 0.0,
  "summary_bg_n": 3297971.0,
  "summary_bg_p05": 0.0,
  "summary_bg_p95": 9.410084830597043,
  "summary_bg_stdv": 3.8478964972518335,
  "summary_csf_k": -0.7926839764991964,
  "summary_csf_mad": 176.3971713883448,
  "summary_csf_mean": 426.5829786216792,
  "summary_csf_median": 426.54724756255746,
  "summary_csf_n": 367332.8067779415,
  "summary_csf_p05": 65.199990067631,
  "summary_csf_p95": 784.0439416095614,
  "summary_csf_stdv": 214.80911302289425,
  "summary_gm_k": -0.6786305167879108,
  "summary_gm_mad": 78.41656073536419,
  "summary_gm_mean": 776.7138652164184,
  "summary_gm_median": 777.1215803548694,
  "summary_gm_n": 519719.11085828533,
  "summary_gm_p05": 608.5188190452754,
  "summary_gm_p95": 953.3389390446246,
  "summary_gm_stdv": 99.31340547328524,
  "summary_wm_k": -0.43828690517111824,
  "summary_wm_mad": 45.542542431172656,
  "summary_wm_mean": 963.8214482711168,
  "summary_wm_median": 975.2741712704301,
  "summary_wm_n": 480811.0827110434,
  "summary_wm_p05": 856.8585290573537,
  "summary_wm_p95": 1036.3640093430877,
  "summary_wm_stdv": 55.04473932791814,
  "tpm_overlap_csf": 0.1845379144173097,
  "tpm_overlap_gm": 0.5365185311099258,
  "tpm_overlap_wm": 0.5695859686561558,
  "wm2max": 0.8400067075329322
}