{
  "bids_meta": {
    "InstitutionName": "HH",
    "dataset": "<unset>",
    "modality": "T1w",
    "subject_id": "0776"
  },
  "cjv": 0.6236298578652264,
  "cnr": 1.5613294521860106,
  "efc": 0.6182884951236873,
  "fber": -1.0,
  "fwhm_avg": 4.962403650783092,
  "fwhm_x": 4.3941656190159435,
  "fwhm_y": 5.5957973333333335,
  "fwhm_z": 4.897248,
  "icvs_csf": 0.25821389310823933,
  "icvs_gm": 0.3795481705307642,
  "icvs_wm": 0.36223793636099644,
  "inu_med": 0.3626776337623596,
  "inu_range": 0.16734693944454193,
  "provenance": {
    "md5sum": "953824ae24853838c527cc2e148e0208",
    "settings": {
      "testing": false
    },
    "software": "mriqc",
    "version": "23.1.0",
    "warnings": {
      "large_rot_frame": true,
      "small_air_mask": false
    }
  },
  "qi_1": 0.0,
  "qi_2": 0.001387399343818377,
  "rpve_csf": 6.5075376789119455,
  "rpve_gm": 6.415482147323018,
  "rpve_wm": 6.494334006193444,
  "size_x": 150,
  "size_y": 256,
  "size_z": 256,
  "snr_csf": 2.282038098795904,
  "snr_gm": 7.444607365307378,
  "snr_total": 8.954817034642561,
  "snr_wm": 17.1378056398244,
  "snrd_csf": 27.020414526411944,
  "snrd_gm": 43.03761087131468,
  "snrd_total": 41.132547916751854,
  "snrd_wm": 53.33961835252893,
  "spacing_x": 1.200000286102295,
  "spacing_y": 0.9375,
  "spacing_z": 0.9375,
  "summary_bg_k": 974.8737032102551,
  "summary_bg_mad": 0.0,
  "summary_bg_mean": 1.2729792219120886,
  "summary_bg_median": 0.0,
  "summary_bg_n": 2464387.0,
  "summary_bg_p05": 0.0,
  "summary_bg_p95": 6.793446276336908,
  "summary_bg_stdv": 11.969389507957498,
  "summary_csf_k": -0.11716380950621907,
  "summary_csf_mad": 145.7474538862675,
  "summary_csf_mean": 489.29878268155204,
  "summary_csf_median": 493.6649316586554,
  "summary_csf_n": 384626.8943599651,
  "summary_csf_p05": 74.7044023051858,
  "summary_csf_p95": 824.7102739065886,
  "summary_csf_stdv": 216.3260508987597,
  "summary_gm_k": -0.373068946426486,
  "summary_gm_mad": 71.93274625089816,
  "summary_gm_mean": 787.0993068920342,
  "summary_gm_median": 786.3002697005868,
  "summary_gm_n": 565362.4300922484,
  "summary_gm_p05": 607.0379122495651,
  "summary_gm_p95": 978.3737974651158,
  "summary_gm_stdv": 105.62001939412447,
  "summary_wm_k": -0.35810817982141874,
  "summary_wm_mad": 45.44588232130388,
  "summary_wm_mean": 962.6818204208687,
  "summary_wm_median": 974.5186930038035,
  "summary_wm_n": 539577.6764943055,
  "summary_wm_p05": 850.1445606574416,
  "summary_wm_p95": 1035.941790305078,
  "summary_wm_stdv": 56.863627143748985,
  "tpm_overlap_csf": 0.21725989248403446,
  "tpm_overlap_gm": 0.5199212409318569,
  "tpm_overlap_wm": 0.544930549249915,
  "wm2max": 0.8543783360468231
}