{
  "bids_meta": {
    "InstitutionName": "HH",
    "dataset": "<unset>",
    "modality": "T1w",
    "subject_id": "0070"
  },
  "cjv": 0.8009555001155352,
  "cnr": 1.1087605278652366,
  "efc": 0.584684653895464,
  "fber": -1.0,
  "fwhm_avg": 5.0210950547883195,
  "fwhm_x": 4.470687831031624,
  "fwhm_y": 5.6837333333333335,
  "fwhm_z": 4.9088639999999995,
  "icvs_csf": 0.2653123547034688,
  "icvs_gm": 0.34647864580553384,
  "icvs_wm": 0.3882089994909973,
  "inu_med": 0.37327492237091064,
  "inu_range": 0.15604703426361088,
  "provenance": {
    "md5sum": "bf73c0a7e2f48d7c0fbabe7c3b2553c5",
    "settings": {
      "testing": false
    },
    "software": "mriqc",
    "version": "23.1.0",
    "warnings": {
      "large_rot_frame": true,
      "small_air_mask": false
    }
  },
  "qi_1": 0.0,
  "qi_2": 0.0014359939202547097,
  "rpve_csf": 8.084431761030137,
  "rpve_gm": 7.9570497243430305,
  "rpve_wm": 8.0158366967183,
  "size_x": 150,
  "size_y": 256,
  "size_z": 256,
  "snr_csf": 2.3388416558992993,
  "snr_gm": 5.872664506086095,
  "snr_total": 8.218679588195934,
  "snr_wm": 16.444532602602408,
  "snrd_csf": 58.66852797175854,
  "snrd_gm": 122.4611893972013,
  "snrd_total": 109.5913542133237,
  "snrd_wm": 147.64434527101125,
  "spacing_x": 1.2000032663345337,
  "spacing_y": 0.9375,
  "spacing_z": 0.9375,
  "summary_bg_k": 56.4609791994807,
  "summary_bg_mad": 0.0,
  "summary_bg_mean": 1.4988354978144125,
  "summary_bg_median": 0.0,
  "summary_bg_n": 2897954.0,
  "summary_bg_p05": 0.0,
  "summary_bg_p95": 10.79428355395794,
  "summary_bg_stdv": 4.335710540156255,
  "summary_csf_k": 0.08604067043740837,
  "summary_csf_mad": 132.9400147405464,
  "summary_csf_mean": 409.44804771541493,
  "summary_csf_median": 388.2699161618948,
  "summary_csf_n": 320212.1141511265,
  "summary_csf_p05": 122.53596566617489,
  "summary_csf_p95": 709.8052166178823,
  "summary_csf_stdv": 166.00923320833175,
  "summary_gm_k": -0.09858334609234554,
  "summary_gm_mad": 78.953524641828,
  "summary_gm_mean": 800.6955274928764,
  "summary_gm_median": 810.4514870941639,
  "summary_gm_n": 418173.7401773501,
  "summary_gm_p05": 554.0061797425151,
  "summary_gm_p95": 1016.8168780431151,
  "summary_gm_stdv": 138.003885155857,
  "summary_wm_k": -0.5713603948418231,
  "summary_wm_mad": 54.535970913972534,
  "summary_wm_mean": 967.5165074829463,
  "summary_wm_median": 977.1142986193299,
  "summary_wm_n": 468539.1473700586,
  "summary_wm_p05": 857.0568487048149,
  "summary_wm_p95": 1050.1957677453756,
  "summary_wm_stdv": 59.41873080295714,
  "tpm_overlap_csf": 0.1788312401376558,
  "tpm_overlap_gm": 0.47971823810884373,
  "tpm_overlap_wm": 0.5240048162696231,
  "wm2max": 0.776164716272908
}