{
  "bids_meta": {
    "InstitutionName": "HH",
    "dataset": "<unset>",
    "modality": "T1w",
    "subject_id": "1221"
  },
  "cjv": 0.6261578706350102,
  "cnr": 1.5991653351454687,
  "efc": 0.6229919770959383,
  "fber": -1.0,
  "fwhm_avg": 5.130960321248627,
  "fwhm_x": 4.349968963745883,
  "fwhm_y": 6.027392000000001,
  "fwhm_z": 5.0155199999999995,
  "icvs_csf": 0.25263554297508556,
  "icvs_gm": 0.38550619517758944,
  "icvs_wm": 0.36185826184732506,
  "inu_med": 0.37098146975040436,
  "inu_range": 0.1870246201753616,
  "provenance": {
    "md5sum": "b23be7c3b692f4c03f511bd6a3211ee8",
    "settings": {
      "testing": false
    },
    "software": "mriqc",
    "version": "23.1.0",
    "warnings": {
      "large_rot_frame": true,
      "small_air_mask": false
    }
  },
  "qi_1": 0.0,
  "qi_2": 0.0017716600050170768,
  "rpve_csf": 6.218078342446317,
  "rpve_gm": 6.123909008617546,
  "rpve_wm": 6.190728312449691,
  "size_x": 150,
  "size_y": 256,
  "size_z": 256,
  "snr_csf": 2.069522852421656,
  "snr_gm": 8.226084205467547,
  "snr_total": 9.052519872447713,
  "snr_wm": 16.861952559453936,
  "snrd_csf": 78.49080631238576,
  "snrd_gm": 129.22554095408216,
  "snrd_total": 122.07905340978043,
  "snrd_wm": 158.52081296287338,
  "spacing_x": 1.199997067451477,
  "spacing_y": 0.9375,
  "spacing_z": 0.9375,
  "summary_bg_k": 34.40637576751283,
  "summary_bg_mad": 0.0,
  "summary_bg_mean": 1.2200617783115033,
  "summary_bg_median": 0.0,
  "summary_bg_n": 2547008.0,
  "summary_bg_p05": 0.0,
  "summary_bg_p95": 9.645389765501022,
  "summary_bg_stdv": 4.017592133187936,
  "summary_csf_k": -0.6655246367367398,
  "summary_csf_mad": 171.67978724178306,
  "summary_csf_mean": 474.14017945693274,
  "summary_csf_median": 481.3410550355911,
  "summary_csf_n": 394248.8808209554,
  "summary_csf_p05": 59.54867638647556,
  "summary_csf_p95": 832.5467176735401,
  "summary_csf_stdv": 232.58522804842173,
  "summary_gm_k": -0.44077765161848514,
  "summary_gm_mad": 66.5306970602901,
  "summary_gm_mean": 795.7448321446337,
  "summary_gm_median": 792.4693495035172,
  "summary_gm_n": 601599.3799150342,
  "summary_gm_p05": 635.3320237249136,
  "summary_gm_p95": 973.0496145784855,
  "summary_gm_stdv": 96.33607814773855,
  "summary_wm_k": -0.4060274063744278,
  "summary_wm_mad": 45.959711417510746,
  "summary_wm_mean": 961.1888997440108,
  "summary_wm_median": 972.1211813390255,
  "summary_wm_n": 564695.73943993,
  "summary_wm_p05": 847.633757814765,
  "summary_wm_p95": 1037.80783303082,
  "summary_wm_stdv": 57.65170535044903,
  "tpm_overlap_csf": 0.20029012640223007,
  "tpm_overlap_gm": 0.5237406671231399,
  "tpm_overlap_wm": 0.5466266985695697,
  "wm2max": 0.7799651465619686
}