{
  "bids_meta": {
    "InstitutionName": "HH",
    "dataset": "<unset>",
    "modality": "T1w",
    "subject_id": "0608"
  },
  "cjv": 0.6837685273509923,
  "cnr": 1.3834749172401237,
  "efc": 0.6045235144852527,
  "fber": -1.0,
  "fwhm_avg": 4.909376499342364,
  "fwhm_x": 4.250145498027091,
  "fwhm_y": 5.57184,
  "fwhm_z": 4.906144,
  "icvs_csf": 0.2669849279335022,
  "icvs_gm": 0.3703596152621591,
  "icvs_wm": 0.3626554568043388,
  "inu_med": 0.37109947204589844,
  "inu_range": 0.1591856598854065,
  "provenance": {
    "md5sum": "9bfa05323b502ac94669bdc8999b4f90",
    "settings": {
      "testing": false
    },
    "software": "mriqc",
    "version": "23.1.0",
    "warnings": {
      "large_rot_frame": true,
      "small_air_mask": false
    }
  },
  "qi_1": 0.0,
  "qi_2": 0.0006047281043772782,
  "rpve_csf": 7.8242816372417945,
  "rpve_gm": 7.700506442007807,
  "rpve_wm": 7.759060845140479,
  "size_x": 150,
  "size_y": 256,
  "size_z": 256,
  "snr_csf": 2.328137236685306,
  "snr_gm": 7.830365313023957,
  "snr_total": 8.300638267524219,
  "snr_wm": 14.743412252863397,
  "snrd_csf": 45.69831450696902,
  "snrd_gm": 82.49382525498854,
  "snrd_total": 76.0120868272949,
  "snrd_wm": 99.84412071992712,
  "spacing_x": 1.2000036239624023,
  "spacing_y": 0.9375,
  "spacing_z": 0.9375,
  "summary_bg_k": 1789.5455011583217,
  "summary_bg_mad": 0.0,
  "summary_bg_mean": 1.9169405121246972,
  "summary_bg_median": 0.0,
  "summary_bg_n": 2763369.0,
  "summary_bg_p05": 0.0,
  "summary_bg_p95": 12.50407482124865,
  "summary_bg_stdv": 6.298798424133324,
  "summary_csf_k": -0.016090502624253045,
  "summary_csf_mad": 152.55481698667967,
  "summary_csf_mean": 450.94029665345136,
  "summary_csf_median": 439.3657128531486,
  "summary_csf_n": 332670.42902766063,
  "summary_csf_p05": 106.06342795304954,
  "summary_csf_p95": 778.279696136713,
  "summary_csf_stdv": 188.71956754420566,
  "summary_gm_k": -0.31618138718461397,
  "summary_gm_mad": 62.451157259312865,
  "summary_gm_mean": 794.5875721046616,
  "summary_gm_median": 793.1355615667999,
  "summary_gm_n": 461478.08064457134,
  "summary_gm_p05": 621.4548471216112,
  "summary_gm_p95": 977.2039255555719,
  "summary_gm_stdv": 101.28961683365233,
  "summary_wm_k": -0.6096261110490033,
  "summary_wm_mad": 51.61110011203578,
  "summary_wm_mean": 944.2302626687366,
  "summary_wm_median": 959.9496994055808,
  "summary_wm_n": 451878.4911872275,
  "summary_wm_p05": 817.7245802097023,
  "summary_wm_p95": 1027.7790661733598,
  "summary_wm_stdv": 65.1103435733988,
  "tpm_overlap_csf": 0.19730579704138423,
  "tpm_overlap_gm": 0.5262698427077838,
  "tpm_overlap_wm": 0.568935667247121,
  "wm2max": 0.7187915054975301
}