{
  "bids_meta": {
    "InstitutionName": "HH",
    "dataset": "<unset>",
    "modality": "T1w",
    "subject_id": "0651"
  },
  "cjv": 0.8264388210972217,
  "cnr": 1.1272279889856482,
  "efc": 0.6059005028777706,
  "fber": 12374.687571013761,
  "fwhm_avg": 5.29793894209046,
  "fwhm_x": 4.467555492938046,
  "fwhm_y": 6.0067520000000005,
  "fwhm_z": 5.419509333333334,
  "icvs_csf": 0.26868833691477734,
  "icvs_gm": 0.3545388640132833,
  "icvs_wm": 0.37677279907193945,
  "inu_med": 0.44707581400871277,
  "inu_range": 0.18446027338504795,
  "provenance": {
    "md5sum": "3d2cba0a55bba1cc46637a8f3641fe58",
    "settings": {
      "testing": false
    },
    "software": "mriqc",
    "version": "23.1.0",
    "warnings": {
      "large_rot_frame": true,
      "small_air_mask": false
    }
  },
  "qi_1": 0.0,
  "qi_2": 0.0018765784670710123,
  "rpve_csf": 7.463459600900339,
  "rpve_gm": 7.3370468150180495,
  "rpve_wm": 7.417344619155534,
  "size_x": 150,
  "size_y": 256,
  "size_z": 256,
  "snr_csf": 2.444407040895591,
  "snr_gm": 5.780455333107336,
  "snr_total": 7.452341883497499,
  "snr_wm": 14.132163276489567,
  "snrd_csf": 17.381355843207686,
  "snrd_gm": 30.827820203309013,
  "snrd_total": 28.598390014206682,
  "snrd_wm": 37.58599399610334,
  "spacing_x": 1.2000007629394531,
  "spacing_y": 0.9375,
  "spacing_z": 0.9375,
  "summary_bg_k": 43.26001080837904,
  "summary_bg_mad": 0.0,
  "summary_bg_mean": 6.351465115356148,
  "summary_bg_median": 0.0,
  "summary_bg_n": 3175421.0,
  "summary_bg_p05": 0.0,
  "summary_bg_p95": 42.44956446066499,
  "summary_bg_stdv": 16.786553291853444,
  "summary_csf_k": 0.306577836449605,
  "summary_csf_mad": 131.67674050146226,
  "summary_csf_mean": 454.64942828460005,
  "summary_csf_median": 445.36230340227485,
  "summary_csf_n": 349817.9745547607,
  "summary_csf_p05": 121.73809290491045,
  "summary_csf_p95": 771.7560017947108,
  "summary_csf_stdv": 182.19619702769538,
  "summary_gm_k": -0.16536459965670192,
  "summary_gm_mad": 80.06795349846979,
  "summary_gm_mean": 782.2729096835334,
  "summary_gm_median": 789.9009224865586,
  "summary_gm_n": 461590.81087844353,
  "summary_gm_p05": 541.1483847387135,
  "summary_gm_p95": 1005.1331067457795,
  "summary_gm_stdv": 136.6501462839825,
  "summary_wm_k": -0.5140282419341307,
  "summary_wm_mad": 63.04200936373771,
  "summary_wm_mean": 955.5870796528149,
  "summary_wm_median": 963.0655406154692,
  "summary_wm_n": 490538.2159571692,
  "summary_wm_p05": 832.4937363211066,
  "summary_wm_p95": 1054.2437670920044,
  "summary_wm_stdv": 68.14700199334875,
  "tpm_overlap_csf": 0.20357559290472008,
  "tpm_overlap_gm": 0.5108316397701242,
  "tpm_overlap_wm": 0.5471391812832104,
  "wm2max": 0.7490140085097906
}