{
  "bids_meta": {
    "InstitutionName": "HH",
    "dataset": "<unset>",
    "modality": "T1w",
    "subject_id": "0498"
  },
  "cjv": 0.6335096244873997,
  "cnr": 1.7311429745721822,
  "efc": 0.5891073411598522,
  "fber": -1.0,
  "fwhm_avg": 5.183278791944743,
  "fwhm_x": 4.44176207767272,
  "fwhm_y": 5.796084964828176,
  "fwhm_z": 5.311989333333333,
  "icvs_csf": 0.2530321363740448,
  "icvs_gm": 0.3815830081024914,
  "icvs_wm": 0.3653848555234639,
  "inu_med": 0.31458452343940735,
  "inu_range": 0.1407125025987625,
  "provenance": {
    "md5sum": "055fa379b04915ed5a4451b5861185c6",
    "settings": {
      "testing": false
    },
    "software": "mriqc",
    "version": "23.1.0",
    "warnings": {
      "large_rot_frame": true,
      "small_air_mask": false
    }
  },
  "qi_1": 0.0,
  "qi_2": 0.0012840860041830576,
  "rpve_csf": 6.8590731648166345,
  "rpve_gm": 6.78249165184899,
  "rpve_wm": 6.84761219984356,
  "size_x": 150,
  "size_y": 256,
  "size_z": 256,
  "snr_csf": 2.3404768645214866,
  "snr_gm": 9.040735755175392,
  "snr_total": 10.830116157973718,
  "snr_wm": 21.109135854224274,
  "snrd_csf": 113.0215798641344,
  "snrd_gm": 183.13618465880708,
  "snrd_total": 172.94935849352592,
  "snrd_wm": 222.6903109576363,
  "spacing_x": 1.2000012397766113,
  "spacing_y": 0.9375000596046448,
  "spacing_z": 0.9375,
  "summary_bg_k": 25.85018271558697,
  "summary_bg_mad": 0.0,
  "summary_bg_mean": 0.9889490774171811,
  "summary_bg_median": 0.0,
  "summary_bg_n": 2542905.0,
  "summary_bg_p05": 0.0,
  "summary_bg_p95": 5.399542897939682,
  "summary_bg_stdv": 2.867583144093017,
  "summary_csf_k": -0.5271737087494315,
  "summary_csf_mad": 175.81033513608764,
  "summary_csf_mean": 495.81749135120083,
  "summary_csf_median": 494.7042743116617,
  "summary_csf_n": 358655.34138245136,
  "summary_csf_p05": 133.6502242088318,
  "summary_csf_p95": 831.1834817379713,
  "summary_csf_stdv": 211.36871384842408,
  "summary_gm_k": -0.6828616163516488,
  "summary_gm_mad": 69.44833242386805,
  "summary_gm_mean": 805.7664475341272,
  "summary_gm_median": 801.6013706475496,
  "summary_gm_n": 540867.2036599856,
  "summary_gm_p05": 662.8515781462193,
  "summary_gm_p95": 968.2949513942003,
  "summary_gm_stdv": 88.66541964296293,
  "summary_wm_k": -0.3664562898810533,
  "summary_wm_mad": 40.23213740417184,
  "summary_wm_mean": 969.0264206578062,
  "summary_wm_median": 974.7328679263592,
  "summary_wm_n": 517907.4562292949,
  "summary_wm_p05": 881.579215452075,
  "summary_wm_p95": 1034.4739643484354,
  "summary_wm_stdv": 46.175832759202386,
  "tpm_overlap_csf": 0.2021657561334781,
  "tpm_overlap_gm": 0.523518125357598,
  "tpm_overlap_wm": 0.5493354791316993,
  "wm2max": 0.8145579842325911
}