{
  "bids_meta": {
    "InstitutionName": "HH",
    "dataset": "<unset>",
    "modality": "T1w",
    "subject_id": "0372"
  },
  "cjv": 0.6675931916503037,
  "cnr": 1.4913993282813989,
  "efc": 0.6140467807747426,
  "fber": -1.0,
  "fwhm_avg": 5.115496280672545,
  "fwhm_x": 4.460984842017634,
  "fwhm_y": 5.954325333333333,
  "fwhm_z": 4.931178666666667,
  "icvs_csf": 0.2691100340265491,
  "icvs_gm": 0.379118287019351,
  "icvs_wm": 0.3517716789540998,
  "inu_med": 0.43911463022232056,
  "inu_range": 0.22871723771095276,
  "provenance": {
    "md5sum": "e4edc5a0186bb98abd85c979437a702f",
    "settings": {
      "testing": false
    },
    "software": "mriqc",
    "version": "23.1.0",
    "warnings": {
      "large_rot_frame": true,
      "small_air_mask": false
    }
  },
  "qi_1": 0.0,
  "qi_2": 0.0021675984489834144,
  "rpve_csf": 7.395764877236994,
  "rpve_gm": 7.279417179138812,
  "rpve_wm": 7.348580994233937,
  "size_x": 150,
  "size_y": 256,
  "size_z": 256,
  "snr_csf": 2.2755083406386003,
  "snr_gm": 7.633786638728565,
  "snr_total": 7.532927418980859,
  "snr_wm": 12.689487277575411,
  "snrd_csf": 61.328594972462874,
  "snrd_gm": 104.81410098027368,
  "snrd_total": 98.8512190510935,
  "snrd_wm": 130.41096120054394,
  "spacing_x": 1.200001835823059,
  "spacing_y": 0.9375,
  "spacing_z": 0.9375,
  "summary_bg_k": 28.770787137027604,
  "summary_bg_mad": 0.0,
  "summary_bg_mean": 1.5074041877613884,
  "summary_bg_median": 0.0,
  "summary_bg_n": 2584193.0,
  "summary_bg_p05": 0.0,
  "summary_bg_p95": 10.513420581817627,
  "summary_bg_stdv": 4.804758898452562,
  "summary_csf_k": -0.537655027526247,
  "summary_csf_mad": 158.87737009566703,
  "summary_csf_mean": 451.3785737571115,
  "summary_csf_median": 449.78284281492233,
  "summary_csf_n": 353952.6237162964,
  "summary_csf_p05": 109.96770638227463,
  "summary_csf_p95": 776.3448325395584,
  "summary_csf_stdv": 197.66229787437848,
  "summary_gm_k": -0.49145298910904156,
  "summary_gm_mad": 67.33547238101539,
  "summary_gm_mean": 769.5561610953681,
  "summary_gm_median": 768.7047832608223,
  "summary_gm_n": 498643.28870059404,
  "summary_gm_p05": 601.2919250130653,
  "summary_gm_p95": 956.1421438455582,
  "summary_gm_stdv": 100.69760249314318,
  "summary_wm_k": -0.6503515427417574,
  "summary_wm_mad": 57.9897447283291,
  "summary_wm_mean": 936.1349184511383,
  "summary_wm_median": 956.4317083954811,
  "summary_wm_n": 462675.08814854035,
  "summary_wm_p05": 790.4666728973389,
  "summary_wm_p95": 1030.2483944296837,
  "summary_wm_stdv": 75.37189280264819,
  "tpm_overlap_csf": 0.19691256094073292,
  "tpm_overlap_gm": 0.5475711974797025,
  "tpm_overlap_wm": 0.5696320473457294,
  "wm2max": 0.8332201309313503
}