{
  "bids_meta": {
    "InstitutionName": "HH",
    "dataset": "<unset>",
    "modality": "T1w",
    "subject_id": "0730"
  },
  "cjv": 0.6277577958067023,
  "cnr": 1.6666290326339444,
  "efc": 0.623889588713652,
  "fber": -1.0,
  "fwhm_avg": 5.1201571821261345,
  "fwhm_x": 4.3981568797117365,
  "fwhm_y": 5.926421333333334,
  "fwhm_z": 5.035893333333333,
  "icvs_csf": 0.2582039846122385,
  "icvs_gm": 0.3821840420716548,
  "icvs_wm": 0.35961197331610667,
  "inu_med": 0.3817405700683594,
  "inu_range": 0.19975638389587402,
  "provenance": {
    "md5sum": "c05854fe752eeeec2f4aeb01b1d86781",
    "settings": {
      "testing": false
    },
    "software": "mriqc",
    "version": "23.1.0",
    "warnings": {
      "large_rot_frame": true,
      "small_air_mask": false
    }
  },
  "qi_1": 0.0,
  "qi_2": 0.0033830918092948212,
  "rpve_csf": 6.93489622036571,
  "rpve_gm": 6.846675977923605,
  "rpve_wm": 6.916108681890332,
  "size_x": 150,
  "size_y": 256,
  "size_z": 256,
  "snr_csf": 2.2943721377062793,
  "snr_gm": 8.238017978353083,
  "snr_total": 9.15269565256427,
  "snr_wm": 16.92569684163345,
  "snrd_csf": 105.24442629768446,
  "snrd_gm": 173.7418800488847,
  "snrd_total": 164.58804464887243,
  "snrd_wm": 214.77782760004814,
  "spacing_x": 1.200002670288086,
  "spacing_y": 0.9375,
  "spacing_z": 0.9375,
  "summary_bg_k": 21.99997599635904,
  "summary_bg_mad": 0.0,
  "summary_bg_mean": 1.009370765439645,
  "summary_bg_median": 0.0,
  "summary_bg_n": 2411225.0,
  "summary_bg_p05": 0.0,
  "summary_bg_p95": 7.706985961645842,
  "summary_bg_stdv": 2.9601188369763034,
  "summary_csf_k": -0.43939447274352217,
  "summary_csf_mad": 159.67559623995623,
  "summary_csf_mean": 475.3928762654911,
  "summary_csf_median": 475.5284682251513,
  "summary_csf_n": 361870.044360362,
  "summary_csf_p05": 106.26223731040955,
  "summary_csf_p95": 806.7058328278363,
  "summary_csf_stdv": 207.25836204450223,
  "summary_gm_k": -0.598162734128235,
  "summary_gm_mad": 69.80755472984741,
  "summary_gm_mean": 786.454518656658,
  "summary_gm_median": 785.0221906527877,
  "summary_gm_n": 535626.731190797,
  "summary_gm_p05": 626.9174625650048,
  "summary_gm_p95": 960.9198959767818,
  "summary_gm_stdv": 95.29251573717008,
  "summary_wm_k": -0.4808367029024181,
  "summary_wm_mad": 46.58735757760343,
  "summary_wm_mean": 959.0244700274094,
  "summary_wm_median": 970.4359172284603,
  "summary_wm_n": 503992.2251077791,
  "summary_wm_p05": 846.2815774604678,
  "summary_wm_p95": 1033.9751841276884,
  "summary_wm_stdv": 57.335007448085214,
  "tpm_overlap_csf": 0.21491161407128162,
  "tpm_overlap_gm": 0.5364132456846621,
  "tpm_overlap_wm": 0.5657681982334416,
  "wm2max": 0.8107828319426903
}