{
  "bids_meta": {
    "InstitutionName": "HH",
    "dataset": "<unset>",
    "modality": "T1w",
    "subject_id": "1002"
  },
  "cjv": 0.7305515647993253,
  "cnr": 1.28329479029481,
  "efc": 0.6041937806933376,
  "fber": -1.0,
  "fwhm_avg": 4.978173755031455,
  "fwhm_x": 4.328633265094363,
  "fwhm_y": 5.684853333333334,
  "fwhm_z": 4.921034666666667,
  "icvs_csf": 0.2715526470512757,
  "icvs_gm": 0.36090268021051486,
  "icvs_wm": 0.3675446727382096,
  "inu_med": 0.3973468542098999,
  "inu_range": 0.18902108967304226,
  "provenance": {
    "md5sum": "379770abb8de6c933e9f3a0270bd1634",
    "settings": {
      "testing": false
    },
    "software": "mriqc",
    "version": "23.1.0",
    "warnings": {
      "large_rot_frame": true,
      "small_air_mask": false
    }
  },
  "qi_1": 0.0,
  "qi_2": 0.001832337812196455,
  "rpve_csf": 6.768965349307756,
  "rpve_gm": 6.646932379384603,
  "rpve_wm": 6.717680691553305,
  "size_x": 150,
  "size_y": 256,
  "size_z": 256,
  "snr_csf": 2.4508225377340285,
  "snr_gm": 6.552244450108434,
  "snr_total": 7.9887077804698405,
  "snr_wm": 14.963056353567062,
  "snrd_csf": 62.218748701863234,
  "snrd_gm": 110.64958169718635,
  "snrd_total": 102.7041596543417,
  "snrd_wm": 135.2441485639755,
  "spacing_x": 1.1999953985214233,
  "spacing_y": 0.9375,
  "spacing_z": 0.9375,
  "summary_bg_k": 27.875816191254383,
  "summary_bg_mad": 0.0,
  "summary_bg_mean": 1.7837528352001581,
  "summary_bg_median": 0.0,
  "summary_bg_n": 2571157.0,
  "summary_bg_p05": 0.0,
  "summary_bg_p95": 10.653620408847928,
  "summary_bg_stdv": 4.6986629462666185,
  "summary_csf_k": -0.020250237850812258,
  "summary_csf_mad": 143.4075559009421,
  "summary_csf_mean": 457.2365436420869,
  "summary_csf_median": 446.2352100852877,
  "summary_csf_n": 389928.6919925807,
  "summary_csf_p05": 146.91566046327353,
  "summary_csf_p95": 777.5652881618589,
  "summary_csf_stdv": 182.07545875453457,
  "summary_gm_k": -0.2837332138515505,
  "summary_gm_mad": 73.85765266682667,
  "summary_gm_mean": 790.9593801640348,
  "summary_gm_median": 793.5829691961408,
  "summary_gm_n": 518228.4597819818,
  "summary_gm_p05": 580.2373912651092,
  "summary_gm_p95": 997.4172729626298,
  "summary_gm_stdv": 121.11608618533816,
  "summary_wm_k": -0.5944412096102845,
  "summary_wm_mad": 55.00664660231258,
  "summary_wm_mean": 956.4490086648109,
  "summary_wm_median": 969.9761294852942,
  "summary_wm_n": 527765.8496276402,
  "summary_wm_p05": 832.9194137826562,
  "summary_wm_p95": 1042.2419462446123,
  "summary_wm_stdv": 64.82467135185937,
  "tpm_overlap_csf": 0.19511638970906595,
  "tpm_overlap_gm": 0.5070279764855132,
  "tpm_overlap_wm": 0.5400197871928974,
  "wm2max": 0.796816723412073
}