{
  "bids_meta": {
    "InstitutionName": "HH",
    "dataset": "<unset>",
    "modality": "T1w",
    "subject_id": "1195"
  },
  "cjv": 0.9343160927636317,
  "cnr": 0.9656041772184047,
  "efc": 0.5032535673024993,
  "fber": -1.0,
  "fwhm_avg": 5.113794318940463,
  "fwhm_x": 4.539601623488053,
  "fwhm_y": 5.699968,
  "fwhm_z": 5.101813333333333,
  "icvs_csf": 0.2716729747920364,
  "icvs_gm": 0.350596649595313,
  "icvs_wm": 0.37773037561265055,
  "inu_med": 0.4631762206554413,
  "inu_range": 0.2275591909885406,
  "provenance": {
    "md5sum": "5dcab13ad078335495142909122bbd71",
    "settings": {
      "testing": false
    },
    "software": "mriqc",
    "version": "23.1.0",
    "warnings": {
      "large_rot_frame": true,
      "small_air_mask": false
    }
  },
  "qi_1": 0.0,
  "qi_2": 0.0007635854198637067,
  "rpve_csf": 7.66137690680981,
  "rpve_gm": 7.511060143876222,
  "rpve_wm": 7.574589189563294,
  "size_x": 150,
  "size_y": 256,
  "size_z": 256,
  "snr_csf": 2.124166631872788,
  "snr_gm": 6.187501091729126,
  "snr_total": 7.245874054670259,
  "snr_wm": 13.425954440408864,
  "snrd_csf": 37.20475494190351,
  "snrd_gm": 71.33266676928606,
  "snrd_total": 64.18400438745283,
  "snrd_wm": 84.01459145116893,
  "spacing_x": 1.1999995708465576,
  "spacing_y": 0.9375,
  "spacing_z": 0.9375,
  "summary_bg_k": 20.92238570042235,
  "summary_bg_mad": 0.0,
  "summary_bg_mean": 3.130938090926781,
  "summary_bg_median": 0.0,
  "summary_bg_n": 2980241.0,
  "summary_bg_p05": 0.0,
  "summary_bg_p95": 17.94644028879702,
  "summary_bg_stdv": 7.237121418270519,
  "summary_csf_k": -0.42473281824398823,
  "summary_csf_mad": 145.34356874690974,
  "summary_csf_mean": 415.0367495167936,
  "summary_csf_median": 410.99125136621296,
  "summary_csf_n": 345352.5876551032,
  "summary_csf_p05": 78.15712821669877,
  "summary_csf_p95": 755.3242959454656,
  "summary_csf_stdv": 193.48324663778962,
  "summary_gm_k": 0.4653296132614648,
  "summary_gm_mad": 67.02664317406686,
  "summary_gm_mean": 779.5654117942494,
  "summary_gm_median": 787.9934170935303,
  "summary_gm_n": 445680.9156436567,
  "summary_gm_p05": 555.0196844618767,
  "summary_gm_p95": 983.2973938714713,
  "summary_gm_stdv": 127.35230610515585,
  "summary_wm_k": -0.5484382370336389,
  "summary_wm_mad": 63.865364102409586,
  "summary_wm_mean": 921.5000538298939,
  "summary_wm_median": 928.0873406492174,
  "summary_wm_n": 480173.49813179456,
  "summary_wm_p05": 801.8276603147388,
  "summary_wm_p95": 1026.3739273510873,
  "summary_wm_stdv": 69.126286578708,
  "tpm_overlap_csf": 0.18132268694595238,
  "tpm_overlap_gm": 0.505414954037833,
  "tpm_overlap_wm": 0.5423940171526485,
  "wm2max": 0.6834401929080135
}