{
  "bids_meta": {
    "InstitutionName": "HH",
    "dataset": "<unset>",
    "modality": "T1w",
    "subject_id": "0531"
  },
  "cjv": 0.6655610650201603,
  "cnr": 1.5212276561960203,
  "efc": 0.5981792851594956,
  "fber": -1.0,
  "fwhm_avg": 5.2023292663697545,
  "fwhm_x": 4.446870465775928,
  "fwhm_y": 6.052746666666667,
  "fwhm_z": 5.107370666666667,
  "icvs_csf": 0.2601497052060052,
  "icvs_gm": 0.3805319911009776,
  "icvs_wm": 0.35931830369301715,
  "inu_med": 0.35759237408638,
  "inu_range": 0.16002468019723892,
  "provenance": {
    "md5sum": "65c5e2e1d50ff1ab08e39b1f35bce4d4",
    "settings": {
      "testing": false
    },
    "software": "mriqc",
    "version": "23.1.0",
    "warnings": {
      "large_rot_frame": true,
      "small_air_mask": false
    }
  },
  "qi_1": 0.0,
  "qi_2": 0.0023443856413857865,
  "rpve_csf": 6.8658571509075434,
  "rpve_gm": 6.761766274993327,
  "rpve_wm": 6.836170213144933,
  "size_x": 150,
  "size_y": 256,
  "size_z": 256,
  "snr_csf": 2.4252936094300446,
  "snr_gm": 7.910632143626112,
  "snr_total": 8.775587559168924,
  "snr_wm": 15.990836924450614,
  "snrd_csf": 67.1299168136974,
  "snrd_gm": 106.20276677406223,
  "snrd_total": 101.14563261051258,
  "snrd_wm": 130.10421424377813,
  "spacing_x": 1.1999989748001099,
  "spacing_y": 0.9375,
  "spacing_z": 0.9375,
  "summary_bg_k": 24.14746379334784,
  "summary_bg_mad": 0.0,
  "summary_bg_mean": 1.7616412028634,
  "summary_bg_median": 0.0,
  "summary_bg_n": 2767374.0,
  "summary_bg_p05": 0.0,
  "summary_bg_p95": 12.501644678413868,
  "summary_bg_stdv": 4.871909981748252,
  "summary_csf_k": -0.2990511368945037,
  "summary_csf_mad": 150.97868029063977,
  "summary_csf_mean": 498.17818654848315,
  "summary_csf_median": 499.21041144803166,
  "summary_csf_n": 367773.6384724979,
  "summary_csf_p05": 132.60516443103552,
  "summary_csf_p95": 824.6918272860348,
  "summary_csf_stdv": 205.83476194966718,
  "summary_gm_k": -0.5282100781375685,
  "summary_gm_mad": 70.20524892256972,
  "summary_gm_mean": 791.8018634035737,
  "summary_gm_median": 789.7749530263245,
  "summary_gm_n": 537958.0761453047,
  "summary_gm_p05": 625.9376096092165,
  "summary_gm_p95": 973.3956008292735,
  "summary_gm_stdv": 99.83705532478092,
  "summary_wm_k": -0.4974633610103103,
  "summary_wm_mad": 48.09335949813832,
  "summary_wm_mean": 953.7935435631223,
  "summary_wm_median": 967.5176345594227,
  "summary_wm_n": 507968.28623850556,
  "summary_wm_p05": 836.3600289858878,
  "summary_wm_p95": 1032.6358504369855,
  "summary_wm_stdv": 60.504443062576264,
  "tpm_overlap_csf": 0.1926166170964491,
  "tpm_overlap_gm": 0.5272110279339682,
  "tpm_overlap_wm": 0.5411071156061684,
  "wm2max": 0.834338902455196
}