{
  "bids_meta": {
    "InstitutionName": "HH",
    "dataset": "<unset>",
    "modality": "T1w",
    "subject_id": "0542"
  },
  "cjv": 0.6241352611573804,
  "cnr": 1.5684722368447825,
  "efc": 0.6514535267343762,
  "fber": -1.0,
  "fwhm_avg": 4.940514875251085,
  "fwhm_x": 4.36590729241992,
  "fwhm_y": 5.574048,
  "fwhm_z": 4.881589333333333,
  "icvs_csf": 0.2591877206417117,
  "icvs_gm": 0.3790900211105257,
  "icvs_wm": 0.3617222582477627,
  "inu_med": 0.3625556230545044,
  "inu_range": 0.1686009168624878,
  "provenance": {
    "md5sum": "4461b9f4b3cea7db61742a7fbf1eebdc",
    "settings": {
      "testing": false
    },
    "software": "mriqc",
    "version": "23.1.0",
    "warnings": {
      "large_rot_frame": true,
      "small_air_mask": false
    }
  },
  "qi_1": 0.0,
  "qi_2": 0.001524133448351725,
  "rpve_csf": 6.537424819606965,
  "rpve_gm": 6.446297016589838,
  "rpve_wm": 6.525601005193087,
  "size_x": 150,
  "size_y": 256,
  "size_z": 256,
  "snr_csf": 2.3526642463119534,
  "snr_gm": 7.564240166669585,
  "snr_total": 9.101093015345427,
  "snr_wm": 17.386374633054743,
  "snrd_csf": 27.482806221567746,
  "snrd_gm": 43.22622526713381,
  "snrd_total": 41.38835137477727,
  "snrd_wm": 53.45602263563026,
  "spacing_x": 1.200000286102295,
  "spacing_y": 0.9375,
  "spacing_z": 0.9375,
  "summary_bg_k": 973.0460906042276,
  "summary_bg_mad": 0.0,
  "summary_bg_mean": 1.2739978464742872,
  "summary_bg_median": 0.0,
  "summary_bg_n": 2464388.0,
  "summary_bg_p05": 0.0,
  "summary_bg_p95": 6.809934541583061,
  "summary_bg_stdv": 11.944300264414306,
  "summary_csf_k": 0.0009596547555812407,
  "summary_csf_mad": 144.35440904060252,
  "summary_csf_mean": 497.1999274379334,
  "summary_csf_median": 501.06037402153015,
  "summary_csf_n": 384304.63176737423,
  "summary_csf_p05": 86.99750286340714,
  "summary_csf_p95": 826.9475529491901,
  "summary_csf_stdv": 212.97544811222923,
  "summary_gm_k": -0.3470465580131714,
  "summary_gm_mad": 71.37368288236954,
  "summary_gm_mean": 789.325433566008,
  "summary_gm_median": 788.0908676236868,
  "summary_gm_n": 562087.0101749762,
  "summary_gm_p05": 612.2107589095831,
  "summary_gm_p95": 978.1328125298023,
  "summary_gm_stdv": 104.18629620672613,
  "summary_wm_k": -0.39554583147474087,
  "summary_wm_mad": 45.03214744756453,
  "summary_wm_mean": 963.351717439511,
  "summary_wm_median": 974.5982444286346,
  "summary_wm_n": 536335.3592284265,
  "summary_wm_p05": 852.7499000877142,
  "summary_wm_p95": 1036.0997293889523,
  "summary_wm_stdv": 56.05523615047571,
  "tpm_overlap_csf": 0.21574604307769854,
  "tpm_overlap_gm": 0.5179613309943357,
  "tpm_overlap_wm": 0.5446248127541846,
  "wm2max": 0.8514668039114771
}