{
  "bids_meta": {
    "InstitutionName": "HH",
    "dataset": "<unset>",
    "modality": "T1w",
    "subject_id": "0271"
  },
  "cjv": 0.606899646575584,
  "cnr": 1.6308995355733042,
  "efc": 0.5924243279512629,
  "fber": -1.0,
  "fwhm_avg": 5.223694786417904,
  "fwhm_x": 4.467404359253712,
  "fwhm_y": 6.094453333333333,
  "fwhm_z": 5.109226666666667,
  "icvs_csf": 0.26585561657370554,
  "icvs_gm": 0.3787738176611488,
  "icvs_wm": 0.35537056576514564,
  "inu_med": 0.38796085119247437,
  "inu_range": 0.17859508097171783,
  "provenance": {
    "md5sum": "3ff4f56640da6cc3ed2782c9bb7380ae",
    "settings": {
      "testing": false
    },
    "software": "mriqc",
    "version": "23.1.0",
    "warnings": {
      "large_rot_frame": true,
      "small_air_mask": false
    }
  },
  "qi_1": 0.0,
  "qi_2": 0.0014991348387917672,
  "rpve_csf": 6.491710563101988,
  "rpve_gm": 6.39362411265912,
  "rpve_wm": 6.460385027085529,
  "size_x": 150,
  "size_y": 256,
  "size_z": 256,
  "snr_csf": 2.171402965088261,
  "snr_gm": 7.560294356704005,
  "snr_total": 8.281306808992548,
  "snr_wm": 15.11222310518538,
  "snrd_csf": 73.63462926635799,
  "snrd_gm": 132.4839214713005,
  "snrd_total": 124.12111308311079,
  "snrd_wm": 166.24478851167385,
  "spacing_x": 1.1999965906143188,
  "spacing_y": 0.9375,
  "spacing_z": 0.9375,
  "summary_bg_k": 41.47616777306301,
  "summary_bg_mad": 0.0,
  "summary_bg_mean": 1.2552474260202464,
  "summary_bg_median": 0.0,
  "summary_bg_n": 2778053.0,
  "summary_bg_p05": 0.0,
  "summary_bg_p95": 8.947592686861753,
  "summary_bg_stdv": 3.823071664178148,
  "summary_csf_k": -0.3715427255193746,
  "summary_csf_mad": 160.83809068504058,
  "summary_csf_mean": 442.98525973693995,
  "summary_csf_median": 429.6974868904799,
  "summary_csf_n": 398045.94158607826,
  "summary_csf_p05": 98.28149427473545,
  "summary_csf_p95": 777.0203109495342,
  "summary_csf_stdv": 197.88908555442478,
  "summary_gm_k": -0.5102978332268804,
  "summary_gm_mad": 70.75051076173726,
  "summary_gm_mean": 775.5513492206969,
  "summary_gm_median": 773.1146157290787,
  "summary_gm_n": 567110.0082148776,
  "summary_gm_p05": 606.2822526153177,
  "summary_gm_p95": 967.4762124270201,
  "summary_gm_stdv": 102.25976630348468,
  "summary_wm_k": -0.5228797236844933,
  "summary_wm_mad": 48.816448645623275,
  "summary_wm_mean": 953.4272283894502,
  "summary_wm_median": 970.127351000905,
  "summary_wm_n": 532070.0509735073,
  "summary_wm_p05": 823.7939700745046,
  "summary_wm_p95": 1031.6006266828626,
  "summary_wm_stdv": 64.1948198219637,
  "tpm_overlap_csf": 0.1993989354316771,
  "tpm_overlap_gm": 0.5337247818716606,
  "tpm_overlap_wm": 0.5616811381435441,
  "wm2max": 0.8282306448955975
}