{
  "bids_meta": {
    "InstitutionName": "HH",
    "dataset": "<unset>",
    "modality": "T1w",
    "subject_id": "0115"
  },
  "cjv": 0.5950354195347595,
  "cnr": 1.8186812206445775,
  "efc": 0.650694995074049,
  "fber": -1.0,
  "fwhm_avg": 4.999134028572722,
  "fwhm_x": 4.246970085718166,
  "fwhm_y": 5.835338666666667,
  "fwhm_z": 4.915093333333333,
  "icvs_csf": 0.24608778236287696,
  "icvs_gm": 0.39297605225320953,
  "icvs_wm": 0.3609361653839135,
  "inu_med": 0.3315685838460922,
  "inu_range": 0.16408679187297823,
  "provenance": {
    "md5sum": "23e5b7bfe5197626f1dd27d0b2a89df0",
    "settings": {
      "testing": false
    },
    "software": "mriqc",
    "version": "23.1.0",
    "warnings": {
      "large_rot_frame": true,
      "small_air_mask": false
    }
  },
  "qi_1": 0.0,
  "qi_2": 0.0013826519581631592,
  "rpve_csf": 5.760891327333255,
  "rpve_gm": 5.688203932970571,
  "rpve_wm": 5.764250757395547,
  "size_x": 150,
  "size_y": 256,
  "size_z": 256,
  "snr_csf": 2.427798381985274,
  "snr_gm": 8.964608721809098,
  "snr_total": 9.917103225438163,
  "snr_wm": 18.35890257252012,
  "snrd_csf": 65.71526696291029,
  "snrd_gm": 96.04907638502178,
  "snrd_total": 93.5369662770084,
  "snrd_wm": 118.84655548309314,
  "spacing_x": 1.200003743171692,
  "spacing_y": 0.9375,
  "spacing_z": 0.9375,
  "summary_bg_k": 1274.790614047399,
  "summary_bg_mad": 0.0,
  "summary_bg_mean": 1.4226310938916478,
  "summary_bg_median": 0.0,
  "summary_bg_n": 2513976.0,
  "summary_bg_p05": 0.0,
  "summary_bg_p95": 10.118531053885818,
  "summary_bg_stdv": 5.389599380885483,
  "summary_csf_k": -0.005779567968914989,
  "summary_csf_mad": 146.66652415363026,
  "summary_csf_mean": 530.4616238186668,
  "summary_csf_median": 540.6186591647565,
  "summary_csf_n": 413168.59032377694,
  "summary_csf_p05": 103.41927194036543,
  "summary_csf_p95": 860.8373146466911,
  "summary_csf_stdv": 222.6782952575078,
  "summary_gm_k": -0.6439031240632009,
  "summary_gm_mad": 67.95600906586907,
  "summary_gm_mean": 793.6594530543938,
  "summary_gm_median": 790.1652886625379,
  "summary_gm_n": 659786.3574593891,
  "summary_gm_p05": 651.4757084771991,
  "summary_gm_p95": 956.477144530043,
  "summary_gm_stdv": 88.14268579688236,
  "summary_wm_k": -0.26928975029407987,
  "summary_wm_mad": 43.641473712026006,
  "summary_wm_mean": 968.5222004026224,
  "summary_wm_median": 977.7129187937826,
  "summary_wm_n": 605993.0534407443,
  "summary_wm_p05": 864.6744718775153,
  "summary_wm_p95": 1039.8958914522082,
  "summary_wm_stdv": 53.25547691253775,
  "tpm_overlap_csf": 0.22073519324624225,
  "tpm_overlap_gm": 0.5232762488380552,
  "tpm_overlap_wm": 0.5477409704567449,
  "wm2max": 0.6859350223107276
}