{
  "bids_meta": {
    "InstitutionName": "HH",
    "dataset": "<unset>",
    "modality": "T1w",
    "subject_id": "0659"
  },
  "cjv": 0.7262941816389755,
  "cnr": 1.2702916224970235,
  "efc": 0.5654494905496158,
  "fber": -1.0,
  "fwhm_avg": 4.761284612930562,
  "fwhm_x": 4.132088505458352,
  "fwhm_y": 5.445738666666667,
  "fwhm_z": 4.706026666666667,
  "icvs_csf": 0.26929954533176,
  "icvs_gm": 0.3628120325799809,
  "icvs_wm": 0.3678884220882592,
  "inu_med": 0.3886055052280426,
  "inu_range": 0.17444585114717465,
  "provenance": {
    "md5sum": "6bbb6812e55a6a20f57a041135bc006f",
    "settings": {
      "testing": false
    },
    "software": "mriqc",
    "version": "23.1.0",
    "warnings": {
      "large_rot_frame": true,
      "small_air_mask": false
    }
  },
  "qi_1": 0.0,
  "qi_2": 0.0015108572288324393,
  "rpve_csf": 7.368710204439171,
  "rpve_gm": 7.240705745217231,
  "rpve_wm": 7.31295389538933,
  "size_x": 150,
  "size_y": 256,
  "size_z": 256,
  "snr_csf": 2.583317962714419,
  "snr_gm": 6.797706567450704,
  "snr_total": 7.909781825044708,
  "snr_wm": 14.348320944969002,
  "snrd_csf": 51.242764048751575,
  "snrd_gm": 87.9990103761907,
  "snrd_total": 82.07885346741433,
  "snrd_wm": 106.99478597730077,
  "spacing_x": 1.1999984979629517,
  "spacing_y": 0.9375,
  "spacing_z": 0.9375,
  "summary_bg_k": 28.758125920109222,
  "summary_bg_mad": 0.0,
  "summary_bg_mean": 2.2055552585252856,
  "summary_bg_median": 0.0,
  "summary_bg_n": 2527526.0,
  "summary_bg_p05": 0.0,
  "summary_bg_p95": 13.855992453172803,
  "summary_bg_stdv": 5.891314253739728,
  "summary_csf_k": 0.09236245816130895,
  "summary_csf_mad": 143.55466327511544,
  "summary_csf_mean": 474.01717731588184,
  "summary_csf_median": 460.8005695324391,
  "summary_csf_n": 355406.4594443693,
  "summary_csf_p05": 191.4732358828187,
  "summary_csf_p95": 785.8597839381546,
  "summary_csf_stdv": 178.37522438591148,
  "summary_gm_k": -0.08063503552613271,
  "summary_gm_mad": 67.77409494152955,
  "summary_gm_mean": 790.9073369661625,
  "summary_gm_median": 791.331124547869,
  "summary_gm_n": 478819.00351600366,
  "summary_gm_p05": 589.6494566183537,
  "summary_gm_p95": 991.8522050753236,
  "summary_gm_stdv": 116.41136467998854,
  "summary_wm_k": -0.5494398437196746,
  "summary_wm_mad": 56.291126523975066,
  "summary_wm_mean": 947.6304485635951,
  "summary_wm_median": 962.1506417654455,
  "summary_wm_n": 485518.53811668453,
  "summary_wm_p05": 819.5641895122826,
  "summary_wm_p95": 1035.267648095265,
  "summary_wm_stdv": 67.05660227469231,
  "tpm_overlap_csf": 0.20281303592558092,
  "tpm_overlap_gm": 0.5124971162992863,
  "tpm_overlap_wm": 0.5481794441080546,
  "wm2max": 0.7707311076700197
}