{
  "bids_meta": {
    "InstitutionName": "HH",
    "dataset": "<unset>",
    "modality": "T1w",
    "subject_id": "0883"
  },
  "cjv": 0.6174118999578405,
  "cnr": 1.7359344560794114,
  "efc": 0.6455137554267655,
  "fber": -1.0,
  "fwhm_avg": 5.151329530288818,
  "fwhm_x": 4.401007257533121,
  "fwhm_y": 5.9148266666666665,
  "fwhm_z": 5.138154666666667,
  "icvs_csf": 0.2615969360080252,
  "icvs_gm": 0.38152584705998965,
  "icvs_wm": 0.3568772169319852,
  "inu_med": 0.3741982579231262,
  "inu_range": 0.17724645584821702,
  "provenance": {
    "md5sum": "b71f6f75851bb8a69145b4f9e2140a4c",
    "settings": {
      "testing": false
    },
    "software": "mriqc",
    "version": "23.1.0",
    "warnings": {
      "large_rot_frame": true,
      "small_air_mask": false
    }
  },
  "qi_1": 0.0,
  "qi_2": 0.001469106819779304,
  "rpve_csf": 6.572572065176962,
  "rpve_gm": 6.4966654837624,
  "rpve_wm": 6.571578309309307,
  "size_x": 150,
  "size_y": 256,
  "size_z": 256,
  "snr_csf": 2.4015059437378095,
  "snr_gm": 8.295846215268563,
  "snr_total": 9.764172104393056,
  "snr_wm": 18.5951641541728,
  "snrd_csf": 68.05934916835356,
  "snrd_gm": 107.31286994714263,
  "snrd_total": 102.78989957240925,
  "snrd_wm": 132.99747960173158,
  "spacing_x": 1.1999980211257935,
  "spacing_y": 0.9375,
  "spacing_z": 0.9375,
  "summary_bg_k": 59.277178747984,
  "summary_bg_mad": 0.0,
  "summary_bg_mean": 1.3411308452349606,
  "summary_bg_median": 0.0,
  "summary_bg_n": 2457774.0,
  "summary_bg_p05": 0.0,
  "summary_bg_p95": 9.59338802844286,
  "summary_bg_stdv": 4.801731560722917,
  "summary_csf_k": -0.17012969344427065,
  "summary_csf_mad": 149.0151457332768,
  "summary_csf_mean": 497.3137370040538,
  "summary_csf_median": 498.83157904818654,
  "summary_csf_n": 386166.78127627703,
  "summary_csf_p05": 116.27678259089589,
  "summary_csf_p95": 823.2356849946082,
  "summary_csf_stdv": 207.71588530634168,
  "summary_gm_k": -0.6536262858981923,
  "summary_gm_mad": 72.46527033089109,
  "summary_gm_mean": 788.1605733792768,
  "summary_gm_median": 786.5348261781037,
  "summary_gm_n": 563204.6406244664,
  "summary_gm_p05": 630.5561762079597,
  "summary_gm_p95": 959.6339840143919,
  "summary_gm_stdv": 94.81059647210192,
  "summary_wm_k": -0.2912155484846166,
  "summary_wm_mad": 43.763625766013746,
  "summary_wm_mean": 965.9732794022614,
  "summary_wm_median": 974.7866174131632,
  "summary_wm_n": 526818.5792865425,
  "summary_wm_p05": 864.8562299795449,
  "summary_wm_p95": 1037.1436395980418,
  "summary_wm_stdv": 52.42146206224819,
  "tpm_overlap_csf": 0.20215982908047372,
  "tpm_overlap_gm": 0.5260111971978232,
  "tpm_overlap_wm": 0.5585701477873728,
  "wm2max": 0.7243944794808519
}