{
  "bids_meta": {
    "InstitutionName": "HH",
    "dataset": "<unset>",
    "modality": "T1w",
    "subject_id": "1091"
  },
  "cjv": 0.8670995624099627,
  "cnr": 0.9965138106155825,
  "efc": 0.5667413899785184,
  "fber": -1.0,
  "fwhm_avg": 4.7273647332149515,
  "fwhm_x": 4.084110199644855,
  "fwhm_y": 5.458816,
  "fwhm_z": 4.639168,
  "icvs_csf": 0.2721206592869898,
  "icvs_gm": 0.34538415181126464,
  "icvs_wm": 0.38249518890174544,
  "inu_med": 0.45895838737487793,
  "inu_range": 0.22515181899070735,
  "provenance": {
    "md5sum": "f75485be1ae44943a5424c49c1732ad6",
    "settings": {
      "testing": false
    },
    "software": "mriqc",
    "version": "23.1.0",
    "warnings": {
      "large_rot_frame": true,
      "small_air_mask": false
    }
  },
  "qi_1": 0.0,
  "qi_2": 0.0023710695230126613,
  "rpve_csf": 7.212713128300253,
  "rpve_gm": 7.068710088891269,
  "rpve_wm": 7.147817698871609,
  "size_x": 150,
  "size_y": 256,
  "size_z": 256,
  "snr_csf": 2.30899188357228,
  "snr_gm": 4.836926126017688,
  "snr_total": 6.354697230023906,
  "snr_wm": 11.918173680481754,
  "snrd_csf": 51.85057286079926,
  "snrd_gm": 103.80571717164634,
  "snrd_total": 94.45837884640564,
  "snrd_wm": 127.7188465067713,
  "spacing_x": 1.199999451637268,
  "spacing_y": 0.9375,
  "spacing_z": 0.9375,
  "summary_bg_k": 17.37056460752138,
  "summary_bg_mad": 0.0,
  "summary_bg_mean": 1.8588390250906166,
  "summary_bg_median": 0.0,
  "summary_bg_n": 2838118.0,
  "summary_bg_p05": 0.0,
  "summary_bg_p95": 12.568224269896746,
  "summary_bg_stdv": 4.8623979328667515,
  "summary_csf_k": 0.42239294573783903,
  "summary_csf_mad": 118.00091588013913,
  "summary_csf_mean": 407.5845588029068,
  "summary_csf_median": 384.83301843144,
  "summary_csf_n": 366592.51699079364,
  "summary_csf_p05": 123.92970146611333,
  "summary_csf_p95": 723.2487304955721,
  "summary_csf_stdv": 166.66688882303868,
  "summary_gm_k": 0.28974856631916923,
  "summary_gm_mad": 74.90589752944976,
  "summary_gm_mean": 751.1663076559961,
  "summary_gm_median": 770.4421622660011,
  "summary_gm_n": 465290.8230965594,
  "summary_gm_p05": 447.39874044433236,
  "summary_gm_p95": 1001.9778954293579,
  "summary_gm_stdv": 159.28325433930883,
  "summary_wm_k": -0.9320455995739563,
  "summary_wm_mad": 78.988974203503,
  "summary_wm_mean": 932.8066852845402,
  "summary_wm_median": 947.9245165474713,
  "summary_wm_n": 515285.6618963216,
  "summary_wm_p05": 791.2473303303123,
  "summary_wm_p95": 1039.4822778124362,
  "summary_wm_stdv": 79.5359777559345,
  "tpm_overlap_csf": 0.18678350095670687,
  "tpm_overlap_gm": 0.48127267403785096,
  "tpm_overlap_wm": 0.5266461181000864,
  "wm2max": 0.7268434086502467
}