{
  "bids_meta": {
    "InstitutionName": "HH",
    "dataset": "<unset>",
    "modality": "T1w",
    "subject_id": "0879"
  },
  "cjv": 0.7157390020371871,
  "cnr": 1.29426642178223,
  "efc": 0.6963480792062688,
  "fber": -1.0,
  "fwhm_avg": 5.184787194342802,
  "fwhm_x": 4.4264682496950725,
  "fwhm_y": 6.066869333333333,
  "fwhm_z": 5.061024000000001,
  "icvs_csf": 0.2686296454236915,
  "icvs_gm": 0.37492239351227097,
  "icvs_wm": 0.35644796106403753,
  "inu_med": 0.45789259672164917,
  "inu_range": 0.28540560603141785,
  "provenance": {
    "md5sum": "20b8aa5163f944dd77f1c0deb4c1d2eb",
    "settings": {
      "testing": false
    },
    "software": "mriqc",
    "version": "23.1.0",
    "warnings": {
      "large_rot_frame": true,
      "small_air_mask": false
    }
  },
  "qi_1": 0.0,
  "qi_2": 0.0031424633544090306,
  "rpve_csf": 5.7403903845336846,
  "rpve_gm": 5.602250938468908,
  "rpve_wm": 5.6682115826645125,
  "size_x": 150,
  "size_y": 256,
  "size_z": 256,
  "snr_csf": 2.3782511690451904,
  "snr_gm": 7.489354859684896,
  "snr_total": 7.275870502828354,
  "snr_wm": 11.960005479754978,
  "snrd_csf": 13.579951088293253,
  "snrd_gm": 23.689383663616045,
  "snrd_total": 22.060170433032255,
  "snrd_wm": 28.911176547187466,
  "spacing_x": 1.1999995708465576,
  "spacing_y": 0.9375,
  "spacing_z": 0.9375,
  "summary_bg_k": 952.0424433112701,
  "summary_bg_mad": 0.0,
  "summary_bg_mean": 1.9003781411689047,
  "summary_bg_median": 0.0,
  "summary_bg_n": 2271187.0,
  "summary_bg_p05": 0.0,
  "summary_bg_p95": 8.760701961815357,
  "summary_bg_stdv": 21.525914461775873,
  "summary_csf_k": -0.05862721742910537,
  "summary_csf_mad": 149.58017037210496,
  "summary_csf_mean": 457.68031655423823,
  "summary_csf_median": 446.1984794642776,
  "summary_csf_n": 454117.0726828807,
  "summary_csf_p05": 126.9448469337076,
  "summary_csf_p95": 779.6740307640284,
  "summary_csf_stdv": 187.6160070854981,
  "summary_gm_k": -0.21096654593917075,
  "summary_gm_mad": 61.06345833064787,
  "summary_gm_mean": 778.7458056330532,
  "summary_gm_median": 778.3656142372638,
  "summary_gm_n": 633804.431958781,
  "summary_gm_p05": 602.2982598748058,
  "summary_gm_p95": 969.7357531953603,
  "summary_gm_stdv": 103.92951259186967,
  "summary_wm_k": -0.6425313068803749,
  "summary_wm_mad": 61.73819267684287,
  "summary_wm_mean": 928.6589698805275,
  "summary_wm_median": 949.9388422686607,
  "summary_wm_n": 602573.4962605371,
  "summary_wm_p05": 781.0108911283314,
  "summary_wm_p95": 1030.0651326142251,
  "summary_wm_stdv": 79.42622230746323,
  "tpm_overlap_csf": 0.19623854281565928,
  "tpm_overlap_gm": 0.5309011858196021,
  "tpm_overlap_wm": 0.5642983052340849,
  "wm2max": 0.6769296254256527
}