{
  "bids_meta": {
    "InstitutionName": "HH",
    "dataset": "<unset>",
    "modality": "T1w",
    "subject_id": "1153"
  },
  "cjv": 0.7528735072357327,
  "cnr": 1.1871616920798036,
  "efc": 0.6154974938538652,
  "fber": -1.0,
  "fwhm_avg": 4.814091932924387,
  "fwhm_x": 4.1643131321064955,
  "fwhm_y": 5.513962666666667,
  "fwhm_z": 4.763999999999999,
  "icvs_csf": 0.2677848494266391,
  "icvs_gm": 0.3559566444373773,
  "icvs_wm": 0.37625850613598355,
  "inu_med": 0.3818567097187042,
  "inu_range": 0.15926533639431006,
  "provenance": {
    "md5sum": "83a54eb3d45917bcb4a494233070b0b1",
    "settings": {
      "testing": false
    },
    "software": "mriqc",
    "version": "23.1.0",
    "warnings": {
      "large_rot_frame": true,
      "small_air_mask": false
    }
  },
  "qi_1": 0.0,
  "qi_2": 0.00124449347639709,
  "rpve_csf": 7.229159333546156,
  "rpve_gm": 7.1002869938133415,
  "rpve_wm": 7.166474374948278,
  "size_x": 150,
  "size_y": 256,
  "size_z": 256,
  "snr_csf": 2.5156457669240146,
  "snr_gm": 6.425099246867445,
  "snr_total": 7.855072597517041,
  "snr_wm": 14.624472778759662,
  "snrd_csf": 61.401071913802205,
  "snrd_gm": 114.89549671222683,
  "snrd_total": 105.0813860233525,
  "snrd_wm": 138.94758944402847,
  "spacing_x": 1.1999986171722412,
  "spacing_y": 0.9375,
  "spacing_z": 0.9375,
  "summary_bg_k": 1444.0376711430752,
  "summary_bg_mad": 0.0,
  "summary_bg_mean": 1.3263995700735234,
  "summary_bg_median": 0.0,
  "summary_bg_n": 3043149.0,
  "summary_bg_p05": 0.0,
  "summary_bg_p95": 9.24495356157422,
  "summary_bg_stdv": 4.596162322244473,
  "summary_csf_k": 0.20882741306512065,
  "summary_csf_mad": 135.7515561842244,
  "summary_csf_mean": 450.99610948802405,
  "summary_csf_median": 430.76417868956923,
  "summary_csf_n": 360629.87379856274,
  "summary_csf_p05": 163.8003141991794,
  "summary_csf_p95": 764.6463097818196,
  "summary_csf_stdv": 171.2337989371391,
  "summary_gm_k": -0.25543663936892935,
  "summary_gm_mad": 69.4717507443472,
  "summary_gm_mean": 801.0456585719729,
  "summary_gm_median": 806.0586360096931,
  "summary_gm_n": 479372.1528162049,
  "summary_gm_p05": 580.4311118274927,
  "summary_gm_p95": 1010.0048444420099,
  "summary_gm_stdv": 125.4545282951278,
  "summary_wm_k": -0.502332663572691,
  "summary_wm_mad": 57.56767237355906,
  "summary_wm_mean": 963.1941440699565,
  "summary_wm_median": 974.7980349883437,
  "summary_wm_n": 506712.97451661254,
  "summary_wm_p05": 837.5168067589402,
  "summary_wm_p95": 1054.861865695566,
  "summary_wm_stdv": 66.65519419748358,
  "tpm_overlap_csf": 0.20550039907298365,
  "tpm_overlap_gm": 0.5023809826368184,
  "tpm_overlap_wm": 0.5593154279887477,
  "wm2max": 0.6849383331257007
}