{
  "bids_meta": {
    "InstitutionName": "HH",
    "dataset": "<unset>",
    "modality": "T1w",
    "subject_id": "0457"
  },
  "cjv": 0.6853459176917213,
  "cnr": 1.3757357964008199,
  "efc": 0.576229822405312,
  "fber": -1.0,
  "fwhm_avg": 5.060647934674033,
  "fwhm_x": 4.425176123864608,
  "fwhm_y": 5.72608,
  "fwhm_z": 5.030687680157491,
  "icvs_csf": 0.272731778594823,
  "icvs_gm": 0.3623353134049133,
  "icvs_wm": 0.3649329080002636,
  "inu_med": 0.4035871922969818,
  "inu_range": 0.20355473458766937,
  "provenance": {
    "md5sum": "93003f8d3eaa809210cf437498decca0",
    "settings": {
      "testing": false
    },
    "software": "mriqc",
    "version": "23.1.0",
    "warnings": {
      "large_rot_frame": true,
      "small_air_mask": false
    }
  },
  "qi_1": 0.0,
  "qi_2": 0.0011337722357324528,
  "rpve_csf": 6.709044880269821,
  "rpve_gm": 6.59675256876029,
  "rpve_wm": 6.657577907316332,
  "size_x": 150,
  "size_y": 256,
  "size_z": 256,
  "snr_csf": 2.2577953758327913,
  "snr_gm": 6.992085008689543,
  "snr_total": 8.317493747211843,
  "snr_wm": 15.702600857113199,
  "snrd_csf": 66.8698394150392,
  "snrd_gm": 127.6255401524602,
  "snrd_total": 116.91158798098984,
  "snrd_wm": 156.2393843754701,
  "spacing_x": 1.2000019550323486,
  "spacing_y": 0.9375,
  "spacing_z": 0.9375000596046448,
  "summary_bg_k": 54.595466240763855,
  "summary_bg_mad": 0.0,
  "summary_bg_mean": 1.3688952279570687,
  "summary_bg_median": 0.0,
  "summary_bg_n": 2520827.0,
  "summary_bg_p05": 0.0,
  "summary_bg_p95": 8.811128947883844,
  "summary_bg_stdv": 4.074061184049088,
  "summary_csf_k": -0.17558795804740557,
  "summary_csf_mad": 150.13551488615605,
  "summary_csf_mean": 427.6936932950315,
  "summary_csf_median": 415.83984212204814,
  "summary_csf_n": 395778.26636091975,
  "summary_csf_p05": 98.84117430076003,
  "summary_csf_p95": 759.4233775138855,
  "summary_csf_stdv": 184.1793641834658,
  "summary_gm_k": -0.41348050827628047,
  "summary_gm_mad": 70.44503590519713,
  "summary_gm_mean": 790.626271051574,
  "summary_gm_median": 793.6580217927694,
  "summary_gm_n": 525807.6008582127,
  "summary_gm_p05": 591.532238535583,
  "summary_gm_p95": 988.563223734498,
  "summary_gm_stdv": 113.50795450888356,
  "summary_wm_k": -0.6124158669432993,
  "summary_wm_mad": 51.50497843015475,
  "summary_wm_mean": 957.5425644490211,
  "summary_wm_median": 971.5973823219538,
  "summary_wm_n": 529577.1340272225,
  "summary_wm_p05": 836.8300289586186,
  "summary_wm_p95": 1037.3147710077465,
  "summary_wm_stdv": 61.87487498596034,
  "tpm_overlap_csf": 0.19377500494881095,
  "tpm_overlap_gm": 0.5157193784364975,
  "tpm_overlap_wm": 0.5696133220157363,
  "wm2max": 0.7153319338411657
}