{
  "bids_meta": {
    "InstitutionName": "HH",
    "dataset": "<unset>",
    "modality": "T1w",
    "subject_id": "0982"
  },
  "cjv": 0.6613790778318311,
  "cnr": 1.4880319939115376,
  "efc": 0.5847212542596748,
  "fber": -1.0,
  "fwhm_avg": 5.034774343866183,
  "fwhm_x": 4.402371350318691,
  "fwhm_y": 5.688917333333333,
  "fwhm_z": 5.013034347946526,
  "icvs_csf": 0.2540133325497314,
  "icvs_gm": 0.38755177673857516,
  "icvs_wm": 0.35843489071169354,
  "inu_med": 0.4237253665924072,
  "inu_range": 0.22369729876518246,
  "provenance": {
    "md5sum": "60961ef6c69e58dcd9b7ee7d31861466",
    "settings": {
      "testing": false
    },
    "software": "mriqc",
    "version": "23.1.0",
    "warnings": {
      "large_rot_frame": true,
      "small_air_mask": false
    }
  },
  "qi_1": 0.0,
  "qi_2": 0.0013034311052138438,
  "rpve_csf": 6.497583717296608,
  "rpve_gm": 6.382400664807468,
  "rpve_wm": 6.453650333319564,
  "size_x": 150,
  "size_y": 256,
  "size_z": 256,
  "snr_csf": 2.3573785882708362,
  "snr_gm": 8.240016138637252,
  "snr_total": 8.078733965018063,
  "snr_wm": 13.638807168146101,
  "snrd_csf": 65.78680891765892,
  "snrd_gm": 102.01093756986415,
  "snrd_total": 97.58220910833143,
  "snrd_wm": 124.9488808374712,
  "spacing_x": 1.2000032663345337,
  "spacing_y": 0.9375,
  "spacing_z": 0.9375000596046448,
  "summary_bg_k": 31.386885520665217,
  "summary_bg_mad": 0.0,
  "summary_bg_mean": 1.7034625804066932,
  "summary_bg_median": 0.0,
  "summary_bg_n": 2610720.0,
  "summary_bg_p05": 0.0,
  "summary_bg_p95": 10.88484052196145,
  "summary_bg_stdv": 5.015752183256667,
  "summary_csf_k": -0.31051162664985066,
  "summary_csf_mad": 151.68100088869164,
  "summary_csf_mean": 499.92107369085954,
  "summary_csf_median": 503.6666111946106,
  "summary_csf_n": 379162.90752133843,
  "summary_csf_p05": 120.24427111819386,
  "summary_csf_p95": 828.1932766158134,
  "summary_csf_stdv": 213.6550953325157,
  "summary_gm_k": -0.36002083752268454,
  "summary_gm_mad": 62.61955406318864,
  "summary_gm_mean": 785.3994034223645,
  "summary_gm_median": 781.0000830851495,
  "summary_gm_n": 578494.2743290431,
  "summary_gm_p05": 629.9409817568958,
  "summary_gm_p95": 962.0308227520436,
  "summary_gm_stdv": 94.78129592421651,
  "summary_wm_k": -0.4319347484432683,
  "summary_wm_mad": 53.52778577815217,
  "summary_wm_mean": 940.1369824421589,
  "summary_wm_median": 956.6139537598938,
  "summary_wm_n": 535031.8188228605,
  "summary_wm_p05": 803.2552382368594,
  "summary_wm_p95": 1030.0738516487181,
  "summary_wm_stdv": 70.1390560030143,
  "tpm_overlap_csf": 0.20132121304000966,
  "tpm_overlap_gm": 0.5367363338021218,
  "tpm_overlap_wm": 0.5468144499162547,
  "wm2max": 0.7741760638570063
}