{
  "bids_meta": {
    "InstitutionName": "HH",
    "dataset": "<unset>",
    "modality": "T1w",
    "subject_id": "0573"
  },
  "cjv": 0.6838527409991217,
  "cnr": 1.512338393598642,
  "efc": 0.5997229313671015,
  "fber": -1.0,
  "fwhm_avg": 5.2563856816540975,
  "fwhm_x": 4.58276771162896,
  "fwhm_y": 5.862421333333333,
  "fwhm_z": 5.323968,
  "icvs_csf": 0.26746419221089185,
  "icvs_gm": 0.36872349321047315,
  "icvs_wm": 0.36381231457863494,
  "inu_med": 0.33048035204410553,
  "inu_range": 0.15003905892372127,
  "provenance": {
    "md5sum": "e04f832148e8ab46174498ed02e5330c",
    "settings": {
      "testing": false
    },
    "software": "mriqc",
    "version": "23.1.0",
    "warnings": {
      "large_rot_frame": true,
      "small_air_mask": false
    }
  },
  "qi_1": 0.0,
  "qi_2": 0.0008491017965747634,
  "rpve_csf": 6.088375166141308,
  "rpve_gm": 5.99173996445058,
  "rpve_wm": 6.056395794376196,
  "size_x": 150,
  "size_y": 256,
  "size_z": 256,
  "snr_csf": 2.367670428484283,
  "snr_gm": 7.603039769603175,
  "snr_total": 9.410687422362468,
  "snr_wm": 18.261352068999948,
  "snrd_csf": 62.78398550072074,
  "snrd_gm": 111.7104989462885,
  "snrd_total": 103.7205752105716,
  "snrd_wm": 136.66724118470552,
  "spacing_x": 1.1999975442886353,
  "spacing_y": 0.9375,
  "spacing_z": 0.9375,
  "summary_bg_k": 1150.199302009166,
  "summary_bg_mad": 0.0,
  "summary_bg_mean": 1.4561761412079832,
  "summary_bg_median": 0.0,
  "summary_bg_n": 2678879.0,
  "summary_bg_p05": 0.0,
  "summary_bg_p95": 9.209716405719519,
  "summary_bg_stdv": 4.667458114336332,
  "summary_csf_k": -0.43783794413211163,
  "summary_csf_mad": 162.23749896173138,
  "summary_csf_mean": 461.0775142279352,
  "summary_csf_median": 447.2986428104341,
  "summary_csf_n": 426892.64357035176,
  "summary_csf_p05": 173.27998553588986,
  "summary_csf_p95": 787.6793440058827,
  "summary_csf_stdv": 188.9190799227295,
  "summary_gm_k": -0.6233962365203705,
  "summary_gm_mad": 76.13438668282028,
  "summary_gm_mean": 796.7322749587285,
  "summary_gm_median": 795.8710197806358,
  "summary_gm_n": 588509.9813249079,
  "summary_gm_p05": 622.2595791555941,
  "summary_gm_p95": 984.0428089648485,
  "summary_gm_stdv": 104.67791406111145,
  "summary_wm_k": -0.502309579028009,
  "summary_wm_mad": 45.45598467231547,
  "summary_wm_mean": 963.9087578628306,
  "summary_wm_median": 973.6729997470975,
  "summary_wm_n": 580671.3767929841,
  "summary_wm_p05": 860.3627099841833,
  "summary_wm_p95": 1035.1342434212565,
  "summary_wm_stdv": 53.31873333721189,
  "tpm_overlap_csf": 0.18451057819539773,
  "tpm_overlap_gm": 0.5069725485620032,
  "tpm_overlap_wm": 0.5440809068157282,
  "wm2max": 0.7494978964588728
}