{
  "bids_meta": {
    "InstitutionName": "HH",
    "dataset": "<unset>",
    "modality": "T1w",
    "subject_id": "0050"
  },
  "cjv": 0.7917499437495887,
  "cnr": 1.1591067711163836,
  "efc": 0.5489338488703851,
  "fber": -1.0,
  "fwhm_avg": 5.288721736344388,
  "fwhm_x": 4.707615544283658,
  "fwhm_y": 5.945824,
  "fwhm_z": 5.212725664749506,
  "icvs_csf": 0.26993158839106807,
  "icvs_gm": 0.34783090284038143,
  "icvs_wm": 0.3822375087685506,
  "inu_med": 0.39329811930656433,
  "inu_range": 0.19201276600360873,
  "provenance": {
    "md5sum": "bb930313c4d306af987b2f8c9dc8916c",
    "settings": {
      "testing": false
    },
    "software": "mriqc",
    "version": "23.1.0",
    "warnings": {
      "large_rot_frame": true,
      "small_air_mask": false
    }
  },
  "qi_1": 0.0,
  "qi_2": 0.0006769405268956202,
  "rpve_csf": 8.004245806298238,
  "rpve_gm": 7.881698935971119,
  "rpve_wm": 7.938651252650099,
  "size_x": 150,
  "size_y": 256,
  "size_z": 256,
  "snr_csf": 2.3300300973799217,
  "snr_gm": 5.752357217325644,
  "snr_total": 7.993798699259211,
  "snr_wm": 15.899008783072064,
  "snrd_csf": 48.688892422441604,
  "snrd_gm": 103.18282387287515,
  "snrd_total": 92.5984139776133,
  "snrd_wm": 125.92352563752317,
  "spacing_x": 1.200000286102295,
  "spacing_y": 0.9375,
  "spacing_z": 0.9374999403953552,
  "summary_bg_k": 28.683984303194833,
  "summary_bg_mad": 0.0,
  "summary_bg_mean": 1.8244283809652144,
  "summary_bg_median": 0.0,
  "summary_bg_n": 2665048.0,
  "summary_bg_p05": 0.0,
  "summary_bg_p95": 11.575321312993765,
  "summary_bg_stdv": 5.058801775589199,
  "summary_csf_k": -0.07735035676170243,
  "summary_csf_mad": 134.548310542109,
  "summary_csf_mean": 389.26962800128337,
  "summary_csf_median": 375.96362442709506,
  "summary_csf_n": 329135.68420496944,
  "summary_csf_p05": 100.73341361247003,
  "summary_csf_p95": 671.9309999421239,
  "summary_csf_stdv": 161.35544931873667,
  "summary_gm_k": -0.32667773631972397,
  "summary_gm_mad": 83.09825944144713,
  "summary_gm_mean": 785.6607000370477,
  "summary_gm_median": 796.7523291613907,
  "summary_gm_n": 424120.65544600564,
  "summary_gm_p05": 538.7913730181754,
  "summary_gm_p95": 1005.9985221270472,
  "summary_gm_stdv": 138.50867735785783,
  "summary_wm_k": -0.5696687798801681,
  "summary_wm_mad": 55.931520777897106,
  "summary_wm_mean": 961.172589403702,
  "summary_wm_median": 972.3504221159965,
  "summary_wm_n": 466073.66232022236,
  "summary_wm_p05": 847.3885019496083,
  "summary_wm_p95": 1044.543873462826,
  "summary_wm_stdv": 61.15786161594931,
  "tpm_overlap_csf": 0.17644318594669986,
  "tpm_overlap_gm": 0.48627605459601553,
  "tpm_overlap_wm": 0.5390234175460729,
  "wm2max": 0.7688787198922514
}