{
  "bids_meta": {
    "InstitutionName": "HH",
    "dataset": "<unset>",
    "modality": "T1w",
    "subject_id": "0218"
  },
  "cjv": 0.5947865922852583,
  "cnr": 1.822210110262475,
  "efc": 0.6506949950740488,
  "fber": -1.0,
  "fwhm_avg": 4.999134028572722,
  "fwhm_x": 4.246970085718166,
  "fwhm_y": 5.835338666666667,
  "fwhm_z": 4.915093333333333,
  "icvs_csf": 0.24674286136626952,
  "icvs_gm": 0.3927153297664463,
  "icvs_wm": 0.36054180886728426,
  "inu_med": 0.3315685838460922,
  "inu_range": 0.16408679187297823,
  "provenance": {
    "md5sum": "23e5b7bfe5197626f1dd27d0b2a89df0",
    "settings": {
      "testing": false
    },
    "software": "mriqc",
    "version": "23.1.0",
    "warnings": {
      "large_rot_frame": true,
      "small_air_mask": false
    }
  },
  "qi_1": 0.0,
  "qi_2": 0.0013826519581631592,
  "rpve_csf": 5.7607542401436795,
  "rpve_gm": 5.688562174895611,
  "rpve_wm": 5.764673513217698,
  "size_x": 150,
  "size_y": 256,
  "size_z": 256,
  "snr_csf": 2.430896305842728,
  "snr_gm": 8.9828044216735,
  "snr_total": 9.94444528346536,
  "snr_wm": 18.41963512287985,
  "snrd_csf": 65.80471895481674,
  "snrd_gm": 96.06504995491503,
  "snrd_total": 93.57530284489849,
  "snrd_wm": 118.85613962496369,
  "spacing_x": 1.200003743171692,
  "spacing_y": 0.9375,
  "spacing_z": 0.9375,
  "summary_bg_k": 1274.7906140473992,
  "summary_bg_mad": 0.0,
  "summary_bg_mean": 1.4227059056027902,
  "summary_bg_median": 0.0,
  "summary_bg_n": 2513976.0,
  "summary_bg_p05": 0.0,
  "summary_bg_p95": 10.119063155725598,
  "summary_bg_stdv": 5.389882803033346,
  "summary_csf_k": -0.003488162253064253,
  "summary_csf_mad": 146.79113983835043,
  "summary_csf_mean": 531.0050508156672,
  "summary_csf_median": 541.3830204717815,
  "summary_csf_n": 414268.4339367631,
  "summary_csf_p05": 103.66125996410847,
  "summary_csf_p95": 861.2768325973302,
  "summary_csf_stdv": 222.70895132367588,
  "summary_gm_k": -0.6472171572637619,
  "summary_gm_mad": 67.95958265943275,
  "summary_gm_mean": 793.8460433912426,
  "summary_gm_median": 790.3382573835552,
  "summary_gm_n": 659348.6180084695,
  "summary_gm_p05": 652.035633161664,
  "summary_gm_p95": 956.290893137455,
  "summary_gm_stdv": 87.98339816280635,
  "summary_wm_k": -0.26531307045371344,
  "summary_wm_mad": 43.56583337915471,
  "summary_wm_mean": 968.7320485087316,
  "summary_wm_median": 977.8431834951043,
  "summary_wm_n": 605330.9493986265,
  "summary_wm_p05": 865.2981745786965,
  "summary_wm_p95": 1039.950576318428,
  "summary_wm_stdv": 53.08695689563981,
  "tpm_overlap_csf": 0.21932165891517802,
  "tpm_overlap_gm": 0.522895320680091,
  "tpm_overlap_wm": 0.5478474208893693,
  "wm2max": 0.6859903381642513
}