{
  "bids_meta": {
    "InstitutionName": "HH",
    "dataset": "<unset>",
    "modality": "T1w",
    "subject_id": "1123"
  },
  "cjv": 0.6385369113523184,
  "cnr": 1.6437525349130395,
  "efc": 0.647041500378931,
  "fber": -1.0,
  "fwhm_avg": 5.089174531330915,
  "fwhm_x": 4.372227593992745,
  "fwhm_y": 5.9113066666666665,
  "fwhm_z": 4.983989333333333,
  "icvs_csf": 0.25284231167184157,
  "icvs_gm": 0.39094042639740717,
  "icvs_wm": 0.3562172619307513,
  "inu_med": 0.3791133463382721,
  "inu_range": 0.18321393281221393,
  "provenance": {
    "md5sum": "41bf354b6795bbf00a9cd90b6b571cc0",
    "settings": {
      "testing": false
    },
    "software": "mriqc",
    "version": "23.1.0",
    "warnings": {
      "large_rot_frame": true,
      "small_air_mask": false
    }
  },
  "qi_1": 0.0,
  "qi_2": 0.0013996067086854435,
  "rpve_csf": 7.7937468411615045,
  "rpve_gm": 7.693240707044159,
  "rpve_wm": 7.757938731506839,
  "size_x": 150,
  "size_y": 256,
  "size_z": 256,
  "snr_csf": 2.3487278999813306,
  "snr_gm": 9.172178326505469,
  "snr_total": 8.690188022387998,
  "snr_wm": 14.549657840677192,
  "snrd_csf": 75.94045846025722,
  "snrd_gm": 120.23609141341856,
  "snrd_total": 114.55767143058968,
  "snrd_wm": 147.49646441809324,
  "spacing_x": 1.2000038623809814,
  "spacing_y": 0.9375,
  "spacing_z": 0.9375,
  "summary_bg_k": 54.315356818766915,
  "summary_bg_mad": 0.0,
  "summary_bg_mean": 1.1753661793979464,
  "summary_bg_median": 0.0,
  "summary_bg_n": 3153493.0,
  "summary_bg_p05": 0.0,
  "summary_bg_p95": 8.992759194225073,
  "summary_bg_stdv": 4.266027570144053,
  "summary_csf_k": -0.579550529628416,
  "summary_csf_mad": 164.76753366317013,
  "summary_csf_mean": 491.7950616489928,
  "summary_csf_median": 494.49868680909276,
  "summary_csf_n": 315726.7232548534,
  "summary_csf_p05": 130.12445252388716,
  "summary_csf_p95": 818.7533621676266,
  "summary_csf_stdv": 210.53860845291499,
  "summary_gm_k": -0.5143640356538093,
  "summary_gm_mad": 62.270132128673154,
  "summary_gm_mean": 787.3887558114565,
  "summary_gm_median": 782.9369287006557,
  "summary_gm_n": 488171.22022878064,
  "summary_gm_p05": 649.7204099781811,
  "summary_gm_p95": 946.455696169287,
  "summary_gm_stdv": 85.35988932199709,
  "summary_wm_k": -0.4849599239342015,
  "summary_wm_mad": 51.07678935953129,
  "summary_wm_mean": 946.4673864078532,
  "summary_wm_median": 960.447295717895,
  "summary_wm_n": 444812.0574936871,
  "summary_wm_p05": 817.1815618500113,
  "summary_wm_p95": 1032.2089987434447,
  "summary_wm_stdv": 66.01160155271083,
  "tpm_overlap_csf": 0.18877758711178577,
  "tpm_overlap_gm": 0.5501331106122793,
  "tpm_overlap_wm": 0.5567402135973739,
  "wm2max": 0.6903129438742199
}