{
  "bids_meta": {
    "InstitutionName": "HH",
    "dataset": "<unset>",
    "modality": "T1w",
    "subject_id": "0046"
  },
  "cjv": 0.7020488876675017,
  "cnr": 1.3989051347270778,
  "efc": 0.5852302624305225,
  "fber": -1.0,
  "fwhm_avg": 5.006942235677202,
  "fwhm_x": 4.347098707031605,
  "fwhm_y": 5.616224,
  "fwhm_z": 5.057504,
  "icvs_csf": 0.2690602489650086,
  "icvs_gm": 0.3691444656721717,
  "icvs_wm": 0.36179528536281963,
  "inu_med": 0.3835330307483673,
  "inu_range": 0.1587379053235054,
  "provenance": {
    "md5sum": "1598c47c7eb83017266d06685e94d2de",
    "settings": {
      "testing": false
    },
    "software": "mriqc",
    "version": "23.1.0",
    "warnings": {
      "large_rot_frame": true,
      "small_air_mask": false
    }
  },
  "qi_1": 0.0,
  "qi_2": 0.001843629052884765,
  "rpve_csf": 8.02126309682431,
  "rpve_gm": 7.908656846851981,
  "rpve_wm": 7.977122424033608,
  "size_x": 150,
  "size_y": 256,
  "size_z": 256,
  "snr_csf": 2.213074421870847,
  "snr_gm": 7.09715325540912,
  "snr_total": 8.107475071224298,
  "snr_wm": 15.012197536392927,
  "snrd_csf": 55.52847405553202,
  "snrd_gm": 98.94214190244513,
  "snrd_total": 91.99413190078273,
  "snrd_wm": 121.51177974437105,
  "spacing_x": 1.199995756149292,
  "spacing_y": 0.9375,
  "spacing_z": 0.9375,
  "summary_bg_k": 50.01977172903426,
  "summary_bg_mad": 0.0,
  "summary_bg_mean": 1.6014674809028606,
  "summary_bg_median": 0.0,
  "summary_bg_n": 3410358.0,
  "summary_bg_p05": 0.0,
  "summary_bg_p95": 11.323609344661236,
  "summary_bg_stdv": 5.176933375278575,
  "summary_csf_k": -0.29381274615264674,
  "summary_csf_mad": 153.9151023770878,
  "summary_csf_mean": 444.9589837863396,
  "summary_csf_median": 438.7898621056229,
  "summary_csf_n": 326640.75678645354,
  "summary_csf_p05": 86.87196481972933,
  "summary_csf_p95": 779.8163488768041,
  "summary_csf_stdv": 198.27132160506534,
  "summary_gm_k": -0.4792340541559885,
  "summary_gm_mad": 71.9594754244253,
  "summary_gm_mean": 781.1072890045652,
  "summary_gm_median": 781.847683377564,
  "summary_gm_n": 448143.59644174104,
  "summary_gm_p05": 592.5013759769499,
  "summary_gm_p95": 975.6024188436568,
  "summary_gm_stdv": 110.16343918780835,
  "summary_wm_k": -0.5674258229689433,
  "summary_wm_mad": 53.2487302561865,
  "summary_wm_mean": 947.1508698009643,
  "summary_wm_median": 960.1945305559784,
  "summary_wm_n": 439221.6474461499,
  "summary_wm_p05": 824.0951190050691,
  "summary_wm_p95": 1031.8098766785115,
  "summary_wm_stdv": 63.960884818086946,
  "tpm_overlap_csf": 0.19572128411438403,
  "tpm_overlap_gm": 0.5217471085360535,
  "tpm_overlap_wm": 0.5571028437524385,
  "wm2max": 0.8005397756501392
}