{
  "bids_meta": {
    "InstitutionName": "HH",
    "dataset": "<unset>",
    "modality": "T1w",
    "subject_id": "0918"
  },
  "cjv": 0.6419718713289018,
  "cnr": 1.4965398186921728,
  "efc": 0.5738879600964555,
  "fber": -1.0,
  "fwhm_avg": 4.735726480024599,
  "fwhm_x": 4.162315133692214,
  "fwhm_y": 5.225898666666667,
  "fwhm_z": 4.818965639714918,
  "icvs_csf": 0.2632401056294295,
  "icvs_gm": 0.37712100843362306,
  "icvs_wm": 0.3596388859369475,
  "inu_med": 0.3644496649503708,
  "inu_range": 0.14671219289302828,
  "provenance": {
    "md5sum": "bd989b934860cf0ec4c569a426583c1e",
    "settings": {
      "testing": false
    },
    "software": "mriqc",
    "version": "23.1.0",
    "warnings": {
      "large_rot_frame": true,
      "small_air_mask": false
    }
  },
  "qi_1": 0.0,
  "qi_2": 0.0009898167043506062,
  "rpve_csf": 6.762646898142095,
  "rpve_gm": 6.655373275240651,
  "rpve_wm": 6.7380433880893476,
  "size_x": 150,
  "size_y": 256,
  "size_z": 256,
  "snr_csf": 2.5323240719742013,
  "snr_gm": 7.055914790537378,
  "snr_total": 7.956296121306405,
  "snr_wm": 14.280649501407634,
  "snrd_csf": 95.36521721066394,
  "snrd_gm": 152.10191272460543,
  "snrd_total": 145.83110358017024,
  "snrd_wm": 190.02618080524135,
  "spacing_x": 1.1999956369400024,
  "spacing_y": 0.9375,
  "spacing_z": 0.9374999403953552,
  "summary_bg_k": 106.89680201843025,
  "summary_bg_mad": 0.0,
  "summary_bg_mean": 0.9937900768176627,
  "summary_bg_median": 0.0,
  "summary_bg_n": 3028140.0,
  "summary_bg_p05": 0.0,
  "summary_bg_p95": 7.96812779456377,
  "summary_bg_stdv": 3.3276103494105684,
  "summary_csf_k": 0.2312273621150882,
  "summary_csf_mad": 134.04584251127298,
  "summary_csf_mean": 492.3393982969088,
  "summary_csf_median": 484.3850589953363,
  "summary_csf_n": 377412.60452481965,
  "summary_csf_p05": 156.1710208337754,
  "summary_csf_p95": 800.5826463699341,
  "summary_csf_stdv": 191.28058001640576,
  "summary_gm_k": -0.41089165310197817,
  "summary_gm_mad": 70.78611299635807,
  "summary_gm_mean": 774.0872635684559,
  "summary_gm_median": 772.565680898726,
  "summary_gm_n": 540685.9326151556,
  "summary_gm_p05": 589.598617400974,
  "summary_gm_p95": 974.639115344733,
  "summary_gm_stdv": 109.49182202474793,
  "summary_wm_k": -0.4848014015044879,
  "summary_wm_mad": 52.8752257240629,
  "summary_wm_mean": 948.8479180845652,
  "summary_wm_median": 965.1930283624679,
  "summary_wm_n": 515621.46393050754,
  "summary_wm_p05": 815.4479170404375,
  "summary_wm_p95": 1033.7360631544143,
  "summary_wm_stdv": 67.5874085639944,
  "tpm_overlap_csf": 0.20724862739415797,
  "tpm_overlap_gm": 0.5276664577602973,
  "tpm_overlap_wm": 0.5500708037919637,
  "wm2max": 0.8365791751937587
}