{
  "bids_meta": {
    "InstitutionName": "HH",
    "dataset": "<unset>",
    "modality": "T1w",
    "subject_id": "0793"
  },
  "cjv": 0.6524430264407401,
  "cnr": 1.5490062518710128,
  "efc": 0.645130505030342,
  "fber": -1.0,
  "fwhm_avg": 5.072373840656462,
  "fwhm_x": 4.25573485530272,
  "fwhm_y": 5.965429333333334,
  "fwhm_z": 4.995957333333333,
  "icvs_csf": 0.2612757874560455,
  "icvs_gm": 0.3740895949599066,
  "icvs_wm": 0.36463461758404786,
  "inu_med": 0.3394252359867096,
  "inu_range": 0.16262568533420557,
  "provenance": {
    "md5sum": "3471e9a63b813dd5a1f2c23a81f29c20",
    "settings": {
      "testing": false
    },
    "software": "mriqc",
    "version": "23.1.0",
    "warnings": {
      "large_rot_frame": true,
      "small_air_mask": false
    }
  },
  "qi_1": 0.0,
  "qi_2": 0.0026160335147007475,
  "rpve_csf": 6.068727949846783,
  "rpve_gm": 5.97742140555047,
  "rpve_wm": 6.046100635714226,
  "size_x": 150,
  "size_y": 256,
  "size_z": 256,
  "snr_csf": 2.38010848268882,
  "snr_gm": 8.007081465364854,
  "snr_total": 9.792416547405042,
  "snr_wm": 18.990059694161452,
  "snrd_csf": 26.658868327360793,
  "snrd_gm": 44.72792638687214,
  "snrd_total": 41.96527953260616,
  "snrd_wm": 54.50904388358555,
  "spacing_x": 1.1999995708465576,
  "spacing_y": 0.9375,
  "spacing_z": 0.9375,
  "summary_bg_k": 2358.518521663851,
  "summary_bg_mad": 0.0,
  "summary_bg_mean": 1.4217475264985184,
  "summary_bg_median": 0.0,
  "summary_bg_n": 2547035.0,
  "summary_bg_p05": 0.0,
  "summary_bg_p95": 8.794968957081437,
  "summary_bg_stdv": 11.7139041020646,
  "summary_csf_k": -0.060378139471290115,
  "summary_csf_mad": 160.36725574847603,
  "summary_csf_mean": 484.592205010638,
  "summary_csf_median": 476.663221668452,
  "summary_csf_n": 417867.5118975686,
  "summary_csf_p05": 129.08122932352126,
  "summary_csf_p95": 814.6550834793597,
  "summary_csf_stdv": 200.26929645556646,
  "summary_gm_k": -0.56193068367855,
  "summary_gm_mad": 71.1274685219906,
  "summary_gm_mean": 800.4035758216108,
  "summary_gm_median": 799.7397799603641,
  "summary_gm_n": 598294.5828800272,
  "summary_gm_p05": 631.502866923809,
  "summary_gm_p95": 979.2776257116348,
  "summary_gm_stdv": 99.87897776111059,
  "summary_wm_k": -0.40848458305068336,
  "summary_wm_mad": 42.976566866878294,
  "summary_wm_mean": 965.2818632551106,
  "summary_wm_median": 974.6271352767944,
  "summary_wm_n": 583172.9066253434,
  "summary_wm_p05": 865.3044663500041,
  "summary_wm_p95": 1033.758241634816,
  "summary_wm_stdv": 51.32297187836589,
  "tpm_overlap_csf": 0.20761476287229466,
  "tpm_overlap_gm": 0.5197928848704559,
  "tpm_overlap_wm": 0.5541349866652456,
  "wm2max": 0.8288354746828959
}