{
  "bids_meta": {
    "InstitutionName": "HH",
    "dataset": "<unset>",
    "modality": "T1w",
    "subject_id": "0384"
  },
  "cjv": 0.6439356230846824,
  "cnr": 1.4891360211098086,
  "efc": 0.5728359969025821,
  "fber": -1.0,
  "fwhm_avg": 4.876072072838003,
  "fwhm_x": 4.056525918507884,
  "fwhm_y": 5.76707163333946,
  "fwhm_z": 4.804618666666667,
  "icvs_csf": 0.2678861325438039,
  "icvs_gm": 0.37216665497565365,
  "icvs_wm": 0.35994721248054246,
  "inu_med": 0.36850616335868835,
  "inu_range": 0.15314005017280574,
  "provenance": {
    "md5sum": "8dd5b7922c81069cc38c3924aa6b55c9",
    "settings": {
      "testing": false
    },
    "software": "mriqc",
    "version": "23.1.0",
    "warnings": {
      "large_rot_frame": true,
      "small_air_mask": false
    }
  },
  "qi_1": 0.0,
  "qi_2": 0.0007846638694299657,
  "rpve_csf": 6.940476547895096,
  "rpve_gm": 6.83501744526537,
  "rpve_wm": 6.899975796289675,
  "size_x": 150,
  "size_y": 256,
  "size_z": 256,
  "snr_csf": 2.0326329668151337,
  "snr_gm": 7.334217734155684,
  "snr_total": 8.33128188793359,
  "snr_wm": 15.626994962829954,
  "snrd_csf": 84.89678463390979,
  "snrd_gm": 153.24635743519707,
  "snrd_total": 142.4549634879817,
  "snrd_wm": 189.2217483948383,
  "spacing_x": 1.2000021934509277,
  "spacing_y": 0.9375000596046448,
  "spacing_z": 0.9375,
  "summary_bg_k": 26.558354526455037,
  "summary_bg_mad": 0.0,
  "summary_bg_mean": 1.1445459331993422,
  "summary_bg_median": 0.0,
  "summary_bg_n": 2978511.0,
  "summary_bg_p05": 0.0,
  "summary_bg_p95": 8.36359403282404,
  "summary_bg_stdv": 3.345628950680242,
  "summary_csf_k": -0.49212638404694786,
  "summary_csf_mad": 165.64437633074664,
  "summary_csf_mean": 435.94905667958955,
  "summary_csf_median": 433.54809851944447,
  "summary_csf_n": 375441.61108773085,
  "summary_csf_p05": 57.7251980304718,
  "summary_csf_p95": 788.2628807350993,
  "summary_csf_stdv": 213.29355973901417,
  "summary_gm_k": -0.23742775552759543,
  "summary_gm_mad": 68.21672365560629,
  "summary_gm_mean": 784.723614627869,
  "summary_gm_median": 782.5934416428208,
  "summary_gm_n": 521590.4504289463,
  "summary_gm_p05": 601.8507862836123,
  "summary_gm_p95": 977.6034044697881,
  "summary_gm_stdv": 106.70431664426005,
  "summary_wm_k": -0.46198259719203927,
  "summary_wm_mad": 50.08580219520584,
  "summary_wm_mean": 952.6595124078344,
  "summary_wm_median": 966.3113811537623,
  "summary_wm_n": 504464.9384310146,
  "summary_wm_p05": 830.6431093215942,
  "summary_wm_p95": 1031.6973501890898,
  "summary_wm_stdv": 61.83597202744481,
  "tpm_overlap_csf": 0.19608328289481505,
  "tpm_overlap_gm": 0.5097111271949554,
  "tpm_overlap_wm": 0.5533135889294193,
  "wm2max": 0.7334521102422972
}