{
  "bids_meta": {
    "InstitutionName": "HH",
    "dataset": "<unset>",
    "modality": "T1w",
    "subject_id": "0617"
  },
  "cjv": 0.6807912235168199,
  "cnr": 1.3527111556187703,
  "efc": 0.6346707953826637,
  "fber": -1.0,
  "fwhm_avg": 4.784051240056954,
  "fwhm_x": 4.181017720170863,
  "fwhm_y": 5.360373333333333,
  "fwhm_z": 4.810762666666666,
  "icvs_csf": 0.26756910110704035,
  "icvs_gm": 0.36794611780128095,
  "icvs_wm": 0.3644847810916787,
  "inu_med": 0.38100355863571167,
  "inu_range": 0.18706158548593516,
  "provenance": {
    "md5sum": "cf9138abe4045b5186e0afdecaf3acf3",
    "settings": {
      "testing": false
    },
    "software": "mriqc",
    "version": "23.1.0",
    "warnings": {
      "large_rot_frame": true,
      "small_air_mask": false
    }
  },
  "qi_1": 0.0,
  "qi_2": 0.0021260996169861213,
  "rpve_csf": 6.152616671318908,
  "rpve_gm": 6.03326349273544,
  "rpve_wm": 6.102810465089831,
  "size_x": 150,
  "size_y": 256,
  "size_z": 256,
  "snr_csf": 2.3648595652190636,
  "snr_gm": 7.287253544434202,
  "snr_total": 8.161115898683576,
  "snr_wm": 14.831234586397466,
  "snrd_csf": 61.91348944395085,
  "snrd_gm": 107.33165333170432,
  "snrd_total": 99.93489884858049,
  "snrd_wm": 130.55955377008632,
  "spacing_x": 1.1999973058700562,
  "spacing_y": 0.9375,
  "spacing_z": 0.9375,
  "summary_bg_k": 4135.54689417647,
  "summary_bg_mad": 0.0,
  "summary_bg_mean": 0.9956851186463641,
  "summary_bg_median": 0.0,
  "summary_bg_n": 2848358.0,
  "summary_bg_p05": 0.0,
  "summary_bg_p95": 7.667617591097951,
  "summary_bg_stdv": 4.8411298348170035,
  "summary_csf_k": -0.016893595389195326,
  "summary_csf_mad": 152.769663166652,
  "summary_csf_mean": 469.64006347484445,
  "summary_csf_median": 457.5096742063761,
  "summary_csf_n": 422118.0844642363,
  "summary_csf_p05": 131.2410824894905,
  "summary_csf_p95": 798.6804462913424,
  "summary_csf_stdv": 193.46143805467028,
  "summary_gm_k": -0.1979069608863715,
  "summary_gm_mad": 64.80908331124223,
  "summary_gm_mean": 792.674721664132,
  "summary_gm_median": 793.1271551456302,
  "summary_gm_n": 580473.2676146894,
  "summary_gm_p05": 605.0539967566729,
  "summary_gm_p95": 985.2506497371942,
  "summary_gm_stdv": 108.8375019664647,
  "summary_wm_k": -0.4845333598204067,
  "summary_wm_mad": 52.04365781054301,
  "summary_wm_mean": 950.0722918928509,
  "summary_wm_median": 964.7697044108063,
  "summary_wm_n": 575012.6489726343,
  "summary_wm_p05": 823.3900445085019,
  "summary_wm_p95": 1033.5999460425228,
  "summary_wm_stdv": 65.04980147664581,
  "tpm_overlap_csf": 0.20257403619154166,
  "tpm_overlap_gm": 0.5112197736423205,
  "tpm_overlap_wm": 0.5667139859790855,
  "wm2max": 0.7677011331157643
}