{
  "bids_meta": {
    "InstitutionName": "HH",
    "dataset": "<unset>",
    "modality": "T1w",
    "subject_id": "0733"
  },
  "cjv": 0.6649516611002779,
  "cnr": 1.4691042966042323,
  "efc": 0.5982284511366778,
  "fber": -1.0,
  "fwhm_avg": 4.779633402763677,
  "fwhm_x": 4.038420208291031,
  "fwhm_y": 5.4685120000000005,
  "fwhm_z": 4.831968,
  "icvs_csf": 0.25894353066068093,
  "icvs_gm": 0.38006965705860607,
  "icvs_wm": 0.36098681228071294,
  "inu_med": 0.3661745637655258,
  "inu_range": 0.1570119827985763,
  "provenance": {
    "md5sum": "535feb2ae4dc7feaa48fc04e24f4124a",
    "settings": {
      "testing": false
    },
    "software": "mriqc",
    "version": "23.1.0",
    "warnings": {
      "large_rot_frame": true,
      "small_air_mask": false
    }
  },
  "qi_1": 0.0,
  "qi_2": 0.0005748238717508833,
  "rpve_csf": 6.449741997141903,
  "rpve_gm": 6.339718434628347,
  "rpve_wm": 6.4153620995742795,
  "size_x": 150,
  "size_y": 256,
  "size_z": 256,
  "snr_csf": 2.47677473391921,
  "snr_gm": 7.857575598054236,
  "snr_total": 8.370529700552785,
  "snr_wm": 14.77723876968491,
  "snrd_csf": 72.55654942982612,
  "snrd_gm": 112.40532946241377,
  "snrd_total": 107.48532767087225,
  "snrd_wm": 137.49410412037685,
  "spacing_x": 1.1999964714050293,
  "spacing_y": 0.9375,
  "spacing_z": 0.9375,
  "summary_bg_k": 35.68995007568567,
  "summary_bg_mad": 0.0,
  "summary_bg_mean": 1.5897391594300838,
  "summary_bg_median": 0.0,
  "summary_bg_n": 2976538.0,
  "summary_bg_p05": 0.0,
  "summary_bg_p95": 10.156867057085037,
  "summary_bg_stdv": 4.571667769098008,
  "summary_csf_k": -0.06860044805513299,
  "summary_csf_mad": 145.56640510837383,
  "summary_csf_mean": 505.8669216612881,
  "summary_csf_median": 506.3135531246662,
  "summary_csf_n": 389189.0194849854,
  "summary_csf_p05": 135.60044488310814,
  "summary_csf_p95": 824.3614247739315,
  "summary_csf_stdv": 204.4242844202912,
  "summary_gm_k": -0.3788403492203525,
  "summary_gm_mad": 65.17954231289383,
  "summary_gm_mean": 787.9045895159902,
  "summary_gm_median": 784.3860023319721,
  "summary_gm_n": 571240.1340524943,
  "summary_gm_p05": 622.7538833618164,
  "summary_gm_p95": 970.6955464482307,
  "summary_gm_stdv": 99.82536037728369,
  "summary_wm_k": -0.4091628821409161,
  "summary_wm_mad": 51.23640006113388,
  "summary_wm_mean": 946.1816837254802,
  "summary_wm_median": 959.4602959752083,
  "summary_wm_n": 542558.8473289248,
  "summary_wm_p05": 819.5212387442589,
  "summary_wm_p95": 1031.6116701066494,
  "summary_wm_stdv": 64.92819306295667,
  "tpm_overlap_csf": 0.20657005071058726,
  "tpm_overlap_gm": 0.5220345745531492,
  "tpm_overlap_wm": 0.5495986647039584,
  "wm2max": 0.6782034585735062
}