{
  "bids_meta": {
    "InstitutionName": "HH",
    "dataset": "<unset>",
    "modality": "T1w",
    "subject_id": "0472"
  },
  "cjv": 0.741748349741038,
  "cnr": 1.319175808836869,
  "efc": 0.5880790975541188,
  "fber": -1.0,
  "fwhm_avg": 5.435655674701066,
  "fwhm_x": 4.663724357436531,
  "fwhm_y": 6.18128,
  "fwhm_z": 5.4619626666666665,
  "icvs_csf": 0.2688052539153864,
  "icvs_gm": 0.3668889646256502,
  "icvs_wm": 0.36430578145896336,
  "inu_med": 0.4038717448711395,
  "inu_range": 0.1917718291282653,
  "provenance": {
    "md5sum": "33e23eca820455eeb6b5ca9bae1c269a",
    "settings": {
      "testing": false
    },
    "software": "mriqc",
    "version": "23.1.0",
    "warnings": {
      "large_rot_frame": true,
      "small_air_mask": false
    }
  },
  "qi_1": 0.0,
  "qi_2": 0.002032869903802663,
  "rpve_csf": 6.478958306957322,
  "rpve_gm": 6.354908375500952,
  "rpve_wm": 6.414140511498446,
  "size_x": 150,
  "size_y": 256,
  "size_z": 256,
  "snr_csf": 2.1312195348805907,
  "snr_gm": 7.154340665107532,
  "snr_total": 8.058754052819252,
  "snr_wm": 14.890701958469633,
  "snrd_csf": 49.56227345344315,
  "snrd_gm": 93.92769661561533,
  "snrd_total": 85.82823745461296,
  "snrd_wm": 113.99474229478041,
  "spacing_x": 1.1999980211257935,
  "spacing_y": 0.9375,
  "spacing_z": 0.9375,
  "summary_bg_k": 523.5016619709577,
  "summary_bg_mad": 0.0,
  "summary_bg_mean": 2.097096003229706,
  "summary_bg_median": 0.0,
  "summary_bg_n": 2419358.0,
  "summary_bg_p05": 0.0,
  "summary_bg_p95": 11.259478826075792,
  "summary_bg_stdv": 5.526389848501656,
  "summary_csf_k": -0.518765993659362,
  "summary_csf_mad": 163.07224095090336,
  "summary_csf_mean": 426.53747995278866,
  "summary_csf_median": 418.08155504986644,
  "summary_csf_n": 403780.16750550363,
  "summary_csf_p05": 90.86731324717402,
  "summary_csf_p95": 768.6062371432781,
  "summary_csf_stdv": 196.1698597904401,
  "summary_gm_k": -0.4060600409322985,
  "summary_gm_mad": 71.2021553455546,
  "summary_gm_mean": 792.6648243741174,
  "summary_gm_median": 792.3251846022904,
  "summary_gm_n": 551114.5538810696,
  "summary_gm_p05": 604.2842286974192,
  "summary_gm_p95": 985.3958850167692,
  "summary_gm_stdv": 110.74737741065236,
  "summary_wm_k": -0.5414481530686932,
  "summary_wm_mad": 54.35741365030112,
  "summary_wm_mean": 949.0449203366848,
  "summary_wm_median": 961.600342463702,
  "summary_wm_n": 547234.2795317054,
  "summary_wm_p05": 826.6653184369206,
  "summary_wm_p95": 1036.0252421870828,
  "summary_wm_stdv": 64.57717484004253,
  "tpm_overlap_csf": 0.1841532051587046,
  "tpm_overlap_gm": 0.521052033558267,
  "tpm_overlap_wm": 0.5463526225878294,
  "wm2max": 0.6875193954108176
}