{
  "bids_meta": {
    "InstitutionName": "HH",
    "dataset": "<unset>",
    "modality": "T1w",
    "subject_id": "0083"
  },
  "cjv": 0.6135533536263461,
  "cnr": 1.68956142621391,
  "efc": 0.583990277965666,
  "fber": -1.0,
  "fwhm_avg": 4.936110417133707,
  "fwhm_x": 4.296864584734453,
  "fwhm_y": 5.645717333333334,
  "fwhm_z": 4.865749333333333,
  "icvs_csf": 0.2435901754100002,
  "icvs_gm": 0.3892792046437965,
  "icvs_wm": 0.3671306199462032,
  "inu_med": 0.29886531829833984,
  "inu_range": 0.142628513276577,
  "provenance": {
    "md5sum": "5a38f479f0616f920681f8091af11b63",
    "settings": {
      "testing": false
    },
    "software": "mriqc",
    "version": "23.1.0",
    "warnings": {
      "large_rot_frame": true,
      "small_air_mask": false
    }
  },
  "qi_1": 0.0,
  "qi_2": 0.002326793222960187,
  "rpve_csf": 6.10968389371811,
  "rpve_gm": 6.036961133243401,
  "rpve_wm": 6.124074801783492,
  "size_x": 150,
  "size_y": 256,
  "size_z": 256,
  "snr_csf": 2.6904861081168727,
  "snr_gm": 8.31716065567176,
  "snr_total": 10.54434912521249,
  "snr_wm": 20.62540061184884,
  "snrd_csf": 105.57174985739128,
  "snrd_gm": 143.27594623503103,
  "snrd_total": 141.53813965301637,
  "snrd_wm": 175.76672286662676,
  "spacing_x": 1.200002908706665,
  "spacing_y": 0.9375,
  "spacing_z": 0.9375,
  "summary_bg_k": 35.340217440541686,
  "summary_bg_mad": 0.0,
  "summary_bg_mean": 1.3068815261110331,
  "summary_bg_median": 0.0,
  "summary_bg_n": 2392228.0,
  "summary_bg_p05": 0.0,
  "summary_bg_p95": 8.923949342221022,
  "summary_bg_stdv": 3.6430479283197026,
  "summary_csf_k": 0.08653769930326538,
  "summary_csf_mad": 134.4630503693554,
  "summary_csf_mean": 571.0369598546572,
  "summary_csf_median": 587.0578166730702,
  "summary_csf_n": 384933.6186838527,
  "summary_csf_p05": 150.64711168594658,
  "summary_csf_p95": 896.5610873680562,
  "summary_csf_stdv": 218.1973927898265,
  "summary_gm_k": -0.6328970806651002,
  "summary_gm_mad": 71.1605216279247,
  "summary_gm_mean": 800.602423643896,
  "summary_gm_median": 796.7213226277381,
  "summary_gm_n": 615158.8530600357,
  "summary_gm_p05": 644.9155766349286,
  "summary_gm_p95": 976.9259350355715,
  "summary_gm_stdv": 95.79238733479528,
  "summary_wm_k": -0.2877279522805063,
  "summary_wm_mad": 39.69200127782548,
  "summary_wm_mean": 971.4790337401829,
  "summary_wm_median": 977.3943191170692,
  "summary_wm_n": 580158.5299065249,
  "summary_wm_p05": 879.3048317339271,
  "summary_wm_p95": 1037.9637763928622,
  "summary_wm_stdv": 47.387854188109365,
  "tpm_overlap_csf": 0.21188401732417234,
  "tpm_overlap_gm": 0.5045548474902333,
  "tpm_overlap_wm": 0.5119122965360998,
  "wm2max": 0.7044951241769523
}