{
  "bids_meta": {
    "InstitutionName": "HH",
    "dataset": "<unset>",
    "modality": "T1w",
    "subject_id": "0171"
  },
  "cjv": 0.6795435218001732,
  "cnr": 1.5091833817070406,
  "efc": 0.615401956075041,
  "fber": -1.0,
  "fwhm_avg": 5.011593339984052,
  "fwhm_x": 4.368775001112615,
  "fwhm_y": 5.719445333333334,
  "fwhm_z": 4.946559685506205,
  "icvs_csf": 0.267251291107213,
  "icvs_gm": 0.3741233532296588,
  "icvs_wm": 0.3586253556631283,
  "inu_med": 0.37901486456394196,
  "inu_range": 0.17609185427427287,
  "provenance": {
    "md5sum": "6859c406f4bdf3e88e0e353f99be4bc6",
    "settings": {
      "testing": false
    },
    "software": "mriqc",
    "version": "23.1.0",
    "warnings": {
      "large_rot_frame": true,
      "small_air_mask": false
    }
  },
  "qi_1": 0.0,
  "qi_2": 0.0009939814302467084,
  "rpve_csf": 7.174243607360671,
  "rpve_gm": 7.071163494298586,
  "rpve_wm": 7.133339986486333,
  "size_x": 150,
  "size_y": 256,
  "size_z": 256,
  "snr_csf": 2.148446413483933,
  "snr_gm": 7.851850312496806,
  "snr_total": 8.77520006419102,
  "snr_wm": 16.32530346659232,
  "snrd_csf": 63.31685279407183,
  "snrd_gm": 113.70500178668534,
  "snrd_total": 105.36749786132889,
  "snrd_wm": 139.0806390032295,
  "spacing_x": 1.2000045776367188,
  "spacing_y": 0.9375,
  "spacing_z": 0.9375000596046448,
  "summary_bg_k": 754.391207071091,
  "summary_bg_mad": 0.0,
  "summary_bg_mean": 1.3647442893832533,
  "summary_bg_median": 0.0,
  "summary_bg_n": 2659523.0,
  "summary_bg_p05": 0.0,
  "summary_bg_p95": 9.200920015573502,
  "summary_bg_stdv": 4.555959595059389,
  "summary_csf_k": -0.4341277528417842,
  "summary_csf_mad": 167.10597923542792,
  "summary_csf_mean": 446.61820802214646,
  "summary_csf_median": 440.31902824528515,
  "summary_csf_n": 362662.1401936298,
  "summary_csf_p05": 81.25812513753772,
  "summary_csf_p95": 790.7540688384324,
  "summary_csf_stdv": 204.9473602954719,
  "summary_gm_k": -0.5017710264374404,
  "summary_gm_mad": 70.76426671704345,
  "summary_gm_mean": 791.0167945261088,
  "summary_gm_median": 790.7290663383901,
  "summary_gm_n": 507688.38353059476,
  "summary_gm_p05": 621.0871035512537,
  "summary_gm_p95": 972.5722491461784,
  "summary_gm_stdv": 100.7059808979243,
  "summary_wm_k": -0.5709370806626528,
  "summary_wm_mad": 49.15317845301185,
  "summary_wm_mean": 954.586483506875,
  "summary_wm_median": 967.1967116370797,
  "summary_wm_n": 486657.4768400867,
  "summary_wm_p05": 839.7339664213359,
  "summary_wm_p95": 1031.8781792465597,
  "summary_wm_stdv": 59.24519074955007,
  "tpm_overlap_csf": 0.1866679525207256,
  "tpm_overlap_gm": 0.5254628995171365,
  "tpm_overlap_wm": 0.56555561908841,
  "wm2max": 0.7287455494226024
}