{
  "bids_meta": {
    "InstitutionName": "HH",
    "dataset": "<unset>",
    "modality": "T1w",
    "subject_id": "0320"
  },
  "cjv": 0.7201662857385039,
  "cnr": 1.3883971887571982,
  "efc": 0.6135004838537487,
  "fber": -1.0,
  "fwhm_avg": 4.990726118641429,
  "fwhm_x": 4.34295168925762,
  "fwhm_y": 5.699712,
  "fwhm_z": 4.929514666666666,
  "icvs_csf": 0.2600031252522826,
  "icvs_gm": 0.371809143655873,
  "icvs_wm": 0.3681877310918444,
  "inu_med": 0.35587088763713837,
  "inu_range": 0.17235947400331503,
  "provenance": {
    "md5sum": "083b7764e06dc3bf4fed80289095a411",
    "settings": {
      "testing": false
    },
    "software": "mriqc",
    "version": "23.1.0",
    "warnings": {
      "large_rot_frame": true,
      "small_air_mask": false
    }
  },
  "qi_1": 0.0,
  "qi_2": 0.0009612500613341283,
  "rpve_csf": 6.496539587628286,
  "rpve_gm": 6.383477441493196,
  "rpve_wm": 6.446046945512917,
  "size_x": 150,
  "size_y": 256,
  "size_z": 256,
  "snr_csf": 2.294201285396318,
  "snr_gm": 8.127494860172671,
  "snr_total": 9.062692746251226,
  "snr_wm": 16.76638209318469,
  "snrd_csf": 70.60515310637108,
  "snrd_gm": 120.75406346180601,
  "snrd_total": 111.9943807894162,
  "snrd_wm": 144.62392580007148,
  "spacing_x": 1.200001835823059,
  "spacing_y": 0.9375,
  "spacing_z": 0.9375,
  "summary_bg_k": 17.0646433086692,
  "summary_bg_mad": 0.0,
  "summary_bg_mean": 1.7662947981814554,
  "summary_bg_median": 0.0,
  "summary_bg_n": 2491093.0,
  "summary_bg_p05": 0.0,
  "summary_bg_p95": 10.782980717718601,
  "summary_bg_stdv": 4.3719511925438725,
  "summary_csf_k": -0.2937823746314545,
  "summary_csf_mad": 165.98981065006413,
  "summary_csf_mean": 475.3233684440312,
  "summary_csf_median": 471.1725425776094,
  "summary_csf_n": 389086.8770531395,
  "summary_csf_p05": 105.5712098646909,
  "summary_csf_p95": 813.993614224717,
  "summary_csf_stdv": 205.3751517320842,
  "summary_gm_k": -0.4874332406745796,
  "summary_gm_mad": 65.85582726224887,
  "summary_gm_mean": 807.2614001803596,
  "summary_gm_median": 805.8335207086056,
  "summary_gm_n": 556401.2295025123,
  "summary_gm_p05": 639.911619214341,
  "summary_gm_p95": 982.9998367801309,
  "summary_gm_stdv": 99.14897645881733,
  "summary_wm_k": -0.5096562380302267,
  "summary_wm_mad": 48.86077506553948,
  "summary_wm_mean": 955.5828483903323,
  "summary_wm_median": 965.1253462210298,
  "summary_wm_n": 550981.8942399393,
  "summary_wm_p05": 845.6139765996486,
  "summary_wm_p95": 1034.3889971375465,
  "summary_wm_stdv": 57.56307264343201,
  "tpm_overlap_csf": 0.2054763160868762,
  "tpm_overlap_gm": 0.524743439223634,
  "tpm_overlap_wm": 0.5633925190122336,
  "wm2max": 0.7421794752077692
}