{
  "bids_meta": {
    "InstitutionName": "HH",
    "dataset": "<unset>",
    "modality": "T1w",
    "subject_id": "0676"
  },
  "cjv": 0.6939979956343062,
  "cnr": 1.404254035904915,
  "efc": 0.6319751908702889,
  "fber": -1.0,
  "fwhm_avg": 5.107856160337209,
  "fwhm_x": 4.467088481011627,
  "fwhm_y": 6.044298666666666,
  "fwhm_z": 4.812181333333333,
  "icvs_csf": 0.270835341400893,
  "icvs_gm": 0.36647793243733384,
  "icvs_wm": 0.3626867261617731,
  "inu_med": 0.37485314905643463,
  "inu_range": 0.19338206350803372,
  "provenance": {
    "md5sum": "b8c5efe2bd92eba184080d108f4f4d88",
    "settings": {
      "testing": false
    },
    "software": "mriqc",
    "version": "23.1.0",
    "warnings": {
      "large_rot_frame": true,
      "small_air_mask": false
    }
  },
  "qi_1": 0.0,
  "qi_2": 0.002635440140130367,
  "rpve_csf": 6.8089559763273755,
  "rpve_gm": 6.700830692273568,
  "rpve_wm": 6.76981478653163,
  "size_x": 150,
  "size_y": 256,
  "size_z": 256,
  "snr_csf": 2.3072675037641384,
  "snr_gm": 7.332224940208558,
  "snr_total": 8.819953373488813,
  "snr_wm": 16.820367676493742,
  "snrd_csf": 92.96504282638763,
  "snrd_gm": 161.64929214679123,
  "snrd_total": 150.44011655655447,
  "snrd_wm": 196.70601469648454,
  "spacing_x": 1.1999986171722412,
  "spacing_y": 0.9375,
  "spacing_z": 0.9375,
  "summary_bg_k": 45.52048716868772,
  "summary_bg_mad": 0.0,
  "summary_bg_mean": 0.879018815460003,
  "summary_bg_median": 0.0,
  "summary_bg_n": 2578229.0,
  "summary_bg_p05": 0.0,
  "summary_bg_p95": 7.312707711011171,
  "summary_bg_stdv": 3.2349030469542495,
  "summary_csf_k": -0.15511150025734644,
  "summary_csf_mad": 160.0497707849727,
  "summary_csf_mean": 468.00245153344457,
  "summary_csf_median": 459.038606768474,
  "summary_csf_n": 386596.3250700461,
  "summary_csf_p05": 116.51751412265003,
  "summary_csf_p95": 803.963176773861,
  "summary_csf_stdv": 198.95309595735844,
  "summary_gm_k": -0.33207605999530276,
  "summary_gm_mad": 72.40527290367075,
  "summary_gm_mean": 797.5510096811303,
  "summary_gm_median": 798.1846035476774,
  "summary_gm_n": 523118.663785563,
  "summary_gm_p05": 612.017383813858,
  "summary_gm_p95": 988.1615905854851,
  "summary_gm_stdv": 108.859704543504,
  "summary_wm_k": -0.4882532474956234,
  "summary_wm_mad": 47.72682648467092,
  "summary_wm_mean": 959.184293605127,
  "summary_wm_median": 971.2861112523824,
  "summary_wm_n": 517707.0125360137,
  "summary_wm_p05": 846.6376843601465,
  "summary_wm_p95": 1034.7992789242417,
  "summary_wm_stdv": 57.744586317447165,
  "tpm_overlap_csf": 0.1838772368021141,
  "tpm_overlap_gm": 0.49832118191576885,
  "tpm_overlap_wm": 0.5340858424466797,
  "wm2max": 0.7582568420344138
}