{
  "bids_meta": {
    "InstitutionName": "HH",
    "dataset": "<unset>",
    "modality": "T1w",
    "subject_id": "0624"
  },
  "cjv": 0.8483125285975757,
  "cnr": 1.0224624168208212,
  "efc": 0.5805952181442541,
  "fber": -1.0,
  "fwhm_avg": 4.729792989533414,
  "fwhm_x": 4.161378968600243,
  "fwhm_y": 5.360917333333333,
  "fwhm_z": 4.667082666666667,
  "icvs_csf": 0.2698618988843573,
  "icvs_gm": 0.3487634367952222,
  "icvs_wm": 0.3813746643204204,
  "inu_med": 0.424835741519928,
  "inu_range": 0.16704360991716388,
  "provenance": {
    "md5sum": "ebf4c1bf9613d5263f99d892715d39cf",
    "settings": {
      "testing": false
    },
    "software": "mriqc",
    "version": "23.1.0",
    "warnings": {
      "large_rot_frame": true,
      "small_air_mask": false
    }
  },
  "qi_1": 0.0,
  "qi_2": 0.00205348584349804,
  "rpve_csf": 7.128105405919825,
  "rpve_gm": 6.98271961935457,
  "rpve_wm": 7.051026978804728,
  "size_x": 150,
  "size_y": 256,
  "size_z": 256,
  "snr_csf": 2.212120439418819,
  "snr_gm": 5.64814595810475,
  "snr_total": 7.041411555221251,
  "snr_wm": 13.263968268140184,
  "snrd_csf": 44.293349232546966,
  "snrd_gm": 86.87394539223939,
  "snrd_total": 78.5751593955094,
  "snrd_wm": 104.55818356174183,
  "spacing_x": 1.1999988555908203,
  "spacing_y": 0.9375,
  "spacing_z": 0.9375,
  "summary_bg_k": 877.9807686616421,
  "summary_bg_mad": 0.0,
  "summary_bg_mean": 1.7960342196906238,
  "summary_bg_median": 0.0,
  "summary_bg_n": 2910935.0,
  "summary_bg_p05": 0.0,
  "summary_bg_p95": 11.808667639270425,
  "summary_bg_stdv": 5.898707872554363,
  "summary_csf_k": -0.029282188183220814,
  "summary_csf_mad": 127.6411361937085,
  "summary_csf_mean": 410.4997441999644,
  "summary_csf_median": 398.80783271975815,
  "summary_csf_n": 368329.64864373015,
  "summary_csf_p05": 86.3184252101928,
  "summary_csf_p95": 737.4885489512235,
  "summary_csf_stdv": 180.28281111613126,
  "summary_gm_k": 0.08665022237610032,
  "summary_gm_mad": 68.85859353539428,
  "summary_gm_mean": 770.7037625583073,
  "summary_gm_median": 782.1944034937769,
  "summary_gm_n": 476020.9376189572,
  "summary_gm_p05": 518.0460235476494,
  "summary_gm_p95": 990.0992058310658,
  "summary_gm_stdv": 138.48678623014462,
  "summary_wm_k": -0.7357658265709897,
  "summary_wm_mad": 66.21404862081181,
  "summary_wm_mean": 929.0543844575094,
  "summary_wm_median": 941.4194975513965,
  "summary_wm_n": 520531.4151107957,
  "summary_wm_p05": 801.1379448883235,
  "summary_wm_p95": 1027.5347143318504,
  "summary_wm_stdv": 70.97563671991854,
  "tpm_overlap_csf": 0.18199389131069052,
  "tpm_overlap_gm": 0.49038723284967745,
  "tpm_overlap_wm": 0.5278635799346422,
  "wm2max": 0.7313269938388673
}