{
  "bids_meta": {
    "InstitutionName": "HH",
    "dataset": "<unset>",
    "modality": "T1w",
    "subject_id": "0350"
  },
  "cjv": 0.7656860141624325,
  "cnr": 1.1931067900762446,
  "efc": 0.6551787081895527,
  "fber": -1.0,
  "fwhm_avg": 4.7891712160554745,
  "fwhm_x": 4.160804314833088,
  "fwhm_y": 5.577898666666667,
  "fwhm_z": 4.628810666666666,
  "icvs_csf": 0.2571009581404351,
  "icvs_gm": 0.36735532187635694,
  "icvs_wm": 0.3755437199832079,
  "inu_med": 0.3718646168708801,
  "inu_range": 0.19637021720409387,
  "provenance": {
    "md5sum": "773db49cb7b2a03e12d169d67a8b5d3f",
    "settings": {
      "testing": false
    },
    "software": "mriqc",
    "version": "23.1.0",
    "warnings": {
      "large_rot_frame": true,
      "small_air_mask": false
    }
  },
  "qi_1": 0.0,
  "qi_2": 0.001788785336346746,
  "rpve_csf": 6.01585251270256,
  "rpve_gm": 5.878524559711285,
  "rpve_wm": 5.942779167417923,
  "size_x": 150,
  "size_y": 256,
  "size_z": 256,
  "snr_csf": 2.429649037447013,
  "snr_gm": 7.654224171032076,
  "snr_total": 8.42756394655215,
  "snr_wm": 15.198818631177362,
  "snrd_csf": 19.912420964866815,
  "snrd_gm": 33.85926416489845,
  "snrd_total": 31.274609336520303,
  "snrd_wm": 40.052142879795646,
  "spacing_x": 1.1999963521957397,
  "spacing_y": 0.9375,
  "spacing_z": 0.9375,
  "summary_bg_k": 1481.7929391966668,
  "summary_bg_mad": 0.0,
  "summary_bg_mean": 1.5023000776089213,
  "summary_bg_median": 0.0,
  "summary_bg_n": 2391712.0,
  "summary_bg_p05": 0.0,
  "summary_bg_p95": 8.04761284403503,
  "summary_bg_stdv": 15.811498309126712,
  "summary_csf_k": 0.19329893636827444,
  "summary_csf_mad": 155.54950609880115,
  "summary_csf_mean": 490.2667897691951,
  "summary_csf_median": 480.57963260263205,
  "summary_csf_n": 414938.32179517904,
  "summary_csf_p05": 129.3310900144279,
  "summary_csf_p95": 822.8748824447393,
  "summary_csf_stdv": 197.79772555528672,
  "summary_gm_k": -0.15760244698526193,
  "summary_gm_mad": 61.383452893841856,
  "summary_gm_mean": 817.3549659678793,
  "summary_gm_median": 817.182037346065,
  "summary_gm_n": 592879.1625842263,
  "summary_gm_p05": 634.5969690904021,
  "summary_gm_p95": 1000.2587604057044,
  "summary_gm_stdv": 106.76213943071835,
  "summary_wm_k": -0.5038553705530049,
  "summary_wm_mad": 53.058322095114555,
  "summary_wm_mean": 955.0877672462452,
  "summary_wm_median": 966.6450977548957,
  "summary_wm_n": 606094.5165573206,
  "summary_wm_p05": 835.5802776422352,
  "summary_wm_p95": 1042.2305547241122,
  "summary_wm_stdv": 63.59996285067185,
  "tpm_overlap_csf": 0.21391015516372366,
  "tpm_overlap_gm": 0.5114024191260627,
  "tpm_overlap_wm": 0.5500120047971047,
  "wm2max": 0.6923290768574977
}