{
  "bids_meta": {
    "InstitutionName": "HH",
    "dataset": "<unset>",
    "modality": "T1w",
    "subject_id": "1059"
  },
  "cjv": 0.785084239635313,
  "cnr": 1.170194822193752,
  "efc": 0.6469267452464712,
  "fber": -1.0,
  "fwhm_avg": 4.879502196250452,
  "fwhm_x": 4.2515732554180214,
  "fwhm_y": 5.568277333333333,
  "fwhm_z": 4.818656,
  "icvs_csf": 0.27250356403562115,
  "icvs_gm": 0.3567877432896858,
  "icvs_wm": 0.37070869267469314,
  "inu_med": 0.4383375346660614,
  "inu_range": 0.1848951697349549,
  "provenance": {
    "md5sum": "dd56937103bc51af9e98447d4a3e4076",
    "settings": {
      "testing": false
    },
    "software": "mriqc",
    "version": "23.1.0",
    "warnings": {
      "large_rot_frame": true,
      "small_air_mask": false
    }
  },
  "qi_1": 0.0,
  "qi_2": 0.0015190401678208739,
  "rpve_csf": 8.001194090528056,
  "rpve_gm": 7.861625331095179,
  "rpve_wm": 7.919394434087791,
  "size_x": 150,
  "size_y": 256,
  "size_z": 256,
  "snr_csf": 2.34767012285066,
  "snr_gm": 6.518415436813598,
  "snr_total": 7.521740299089068,
  "snr_wm": 13.699135337602947,
  "snrd_csf": 69.01502169570675,
  "snrd_gm": 134.52471100651732,
  "snrd_total": 121.97505504029156,
  "snrd_wm": 162.3854324186506,
  "spacing_x": 1.199998140335083,
  "spacing_y": 0.9375,
  "spacing_z": 0.9375,
  "summary_bg_k": 28.345369219700576,
  "summary_bg_mad": 0.0,
  "summary_bg_mean": 1.1279006211983698,
  "summary_bg_median": 0.0,
  "summary_bg_n": 2931179.0,
  "summary_bg_p05": 0.0,
  "summary_bg_p95": 8.840279154479504,
  "summary_bg_stdv": 3.861123489192417,
  "summary_csf_k": -0.1152732634571687,
  "summary_csf_mad": 138.23772028361958,
  "summary_csf_mean": 418.5299962045559,
  "summary_csf_median": 406.7481540888548,
  "summary_csf_n": 332251.8783223118,
  "summary_csf_p05": 114.87597251683474,
  "summary_csf_p95": 731.5747994631529,
  "summary_csf_stdv": 173.2558326748084,
  "summary_gm_k": -0.17566793889014232,
  "summary_gm_mad": 66.91087202074507,
  "summary_gm_mean": 789.3542678843479,
  "summary_gm_median": 792.8372191563249,
  "summary_gm_n": 435015.95397438965,
  "summary_gm_p05": 575.4521336406469,
  "summary_gm_p95": 994.6386319845915,
  "summary_gm_stdv": 121.63022065215856,
  "summary_wm_k": -0.7296637285418988,
  "summary_wm_mad": 62.00030643949715,
  "summary_wm_mean": 942.7080679027499,
  "summary_wm_median": 957.0376602709293,
  "summary_wm_n": 451989.1689764287,
  "summary_wm_p05": 812.7099760696292,
  "summary_wm_p95": 1035.956810027361,
  "summary_wm_stdv": 69.86109546257373,
  "tpm_overlap_csf": 0.18744355693001116,
  "tpm_overlap_gm": 0.5143224856079862,
  "tpm_overlap_wm": 0.5548739687477552,
  "wm2max": 0.7338597917966113
}