{
  "bids_meta": {
    "InstitutionName": "HH",
    "dataset": "<unset>",
    "modality": "T1w",
    "subject_id": "0893"
  },
  "cjv": 0.772140708333793,
  "cnr": 1.2284982692000141,
  "efc": 0.6720792722095132,
  "fber": -1.0,
  "fwhm_avg": 4.81874926204635,
  "fwhm_x": 4.110210452805717,
  "fwhm_y": 5.622208,
  "fwhm_z": 4.723829333333333,
  "icvs_csf": 0.26650784056624854,
  "icvs_gm": 0.3673181806274306,
  "icvs_wm": 0.36617397880632074,
  "inu_med": 0.3979152739048004,
  "inu_range": 0.17316482961177826,
  "provenance": {
    "md5sum": "27d5839fab47dac404593b65c7fef659",
    "settings": {
      "testing": false
    },
    "software": "mriqc",
    "version": "23.1.0",
    "warnings": {
      "large_rot_frame": true,
      "small_air_mask": false
    }
  },
  "qi_1": 0.0,
  "qi_2": 0.001421221988761566,
  "rpve_csf": 6.601146882012884,
  "rpve_gm": 6.468781738726565,
  "rpve_wm": 6.540345312090818,
  "size_x": 150,
  "size_y": 256,
  "size_z": 256,
  "snr_csf": 2.4873157024414416,
  "snr_gm": 7.100709735586204,
  "snr_total": 7.903294711484178,
  "snr_wm": 14.121858696424887,
  "snrd_csf": 17.53835435787963,
  "snrd_gm": 29.251598683561745,
  "snrd_total": 27.3373912181947,
  "snrd_wm": 35.22222061314272,
  "spacing_x": 1.1999969482421875,
  "spacing_y": 0.9375,
  "spacing_z": 0.9375,
  "summary_bg_k": 1632.4322884050264,
  "summary_bg_mad": 0.0,
  "summary_bg_mean": 1.7065322093189537,
  "summary_bg_median": 0.0,
  "summary_bg_n": 3786895.0,
  "summary_bg_p05": 0.0,
  "summary_bg_p95": 10.22107838653028,
  "summary_bg_stdv": 17.839167133621103,
  "summary_csf_k": 0.13512710888175716,
  "summary_csf_mad": 144.65324848817684,
  "summary_csf_mean": 485.82426230503245,
  "summary_csf_median": 477.5641143415123,
  "summary_csf_n": 391966.6733341365,
  "summary_csf_p05": 147.6377989165485,
  "summary_csf_p95": 809.3832220602781,
  "summary_csf_stdv": 191.99955384942717,
  "summary_gm_k": -0.022567686396751885,
  "summary_gm_mad": 68.62236361285989,
  "summary_gm_mean": 795.4817272124995,
  "summary_gm_median": 796.5122344624251,
  "summary_gm_n": 540233.5819080404,
  "summary_gm_p05": 605.2392638660967,
  "summary_gm_p95": 988.4161358233541,
  "summary_gm_stdv": 112.17350475232158,
  "summary_wm_k": -0.4187348317130146,
  "summary_wm_mad": 56.91091333432927,
  "summary_wm_mean": 945.3397518502312,
  "summary_wm_median": 959.0904738847166,
  "summary_wm_n": 538550.7459340955,
  "summary_wm_p05": 819.225741988048,
  "summary_wm_p95": 1037.023041928187,
  "summary_wm_stdv": 67.9152513890127,
  "tpm_overlap_csf": 0.19946360003341504,
  "tpm_overlap_gm": 0.5134510952115862,
  "tpm_overlap_wm": 0.5359236501158512,
  "wm2max": 0.6802673536800704
}