{
  "bids_meta": {
    "InstitutionName": "HH",
    "dataset": "<unset>",
    "modality": "T1w",
    "subject_id": "0007"
  },
  "cjv": 0.582277264738617,
  "cnr": 1.7497781423508842,
  "efc": 0.6078641013584788,
  "fber": -1.0,
  "fwhm_avg": 5.092744341382595,
  "fwhm_x": 4.3502540264114895,
  "fwhm_y": 5.720704,
  "fwhm_z": 5.207274997736295,
  "icvs_csf": 0.26543977560026527,
  "icvs_gm": 0.38406771953460883,
  "icvs_wm": 0.3504925048651259,
  "inu_med": 0.35016292333602905,
  "inu_range": 0.1412961959838867,
  "provenance": {
    "md5sum": "f52647ed95e7d57423d1f2783d3453c7",
    "settings": {
      "testing": false
    },
    "software": "mriqc",
    "version": "23.1.0",
    "warnings": {
      "large_rot_frame": true,
      "small_air_mask": false
    }
  },
  "qi_1": 0.0,
  "qi_2": 0.0012503834237260478,
  "rpve_csf": 6.632872871323597,
  "rpve_gm": 6.548101849637409,
  "rpve_wm": 6.614600042981394,
  "size_x": 150,
  "size_y": 256,
  "size_z": 256,
  "snr_csf": 2.1926568748134945,
  "snr_gm": 8.37961070357801,
  "snr_total": 9.039738604473795,
  "snr_wm": 16.546948235029884,
  "snrd_csf": 107.6298769471464,
  "snrd_gm": 180.44277541631294,
  "snrd_total": 171.03122935997146,
  "snrd_wm": 225.02103571645503,
  "spacing_x": 1.1999965906143188,
  "spacing_y": 0.9375,
  "spacing_z": 0.9374999403953552,
  "summary_bg_k": 30.761351099007264,
  "summary_bg_mad": 0.0,
  "summary_bg_mean": 0.8912157695793307,
  "summary_bg_median": 0.0,
  "summary_bg_n": 2812687.0,
  "summary_bg_p05": 0.0,
  "summary_bg_p95": 5.008799348026514,
  "summary_bg_stdv": 2.83169937264139,
  "summary_csf_k": -0.5361430225812787,
  "summary_csf_mad": 166.48417034046236,
  "summary_csf_mean": 463.8213804179313,
  "summary_csf_median": 465.2091610673815,
  "summary_csf_n": 388905.6366709878,
  "summary_csf_p05": 87.06737245060503,
  "summary_csf_p95": 801.1145876143128,
  "summary_csf_stdv": 212.1666040457245,
  "summary_gm_k": -0.4798835303597211,
  "summary_gm_mad": 67.0686681801541,
  "summary_gm_mean": 783.3195067537698,
  "summary_gm_median": 779.9287201017141,
  "summary_gm_n": 562711.8266379071,
  "summary_gm_p05": 629.1909343171865,
  "summary_gm_p95": 957.8087834343314,
  "summary_gm_stdv": 93.07449411216504,
  "summary_wm_k": -0.34269756454603284,
  "summary_wm_mad": 45.12500417707127,
  "summary_wm_mean": 959.3743409547827,
  "summary_wm_median": 972.6095598861575,
  "summary_wm_n": 513519.5373215379,
  "summary_wm_p05": 841.7264742199332,
  "summary_wm_p95": 1033.6176384314895,
  "summary_wm_stdv": 58.77873061953635,
  "tpm_overlap_csf": 0.18604617121362013,
  "tpm_overlap_gm": 0.53107939685252,
  "tpm_overlap_wm": 0.5511366017887597,
  "wm2max": 0.7615447125746387
}