{
  "bids_meta": {
    "InstitutionName": "HH",
    "dataset": "<unset>",
    "modality": "T1w",
    "subject_id": "1021"
  },
  "cjv": 0.88266133891086,
  "cnr": 0.905876559497001,
  "efc": 0.533128342307275,
  "fber": -1.0,
  "fwhm_avg": 4.909012844459945,
  "fwhm_x": 4.3685001725080985,
  "fwhm_y": 5.5488,
  "fwhm_z": 4.809738360871737,
  "icvs_csf": 0.25898284339914723,
  "icvs_gm": 0.3365311983710142,
  "icvs_wm": 0.4044859582298385,
  "inu_med": 0.45666569471359253,
  "inu_range": 0.25863898992538453,
  "provenance": {
    "md5sum": "e22922e8cbff1a90d6f733f1526d61db",
    "settings": {
      "testing": false
    },
    "software": "mriqc",
    "version": "23.1.0",
    "warnings": {
      "large_rot_frame": true,
      "small_air_mask": false
    }
  },
  "qi_1": 0.0,
  "qi_2": 0.0009484274482647296,
  "rpve_csf": 7.1351395476126305,
  "rpve_gm": 6.998810960701376,
  "rpve_wm": 7.081532276907179,
  "size_x": 150,
  "size_y": 256,
  "size_z": 256,
  "snr_csf": 2.481118773623927,
  "snr_gm": 4.574515407787909,
  "snr_total": 7.2810639977010885,
  "snr_wm": 14.787557811691427,
  "snrd_csf": 53.677429946516305,
  "snrd_gm": 105.67596230439707,
  "snrd_total": 95.79512639542538,
  "snrd_wm": 128.0319869353628,
  "spacing_x": 1.1999976634979248,
  "spacing_y": 0.9375,
  "spacing_z": 0.9375000596046448,
  "summary_bg_k": 38.370769183271946,
  "summary_bg_mad": 0.0,
  "summary_bg_mean": 1.773742830418061,
  "summary_bg_median": 0.0,
  "summary_bg_n": 2770618.0,
  "summary_bg_p05": 0.0,
  "summary_bg_p95": 11.23321770876646,
  "summary_bg_stdv": 4.973864830667754,
  "summary_csf_k": 0.6579469204728601,
  "summary_csf_mad": 120.42115114554404,
  "summary_csf_mean": 433.7395462319369,
  "summary_csf_median": 407.5247246399522,
  "summary_csf_n": 352490.41253855114,
  "summary_csf_p05": 189.60543041303754,
  "summary_csf_p95": 742.2130604833364,
  "summary_csf_stdv": 164.2501563838213,
  "summary_gm_k": 1.5091834443981762,
  "summary_gm_mad": 83.76627596262504,
  "summary_gm_mean": 776.6284443841297,
  "summary_gm_median": 802.303081240505,
  "summary_gm_n": 458038.1441061991,
  "summary_gm_p05": 431.9915960878134,
  "summary_gm_p95": 1030.404081929475,
  "summary_gm_stdv": 175.38517939416215,
  "summary_wm_k": -0.7617633364707719,
  "summary_wm_mad": 66.04721804225134,
  "summary_wm_mean": 963.3337000562087,
  "summary_wm_median": 972.032384429127,
  "summary_wm_n": 550528.4458659876,
  "summary_wm_p05": 846.1075009815395,
  "summary_wm_p95": 1057.8459608070552,
  "summary_wm_stdv": 65.7330651882645,
  "tpm_overlap_csf": 0.1752924512597055,
  "tpm_overlap_gm": 0.45872846224748787,
  "tpm_overlap_wm": 0.4835082706052561,
  "wm2max": 0.7291738812574551
}