{
  "bids_meta": {
    "InstitutionName": "HH",
    "dataset": "<unset>",
    "modality": "T1w",
    "subject_id": "1112"
  },
  "cjv": 0.6847284380932018,
  "cnr": 1.3609674098635693,
  "efc": 0.6648034629366771,
  "fber": -1.0,
  "fwhm_avg": 5.164146297435841,
  "fwhm_x": 4.398870892307521,
  "fwhm_y": 5.884661333333333,
  "fwhm_z": 5.208906666666667,
  "icvs_csf": 0.2573896810629911,
  "icvs_gm": 0.3818841369683541,
  "icvs_wm": 0.36072618196865475,
  "inu_med": 0.36963245272636414,
  "inu_range": 0.17853251695632932,
  "provenance": {
    "md5sum": "65c6fe6a6e470f5786d00def0184fa1f",
    "settings": {
      "testing": false
    },
    "software": "mriqc",
    "version": "23.1.0",
    "warnings": {
      "large_rot_frame": true,
      "small_air_mask": false
    }
  },
  "qi_1": 0.0,
  "qi_2": 0.0015684112002890506,
  "rpve_csf": 6.112848017836729,
  "rpve_gm": 5.977508346300215,
  "rpve_wm": 6.036005053286853,
  "size_x": 150,
  "size_y": 256,
  "size_z": 256,
  "snr_csf": 2.3173442799552113,
  "snr_gm": 8.490347080157765,
  "snr_total": 7.976530817973515,
  "snr_wm": 13.121901093807569,
  "snrd_csf": 95.56043772873025,
  "snrd_gm": 165.71826229876802,
  "snrd_total": 153.55792744218405,
  "snrd_wm": 199.39508229905388,
  "spacing_x": 1.2000011205673218,
  "spacing_y": 0.9375,
  "spacing_z": 0.9375,
  "summary_bg_k": 137.313564548018,
  "summary_bg_mad": 0.0,
  "summary_bg_mean": 0.7287333771187052,
  "summary_bg_median": 0.0,
  "summary_bg_n": 3046327.0,
  "summary_bg_p05": 0.0,
  "summary_bg_p95": 4.810719611123204,
  "summary_bg_stdv": 3.1010761280517047,
  "summary_csf_k": -0.0889701846297779,
  "summary_csf_mad": 161.4682018235079,
  "summary_csf_mean": 469.00629808130765,
  "summary_csf_median": 452.3335785139352,
  "summary_csf_n": 409311.1092707054,
  "summary_csf_p05": 123.39117997325957,
  "summary_csf_p95": 791.9048968236893,
  "summary_csf_stdv": 195.19457245585053,
  "summary_gm_k": -0.10587996874517991,
  "summary_gm_mad": 56.31222209756011,
  "summary_gm_mean": 790.5800759455204,
  "summary_gm_median": 784.4243537634611,
  "summary_gm_n": 607287.0484545545,
  "summary_gm_p05": 639.6997732110322,
  "summary_gm_p95": 962.8239715937525,
  "summary_gm_stdv": 92.39006374112505,
  "summary_wm_k": -0.32558037350375324,
  "summary_wm_mad": 52.83938611939493,
  "summary_wm_mean": 927.4979238255877,
  "summary_wm_median": 943.8329632859677,
  "summary_wm_n": 573640.8432335021,
  "summary_wm_p05": 789.2350733745843,
  "summary_wm_p95": 1021.9127056654543,
  "summary_wm_stdv": 71.92800295241655,
  "tpm_overlap_csf": 0.1834476912105921,
  "tpm_overlap_gm": 0.5349410997993465,
  "tpm_overlap_wm": 0.5550493617079048,
  "wm2max": 0.6681775208930775
}