{
  "bids_meta": {
    "InstitutionName": "HH",
    "dataset": "<unset>",
    "modality": "T1w",
    "subject_id": "0942"
  },
  "cjv": 0.8233860843364704,
  "cnr": 1.140263569756133,
  "efc": 0.5688781965772611,
  "fber": -1.0,
  "fwhm_avg": 4.962697826984839,
  "fwhm_x": 4.328360147621183,
  "fwhm_y": 5.627744000000001,
  "fwhm_z": 4.931989333333333,
  "icvs_csf": 0.2724471402363237,
  "icvs_gm": 0.36055936406970596,
  "icvs_wm": 0.3669934956939704,
  "inu_med": 0.43071600794792175,
  "inu_range": 0.2001437246799469,
  "provenance": {
    "md5sum": "6f365b712df021dbb57a74fedf4501ef",
    "settings": {
      "testing": false
    },
    "software": "mriqc",
    "version": "23.1.0",
    "warnings": {
      "large_rot_frame": true,
      "small_air_mask": false
    }
  },
  "qi_1": 0.0,
  "qi_2": 0.0022951623808031563,
  "rpve_csf": 7.457872950094449,
  "rpve_gm": 7.309928665280483,
  "rpve_wm": 7.363905620016664,
  "size_x": 150,
  "size_y": 256,
  "size_z": 256,
  "snr_csf": 2.276075148513886,
  "snr_gm": 6.733250242779804,
  "snr_total": 7.347627137312546,
  "snr_wm": 13.03355602064395,
  "snrd_csf": 53.07229373375327,
  "snrd_gm": 106.47468010175054,
  "snrd_total": 95.74887010638157,
  "snrd_wm": 127.69963648364092,
  "spacing_x": 1.1999971866607666,
  "spacing_y": 0.9375,
  "spacing_z": 0.9375,
  "summary_bg_k": 15.264899547656132,
  "summary_bg_mad": 0.0,
  "summary_bg_mean": 2.4413726804204807,
  "summary_bg_median": 0.0,
  "summary_bg_n": 2775847.0,
  "summary_bg_p05": 0.0,
  "summary_bg_p95": 11.892355596646667,
  "summary_bg_stdv": 4.86655957780679,
  "summary_csf_k": -0.2806953872656748,
  "summary_csf_mad": 151.0140260065437,
  "summary_csf_mean": 409.0386082171973,
  "summary_csf_median": 394.23771810904145,
  "summary_csf_n": 356379.38617262203,
  "summary_csf_p05": 108.67406186461449,
  "summary_csf_p95": 719.9411395322531,
  "summary_csf_stdv": 173.20920412089728,
  "summary_gm_k": -0.24571218954819418,
  "summary_gm_mad": 66.1640653182257,
  "summary_gm_mean": 788.623873153429,
  "summary_gm_median": 790.9274682998657,
  "summary_gm_n": 471636.16668721114,
  "summary_gm_p05": 585.7904643379152,
  "summary_gm_p95": 988.0953679960221,
  "summary_gm_stdv": 117.46580051058022,
  "summary_wm_k": -0.6560480763177239,
  "summary_wm_mad": 63.65564745726,
  "summary_wm_mean": 934.9908666276119,
  "summary_wm_median": 948.5931311585009,
  "summary_wm_n": 480052.4483806811,
  "summary_wm_p05": 801.9861329887062,
  "summary_wm_p95": 1034.6104165874422,
  "summary_wm_stdv": 72.78076233727897,
  "tpm_overlap_csf": 0.17376701964301883,
  "tpm_overlap_gm": 0.5159096853349887,
  "tpm_overlap_wm": 0.5453575312374305,
  "wm2max": 0.7093792976987255
}