{
  "bids_meta": {
    "InstitutionName": "HH",
    "dataset": "<unset>",
    "modality": "T1w",
    "subject_id": "0494"
  },
  "cjv": 0.598911107939113,
  "cnr": 1.7968676353776947,
  "efc": 0.6276959071827708,
  "fber": -1.0,
  "fwhm_avg": 5.275808260265878,
  "fwhm_x": 4.507552780797632,
  "fwhm_y": 6.131189333333333,
  "fwhm_z": 5.188682666666667,
  "icvs_csf": 0.2579485039006299,
  "icvs_gm": 0.3884030761231502,
  "icvs_wm": 0.35364841997621993,
  "inu_med": 0.3848568946123123,
  "inu_range": 0.21046044826507565,
  "provenance": {
    "md5sum": "9ae4629f0181d4e497b5c1d5dde89820",
    "settings": {
      "testing": false
    },
    "software": "mriqc",
    "version": "23.1.0",
    "warnings": {
      "large_rot_frame": true,
      "small_air_mask": false
    }
  },
  "qi_1": 0.0,
  "qi_2": 0.0003212859105545119,
  "rpve_csf": 6.317930704616758,
  "rpve_gm": 6.242309049157572,
  "rpve_wm": 6.313214998621612,
  "size_x": 150,
  "size_y": 256,
  "size_z": 256,
  "snr_csf": 2.2255757296425247,
  "snr_gm": 8.663861782075294,
  "snr_total": 9.433679359098292,
  "snr_wm": 17.411600565577057,
  "snrd_csf": 74.1222599374513,
  "snrd_gm": 118.10717560438454,
  "snrd_total": 113.05658734135598,
  "snrd_wm": 146.9403264822321,
  "spacing_x": 1.2000014781951904,
  "spacing_y": 0.9375,
  "spacing_z": 0.9375,
  "summary_bg_k": 1404.1733825412334,
  "summary_bg_mad": 0.0,
  "summary_bg_mean": 1.0344406133506348,
  "summary_bg_median": 0.0,
  "summary_bg_n": 2495403.0,
  "summary_bg_p05": 0.0,
  "summary_bg_p95": 7.4737701416015625,
  "summary_bg_stdv": 4.3439226060647655,
  "summary_csf_k": -0.46202002207518555,
  "summary_csf_mad": 160.98874229737538,
  "summary_csf_mean": 484.4932816894111,
  "summary_csf_median": 491.4722499847412,
  "summary_csf_n": 396099.01612830046,
  "summary_csf_p05": 85.73276710510254,
  "summary_csf_p95": 824.941333770752,
  "summary_csf_stdv": 220.82898507912975,
  "summary_gm_k": -0.4929314727312146,
  "summary_gm_mad": 69.32495587127217,
  "summary_gm_mean": 784.8884894510298,
  "summary_gm_median": 783.1169662475586,
  "summary_gm_n": 596421.6655152676,
  "summary_gm_p05": 635.2465076446533,
  "summary_gm_p95": 949.6718502044678,
  "summary_gm_stdv": 90.3888276882064,
  "summary_wm_k": -0.11324243612879314,
  "summary_wm_mad": 45.17486878496834,
  "summary_wm_mean": 963.9074751619568,
  "summary_wm_median": 974.2969646453857,
  "summary_wm_n": 543053.3191302089,
  "summary_wm_p05": 853.950101852417,
  "summary_wm_p95": 1037.2491054534912,
  "summary_wm_stdv": 55.95672057378571,
  "tpm_overlap_csf": 0.19855877333226113,
  "tpm_overlap_gm": 0.5334429778252632,
  "tpm_overlap_wm": 0.5605825745334678,
  "wm2max": 0.8294518313076107
}