{
  "bids_meta": {
    "InstitutionName": "HH",
    "dataset": "<unset>",
    "modality": "T1w",
    "subject_id": "1234"
  },
  "cjv": 0.8637947784628338,
  "cnr": 0.967508387318003,
  "efc": 0.6772864788854416,
  "fber": -1.0,
  "fwhm_avg": 5.096095340745252,
  "fwhm_x": 4.230291355569088,
  "fwhm_y": 5.955253333333333,
  "fwhm_z": 5.102741333333333,
  "icvs_csf": 0.2588443922592584,
  "icvs_gm": 0.35370705575697675,
  "icvs_wm": 0.38744855198376477,
  "inu_med": 0.6213493049144745,
  "inu_range": 0.3269187867641449,
  "provenance": {
    "md5sum": "e182f5be93257bfd495ae9eb7e8fedc5",
    "settings": {
      "testing": false
    },
    "software": "mriqc",
    "version": "23.1.0",
    "warnings": {
      "large_rot_frame": true,
      "small_air_mask": false
    }
  },
  "qi_1": 0.0,
  "qi_2": 0.0013998516834846473,
  "rpve_csf": 6.199768849121188,
  "rpve_gm": 6.05082692377416,
  "rpve_wm": 6.164549232183269,
  "size_x": 150,
  "size_y": 256,
  "size_z": 256,
  "snr_csf": 2.3199605438055313,
  "snr_gm": 3.6050588990970276,
  "snr_total": 5.556123817322021,
  "snr_wm": 10.743352009063505,
  "snrd_csf": 28.423640360478817,
  "snrd_gm": 49.96768521941503,
  "snrd_total": 47.66344698287267,
  "snrd_wm": 64.59901536872417,
  "spacing_x": 1.2000048160552979,
  "spacing_y": 0.9375,
  "spacing_z": 0.9375,
  "summary_bg_k": 34.58160049344556,
  "summary_bg_mad": 0.0,
  "summary_bg_mean": 3.0361613869266897,
  "summary_bg_median": 0.0,
  "summary_bg_n": 2475713.0,
  "summary_bg_p05": 0.0,
  "summary_bg_p95": 22.796125896275043,
  "summary_bg_stdv": 9.674385238091066,
  "summary_csf_k": 0.07860139860289239,
  "summary_csf_mad": 124.07219002100499,
  "summary_csf_mean": 430.61925160958737,
  "summary_csf_median": 419.7312906384468,
  "summary_csf_n": 402353.93578659574,
  "summary_csf_p05": 109.90504082292318,
  "summary_csf_p95": 741.1865534260869,
  "summary_csf_stdv": 180.92151186114893,
  "summary_gm_k": 1.53818840250627,
  "summary_gm_mad": 103.04437080315934,
  "summary_gm_mean": 721.8022778868215,
  "summary_gm_median": 737.8717413172126,
  "summary_gm_n": 549810.7367022478,
  "summary_gm_p05": 350.5006246268749,
  "summary_gm_p95": 1029.357842169702,
  "summary_gm_stdv": 204.67656450171268,
  "summary_wm_k": -0.6520458016119184,
  "summary_wm_mad": 83.58759554986537,
  "summary_wm_mean": 942.0288639393691,
  "summary_wm_median": 953.9322813972831,
  "summary_wm_n": 602259.3282582858,
  "summary_wm_p05": 781.6979046911001,
  "summary_wm_p95": 1067.5868637859821,
  "summary_wm_stdv": 88.7927239683463,
  "tpm_overlap_csf": 0.20203630592913605,
  "tpm_overlap_gm": 0.48310364534485833,
  "tpm_overlap_wm": 0.4705521428948566,
  "wm2max": 0.6781753002892115
}