{
  "bids_meta": {
    "InstitutionName": "HH",
    "dataset": "<unset>",
    "modality": "T1w",
    "subject_id": "0203"
  },
  "cjv": 0.6569262275051043,
  "cnr": 1.4646848253869844,
  "efc": 0.611855422903027,
  "fber": 44516.413161625715,
  "fwhm_avg": 5.0588884053663,
  "fwhm_x": 4.332526549432235,
  "fwhm_y": 5.942752,
  "fwhm_z": 4.901386666666666,
  "icvs_csf": 0.26439934136105275,
  "icvs_gm": 0.3744527857120478,
  "icvs_wm": 0.3611478729268995,
  "inu_med": 0.3940410166978836,
  "inu_range": 0.20609715580940247,
  "provenance": {
    "md5sum": "785eeabaeaa07b86e3902a3b35b5147f",
    "settings": {
      "testing": false
    },
    "software": "mriqc",
    "version": "23.1.0",
    "warnings": {
      "large_rot_frame": true,
      "small_air_mask": false
    }
  },
  "qi_1": 0.0,
  "qi_2": 0.0016724062870873471,
  "rpve_csf": 6.163938003202436,
  "rpve_gm": 6.057113929924639,
  "rpve_wm": 6.130312392077308,
  "size_x": 150,
  "size_y": 256,
  "size_z": 256,
  "snr_csf": 2.350083446666435,
  "snr_gm": 7.485339187778292,
  "snr_total": 8.507847345398341,
  "snr_wm": 15.688119401750297,
  "snrd_csf": 48.41319859186894,
  "snrd_gm": 79.96632254786878,
  "snrd_total": 75.501015038598,
  "snrd_wm": 98.1235239760563,
  "spacing_x": 1.1999995708465576,
  "spacing_y": 0.9375,
  "spacing_z": 0.9375,
  "summary_bg_k": 328.7619425338275,
  "summary_bg_mad": 0.0,
  "summary_bg_mean": 2.219286892455692,
  "summary_bg_median": 0.0,
  "summary_bg_n": 2415725.0,
  "summary_bg_p05": 0.0,
  "summary_bg_p95": 13.507691403850913,
  "summary_bg_stdv": 6.451099757262895,
  "summary_csf_k": -0.07238328521149295,
  "summary_csf_mad": 149.42874803824046,
  "summary_csf_mean": 480.63756049006696,
  "summary_csf_median": 476.7226697895676,
  "summary_csf_n": 415973.13845268986,
  "summary_csf_p05": 110.77320661582053,
  "summary_csf_p95": 809.6758586522192,
  "summary_csf_stdv": 202.85326354877697,
  "summary_gm_k": -0.42335773201118876,
  "summary_gm_mad": 68.6462968734889,
  "summary_gm_mean": 788.0387411407323,
  "summary_gm_median": 787.4249148387462,
  "summary_gm_n": 589117.5812813034,
  "summary_gm_p05": 609.4173643309623,
  "summary_gm_p95": 977.3182200714946,
  "summary_gm_stdv": 105.1955331316639,
  "summary_wm_k": -0.4843841324963054,
  "summary_wm_mad": 48.8076297967499,
  "summary_wm_mean": 952.3405041428937,
  "summary_wm_median": 966.2180909253657,
  "summary_wm_n": 568185.2813005716,
  "summary_wm_p05": 830.989120323211,
  "summary_wm_p95": 1031.3236429262906,
  "summary_wm_stdv": 61.58910548261474,
  "tpm_overlap_csf": 0.2028247418190722,
  "tpm_overlap_gm": 0.5208908381486437,
  "tpm_overlap_wm": 0.5469876070788339,
  "wm2max": 0.7190627183624229
}