{
  "bids_meta": {
    "InstitutionName": "HH",
    "dataset": "<unset>",
    "modality": "T1w",
    "subject_id": "1010"
  },
  "cjv": 0.6111246754939927,
  "cnr": 1.5766386169188775,
  "efc": 0.5931626382656605,
  "fber": -1.0,
  "fwhm_avg": 4.78356372744848,
  "fwhm_x": 4.107341849012107,
  "fwhm_y": 5.342848,
  "fwhm_z": 4.900501333333334,
  "icvs_csf": 0.2692319953813965,
  "icvs_gm": 0.37686258620925056,
  "icvs_wm": 0.35390541840935286,
  "inu_med": 0.3530060648918152,
  "inu_range": 0.13610387444496153,
  "provenance": {
    "md5sum": "ba0e486845227eb5219339735549cefb",
    "settings": {
      "testing": false
    },
    "software": "mriqc",
    "version": "23.1.0",
    "warnings": {
      "large_rot_frame": true,
      "small_air_mask": false
    }
  },
  "qi_1": 0.0,
  "qi_2": 0.0014139149221235317,
  "rpve_csf": 7.193472616169363,
  "rpve_gm": 7.093190552704247,
  "rpve_wm": 7.162916352169487,
  "size_x": 150,
  "size_y": 256,
  "size_z": 256,
  "snr_csf": 2.310862338208806,
  "snr_gm": 7.562646278339134,
  "snr_total": 8.415262159640667,
  "snr_wm": 15.372277862374064,
  "snrd_csf": 105.2711632479109,
  "snrd_gm": 181.0365494145846,
  "snrd_total": 170.53681354269526,
  "snrd_wm": 225.30272796559026,
  "spacing_x": 1.2000048160552979,
  "spacing_y": 0.9375,
  "spacing_z": 0.9375,
  "summary_bg_k": 34.10497593449042,
  "summary_bg_mad": 0.0,
  "summary_bg_mean": 0.857248924539979,
  "summary_bg_median": 0.0,
  "summary_bg_n": 3083496.0,
  "summary_bg_p05": 0.0,
  "summary_bg_p95": 5.783577859401703,
  "summary_bg_stdv": 2.8122763988198827,
  "summary_csf_k": -0.35758225447708014,
  "summary_csf_mad": 153.99477642943185,
  "summary_csf_mean": 456.5338074990559,
  "summary_csf_median": 451.8930834531784,
  "summary_csf_n": 364008.3887412775,
  "summary_csf_p05": 113.37102621793747,
  "summary_csf_p95": 782.0730283856392,
  "summary_csf_stdv": 195.55144210151013,
  "summary_gm_k": -0.3819023143820144,
  "summary_gm_mad": 68.43858103787832,
  "summary_gm_mean": 777.984866497173,
  "summary_gm_median": 777.1279618144035,
  "summary_gm_n": 509527.63837956183,
  "summary_gm_p05": 603.5131245851517,
  "summary_gm_p95": 967.9430305957794,
  "summary_gm_stdv": 102.75863376598683,
  "summary_wm_k": -0.4318244135537497,
  "summary_wm_mad": 47.68705972643967,
  "summary_wm_mean": 950.8021819442199,
  "summary_wm_median": 967.1475198864937,
  "summary_wm_n": 478488.9735690669,
  "summary_wm_p05": 823.9985927939415,
  "summary_wm_p95": 1027.7138352394104,
  "summary_wm_stdv": 62.914977072229675,
  "tpm_overlap_csf": 0.19894958884314937,
  "tpm_overlap_gm": 0.533932746054831,
  "tpm_overlap_wm": 0.5614887886396903,
  "wm2max": 0.867262532175431
}