{
  "bids_meta": {
    "InstitutionName": "HH",
    "dataset": "<unset>",
    "modality": "T1w",
    "subject_id": "0077"
  },
  "cjv": 0.6867662304462313,
  "cnr": 1.311012926763602,
  "efc": 0.6322652361984026,
  "fber": -1.0,
  "fwhm_avg": 5.038145919468641,
  "fwhm_x": 4.365723091739257,
  "fwhm_y": 5.760768,
  "fwhm_z": 4.987946666666667,
  "icvs_csf": 0.2716446219969733,
  "icvs_gm": 0.35885517165587155,
  "icvs_wm": 0.3695002063471551,
  "inu_med": 0.3687809407711029,
  "inu_range": 0.16488006711006165,
  "provenance": {
    "md5sum": "005b60ecdd76d2a5678ba27040a2f311",
    "settings": {
      "testing": false
    },
    "software": "mriqc",
    "version": "23.1.0",
    "warnings": {
      "large_rot_frame": true,
      "small_air_mask": false
    }
  },
  "qi_1": 0.0,
  "qi_2": 0.003270539381530653,
  "rpve_csf": 6.213273525487448,
  "rpve_gm": 6.096068113084572,
  "rpve_wm": 6.159420836613724,
  "size_x": 150,
  "size_y": 256,
  "size_z": 256,
  "snr_csf": 2.2732413843216945,
  "snr_gm": 6.587735669809437,
  "snr_total": 8.108303224850014,
  "snr_wm": 15.463932620418907,
  "snrd_csf": 36.62704310069814,
  "snrd_gm": 70.3818108301598,
  "snrd_total": 64.40417353984124,
  "snrd_wm": 86.2036666886658,
  "spacing_x": 1.200000524520874,
  "spacing_y": 0.9375,
  "spacing_z": 0.9375,
  "summary_bg_k": 1379.581566315483,
  "summary_bg_mad": 0.0,
  "summary_bg_mean": 1.8830952140712376,
  "summary_bg_median": 0.0,
  "summary_bg_n": 2561499.0,
  "summary_bg_p05": 0.0,
  "summary_bg_p95": 11.381505221128464,
  "summary_bg_stdv": 7.389502618316232,
  "summary_csf_k": 0.0478193730948453,
  "summary_csf_mad": 143.32006680259602,
  "summary_csf_mean": 430.95241875820625,
  "summary_csf_median": 413.1286719739437,
  "summary_csf_n": 425129.53831893747,
  "summary_csf_p05": 110.17097378522158,
  "summary_csf_p95": 765.1067128255963,
  "summary_csf_stdv": 181.73529170167487,
  "summary_gm_k": -0.3037369402424268,
  "summary_gm_mad": 70.56838817261828,
  "summary_gm_mean": 790.6451491835301,
  "summary_gm_median": 793.8599891737103,
  "summary_gm_n": 561615.8800711452,
  "summary_gm_p05": 578.2852948866785,
  "summary_gm_p95": 996.4807334393263,
  "summary_gm_stdv": 120.5056368681177,
  "summary_wm_k": -0.549742662515289,
  "summary_wm_mad": 51.991916823559876,
  "summary_wm_mean": 958.0437884163814,
  "summary_wm_median": 972.3199942857027,
  "summary_wm_n": 578275.5829227072,
  "summary_wm_p05": 834.7685134224594,
  "summary_wm_p95": 1038.8369052819908,
  "summary_wm_stdv": 62.87657722299207,
  "tpm_overlap_csf": 0.18524631914319092,
  "tpm_overlap_gm": 0.4990981731427828,
  "tpm_overlap_wm": 0.5513449852572674,
  "wm2max": 0.7547915438623994
}