{
  "bids_meta": {
    "InstitutionName": "HH",
    "dataset": "<unset>",
    "modality": "T1w",
    "subject_id": "0558"
  },
  "cjv": 0.7016119790671421,
  "cnr": 1.4609647481539414,
  "efc": 0.6150397104392955,
  "fber": -1.0,
  "fwhm_avg": 5.13236934001833,
  "fwhm_x": 4.441620020054991,
  "fwhm_y": 5.837322666666666,
  "fwhm_z": 5.118165333333334,
  "icvs_csf": 0.26174272772319984,
  "icvs_gm": 0.37641448315823073,
  "icvs_wm": 0.3618427891185694,
  "inu_med": 0.3740788698196411,
  "inu_range": 0.16408514976501465,
  "provenance": {
    "md5sum": "0980a4c2c3fb76c9895a3a1f55d2f97c",
    "settings": {
      "testing": false
    },
    "software": "mriqc",
    "version": "23.1.0",
    "warnings": {
      "large_rot_frame": true,
      "small_air_mask": false
    }
  },
  "qi_1": 0.0,
  "qi_2": 0.001027031003428846,
  "rpve_csf": 7.675182710105797,
  "rpve_gm": 7.564138353075765,
  "rpve_wm": 7.626853944722827,
  "size_x": 150,
  "size_y": 256,
  "size_z": 256,
  "snr_csf": 2.2080636818963466,
  "snr_gm": 8.091564825912485,
  "snr_total": 8.673121254591884,
  "snr_wm": 15.719735255966821,
  "snrd_csf": 72.77046685205939,
  "snrd_gm": 126.10536778456935,
  "snrd_total": 117.28026335187816,
  "snrd_wm": 152.96495541900578,
  "spacing_x": 1.1999990940093994,
  "spacing_y": 0.9375,
  "spacing_z": 0.9375,
  "summary_bg_k": 229.14513336221788,
  "summary_bg_mad": 0.0,
  "summary_bg_mean": 1.2895086277708394,
  "summary_bg_median": 0.0,
  "summary_bg_n": 2866146.0,
  "summary_bg_p05": 0.0,
  "summary_bg_p95": 8.89684135466814,
  "summary_bg_stdv": 4.10974525560756,
  "summary_csf_k": -0.5423513430924034,
  "summary_csf_mad": 172.360475261221,
  "summary_csf_mean": 460.1789885059418,
  "summary_csf_median": 456.49742693826556,
  "summary_csf_n": 332099.43485979387,
  "summary_csf_p05": 100.2261485569179,
  "summary_csf_p95": 800.4672067984939,
  "summary_csf_stdv": 206.74074909624727,
  "summary_gm_k": -0.5390180228170545,
  "summary_gm_mad": 67.61040446864912,
  "summary_gm_mean": 793.1503822019588,
  "summary_gm_median": 791.0733352005482,
  "summary_gm_n": 477595.07290719537,
  "summary_gm_p05": 630.3586060367525,
  "summary_gm_p95": 969.606598585844,
  "summary_gm_stdv": 97.76508302604613,
  "summary_wm_k": -0.5543643222853984,
  "summary_wm_mad": 50.60647985705153,
  "summary_wm_mean": 947.7478220973061,
  "summary_wm_median": 959.5665876716375,
  "summary_wm_n": 459106.49292785395,
  "summary_wm_p05": 830.6120910532773,
  "summary_wm_p95": 1029.2999308034778,
  "summary_wm_stdv": 61.04209307658625,
  "tpm_overlap_csf": 0.18646631458599802,
  "tpm_overlap_gm": 0.5298593053037147,
  "tpm_overlap_wm": 0.5597081909466028,
  "wm2max": 0.7242810019331838
}