{
  "bids_meta": {
    "InstitutionName": "HH",
    "dataset": "<unset>",
    "modality": "T1w",
    "subject_id": "0626"
  },
  "cjv": 0.772140708333793,
  "cnr": 1.2282712743781454,
  "efc": 0.6720792722095132,
  "fber": -1.0,
  "fwhm_avg": 4.81874926204635,
  "fwhm_x": 4.110210452805717,
  "fwhm_y": 5.622208,
  "fwhm_z": 4.723829333333333,
  "icvs_csf": 0.2662872078062018,
  "icvs_gm": 0.36741939044043637,
  "icvs_wm": 0.3662934017533619,
  "inu_med": 0.3979152739048004,
  "inu_range": 0.17316482961177826,
  "provenance": {
    "md5sum": "27d5839fab47dac404593b65c7fef659",
    "settings": {
      "testing": false
    },
    "software": "mriqc",
    "version": "23.1.0",
    "warnings": {
      "large_rot_frame": true,
      "small_air_mask": false
    }
  },
  "qi_1": 0.0,
  "qi_2": 0.001678828972724422,
  "rpve_csf": 6.601269109596669,
  "rpve_gm": 6.468754098783554,
  "rpve_wm": 6.540297526439601,
  "size_x": 150,
  "size_y": 256,
  "size_z": 256,
  "snr_csf": 2.4881305209791145,
  "snr_gm": 7.099914802332016,
  "snr_total": 7.9014366974221195,
  "snr_wm": 14.116264768955226,
  "snrd_csf": 17.530946638659493,
  "snrd_gm": 29.251610196285082,
  "snrd_total": 27.334930436901107,
  "snrd_wm": 35.22223447575875,
  "spacing_x": 1.1999969482421875,
  "spacing_y": 0.9375,
  "spacing_z": 0.9375,
  "summary_bg_k": 1632.4358041770965,
  "summary_bg_mad": 0.0,
  "summary_bg_mean": 1.705618366543273,
  "summary_bg_median": 0.0,
  "summary_bg_n": 3786893.0,
  "summary_bg_p05": 0.0,
  "summary_bg_p95": 10.215664263814688,
  "summary_bg_stdv": 17.82971067891332,
  "summary_csf_k": 0.134327138816992,
  "summary_csf_mad": 144.53922846054272,
  "summary_csf_mean": 485.3256309569812,
  "summary_csf_median": 477.1093569137156,
  "summary_csf_n": 391642.1775080137,
  "summary_csf_p05": 147.45869947224855,
  "summary_csf_p95": 808.4752369970083,
  "summary_csf_stdv": 191.75390670892853,
  "summary_gm_k": -0.040623472217143686,
  "summary_gm_mad": 68.58601422940113,
  "summary_gm_mean": 795.025207955473,
  "summary_gm_median": 796.0903205685318,
  "summary_gm_n": 540382.4363785612,
  "summary_gm_p05": 604.8429960049689,
  "summary_gm_p95": 987.8673462420702,
  "summary_gm_stdv": 112.12663899962764,
  "summary_wm_k": -0.42047255076167156,
  "summary_wm_mad": 56.880767526128196,
  "summary_wm_mean": 944.8144227071163,
  "summary_wm_median": 958.5824420191348,
  "summary_wm_n": 538726.3873896208,
  "summary_wm_p05": 818.7161251232028,
  "summary_wm_p95": 1036.4737290479243,
  "summary_wm_stdv": 67.90617546733635,
  "tpm_overlap_csf": 0.19991213748197648,
  "tpm_overlap_gm": 0.513897047821973,
  "tpm_overlap_wm": 0.5363627417073342,
  "wm2max": 0.6802673536800704
}