{
  "bids_meta": {
    "InstitutionName": "HH",
    "dataset": "<unset>",
    "modality": "T1w",
    "subject_id": "0241"
  },
  "cjv": 0.6552657342602918,
  "cnr": 1.4756869134266009,
  "efc": 0.6378767774017784,
  "fber": -1.0,
  "fwhm_avg": 5.045600959464522,
  "fwhm_x": 4.320301545060233,
  "fwhm_y": 5.922218666666667,
  "fwhm_z": 4.894282666666667,
  "icvs_csf": 0.2623595308039071,
  "icvs_gm": 0.3754534354249087,
  "icvs_wm": 0.36218703377118416,
  "inu_med": 0.39289557933807373,
  "inu_range": 0.20677011311054228,
  "provenance": {
    "md5sum": "e54456f9bc4ab461c56ae1569beb600d",
    "settings": {
      "testing": false
    },
    "software": "mriqc",
    "version": "23.1.0",
    "warnings": {
      "large_rot_frame": true,
      "small_air_mask": false
    }
  },
  "qi_1": 0.0,
  "qi_2": 0.0013791620904167053,
  "rpve_csf": 6.221176537620167,
  "rpve_gm": 6.115758965438621,
  "rpve_wm": 6.189562739547036,
  "size_x": 150,
  "size_y": 256,
  "size_z": 256,
  "snr_csf": 2.388182471314492,
  "snr_gm": 7.5980151577025685,
  "snr_total": 8.627964821223266,
  "snr_wm": 15.897696834652734,
  "snrd_csf": 51.31282274046957,
  "snrd_gm": 83.71766082721511,
  "snrd_total": 79.20524245733777,
  "snrd_wm": 102.58524380432863,
  "spacing_x": 1.1999995708465576,
  "spacing_y": 0.9375,
  "spacing_z": 0.9375,
  "summary_bg_k": 368.2237994595345,
  "summary_bg_mad": 0.0,
  "summary_bg_mean": 2.0660078470809706,
  "summary_bg_median": 0.0,
  "summary_bg_n": 2424069.0,
  "summary_bg_p05": 0.0,
  "summary_bg_p95": 13.01733067072928,
  "summary_bg_stdv": 6.172032054035998,
  "summary_csf_k": 0.009023169808549891,
  "summary_csf_mad": 148.41446304590164,
  "summary_csf_mean": 487.4103125462186,
  "summary_csf_median": 483.417478768155,
  "summary_csf_n": 408954.2307103246,
  "summary_csf_p05": 117.13060112297535,
  "summary_csf_p95": 813.4182299822569,
  "summary_csf_stdv": 202.42041532976336,
  "summary_gm_k": -0.454783711044231,
  "summary_gm_mad": 68.31956017524902,
  "summary_gm_mean": 789.5450405994246,
  "summary_gm_median": 788.703064147383,
  "summary_gm_n": 585239.9201251181,
  "summary_gm_p05": 613.7937847841531,
  "summary_gm_p95": 976.452049786225,
  "summary_gm_stdv": 103.80374004896625,
  "summary_wm_k": -0.46750361029307896,
  "summary_wm_mad": 48.154756070660106,
  "summary_wm_mean": 953.2712733794797,
  "summary_wm_median": 966.4543338324875,
  "summary_wm_n": 564560.8502016087,
  "summary_wm_p05": 833.7181608527899,
  "summary_wm_p95": 1032.1246101986617,
  "summary_wm_stdv": 60.7920435236188,
  "tpm_overlap_csf": 0.20762063704802652,
  "tpm_overlap_gm": 0.5225481196356239,
  "tpm_overlap_wm": 0.5496152112776526,
  "wm2max": 0.7166916241081438
}