{
  "bids_meta": {
    "InstitutionName": "HH",
    "dataset": "<unset>",
    "modality": "T1w",
    "subject_id": "0195"
  },
  "cjv": 0.797213381939632,
  "cnr": 1.1692485134427557,
  "efc": 0.5930700489891965,
  "fber": -1.0,
  "fwhm_avg": 4.792571283917529,
  "fwhm_x": 4.19534649913007,
  "fwhm_y": 5.352106326388911,
  "fwhm_z": 4.830261026233607,
  "icvs_csf": 0.2720012103523526,
  "icvs_gm": 0.36016388822061235,
  "icvs_wm": 0.36783490142703507,
  "inu_med": 0.44262178242206573,
  "inu_range": 0.18189151138067244,
  "provenance": {
    "md5sum": "d516ae5f7521fa28ee36180f8ec65b5e",
    "settings": {
      "testing": false
    },
    "software": "mriqc",
    "version": "23.1.0",
    "warnings": {
      "large_rot_frame": true,
      "small_air_mask": false
    }
  },
  "qi_1": 0.0,
  "qi_2": 0.0021687832570519323,
  "rpve_csf": 7.570172262629454,
  "rpve_gm": 7.430269527859427,
  "rpve_wm": 7.49941584055671,
  "size_x": 150,
  "size_y": 256,
  "size_z": 256,
  "snr_csf": 2.3539819730059577,
  "snr_gm": 6.109562826879634,
  "snr_total": 7.011650934140757,
  "snr_wm": 12.57140800253668,
  "snrd_csf": 48.7705754651537,
  "snrd_gm": 91.45086296806369,
  "snrd_total": 84.01522297541095,
  "snrd_wm": 111.82423049301545,
  "spacing_x": 1.2000010013580322,
  "spacing_y": 0.9375000596046448,
  "spacing_z": 0.9375000596046448,
  "summary_bg_k": 1641.8708693104866,
  "summary_bg_mad": 0.0,
  "summary_bg_mean": 1.5814276169736752,
  "summary_bg_median": 0.0,
  "summary_bg_n": 2977026.0,
  "summary_bg_p05": 0.0,
  "summary_bg_p95": 11.068068444728851,
  "summary_bg_stdv": 5.633024438371096,
  "summary_csf_k": -0.04099411217259297,
  "summary_csf_mad": 135.82315347182865,
  "summary_csf_mean": 433.44083731248935,
  "summary_csf_median": 419.34144319966435,
  "summary_csf_n": 349766.90072211385,
  "summary_csf_p05": 123.01696906797588,
  "summary_csf_p95": 753.9891043212265,
  "summary_csf_stdv": 178.1410599356922,
  "summary_gm_k": -0.17515808485578166,
  "summary_gm_mad": 72.13361536007008,
  "summary_gm_mean": 781.0524862859685,
  "summary_gm_median": 786.3170875702053,
  "summary_gm_n": 463135.4646244495,
  "summary_gm_p05": 555.248100310564,
  "summary_gm_p95": 999.2851712275296,
  "summary_gm_stdv": 128.70253747193186,
  "summary_wm_k": -0.7249122325376769,
  "summary_wm_mad": 67.51843143892815,
  "summary_wm_mean": 945.5901027877554,
  "summary_wm_median": 961.4923291839659,
  "summary_wm_n": 472999.635857854,
  "summary_wm_p05": 805.4786810651422,
  "summary_wm_p95": 1047.869380004704,
  "summary_wm_stdv": 76.48238865622415,
  "tpm_overlap_csf": 0.19672489054261158,
  "tpm_overlap_gm": 0.5169559685198957,
  "tpm_overlap_wm": 0.5529567977164219,
  "wm2max": 0.7254349338900488
}