{
  "bids_meta": {
    "InstitutionName": "HH",
    "dataset": "<unset>",
    "modality": "T1w",
    "subject_id": "1224"
  },
  "cjv": 0.7268545780369959,
  "cnr": 1.3291089208059927,
  "efc": 0.6127947503098617,
  "fber": -1.0,
  "fwhm_avg": 4.802117336938225,
  "fwhm_x": 4.213744010814673,
  "fwhm_y": 5.373568000000001,
  "fwhm_z": 4.81904,
  "icvs_csf": 0.2611277232909518,
  "icvs_gm": 0.3735946205676681,
  "icvs_wm": 0.3652776561413801,
  "inu_med": 0.404893159866333,
  "inu_range": 0.198158586025238,
  "provenance": {
    "md5sum": "73d9527c25172fe2e87072d40f996500",
    "settings": {
      "testing": false
    },
    "software": "mriqc",
    "version": "23.1.0",
    "warnings": {
      "large_rot_frame": true,
      "small_air_mask": false
    }
  },
  "qi_1": 0.0,
  "qi_2": 0.0022078934558114527,
  "rpve_csf": 7.768404214720986,
  "rpve_gm": 7.64164573883198,
  "rpve_wm": 7.710164454288702,
  "size_x": 150,
  "size_y": 256,
  "size_z": 256,
  "snr_csf": 2.5424199466247925,
  "snr_gm": 7.79707989050768,
  "snr_total": 8.297243932790082,
  "snr_wm": 14.552231961237771,
  "snrd_csf": 77.65443474166425,
  "snrd_gm": 127.37913523361577,
  "snrd_total": 119.41997543306957,
  "snrd_wm": 153.22635632392866,
  "spacing_x": 1.1999993324279785,
  "spacing_y": 0.9375,
  "spacing_z": 0.9375,
  "summary_bg_k": 75.4771200839601,
  "summary_bg_mad": 0.0,
  "summary_bg_mean": 1.1710825542564163,
  "summary_bg_median": 0.0,
  "summary_bg_n": 2498007.0,
  "summary_bg_p05": 0.0,
  "summary_bg_p95": 8.80922726355493,
  "summary_bg_stdv": 4.0941173501364405,
  "summary_csf_k": -0.1561914301044518,
  "summary_csf_mad": 155.92590971163054,
  "summary_csf_mean": 490.0428982448122,
  "summary_csf_median": 485.282711494714,
  "summary_csf_n": 327119.13834827347,
  "summary_csf_p05": 179.0034979954362,
  "summary_csf_p95": 805.9150926154107,
  "summary_csf_stdv": 190.87404124017363,
  "summary_gm_k": -0.4447331597830324,
  "summary_gm_mad": 64.71081979991278,
  "summary_gm_mean": 797.2447141077381,
  "summary_gm_median": 796.0252668075264,
  "summary_gm_n": 468008.3325946893,
  "summary_gm_p05": 625.7605222575366,
  "summary_gm_p95": 978.0826302543283,
  "summary_gm_stdv": 102.09263308138794,
  "summary_wm_k": -0.3979818625909055,
  "summary_wm_mad": 52.69508630638754,
  "summary_wm_mean": 944.4370529356878,
  "summary_wm_median": 957.5512579120696,
  "summary_wm_n": 457589.5298627817,
  "summary_wm_p05": 819.7279609646648,
  "summary_wm_p95": 1033.2166472878307,
  "summary_wm_stdv": 65.8009172862785,
  "tpm_overlap_csf": 0.21109427845189033,
  "tpm_overlap_gm": 0.5262660014320734,
  "tpm_overlap_wm": 0.5577935124946626,
  "wm2max": 0.786820059452573
}