{
  "bids_meta": {
    "InstitutionName": "HH",
    "dataset": "<unset>",
    "modality": "T1w",
    "subject_id": "0902"
  },
  "cjv": 0.6271067729329642,
  "cnr": 1.7256210652803299,
  "efc": 0.5966519839795872,
  "fber": -1.0,
  "fwhm_avg": 5.097846485523089,
  "fwhm_x": 4.405688463304815,
  "fwhm_y": 5.750912,
  "fwhm_z": 5.136938993264452,
  "icvs_csf": 0.26581712300778265,
  "icvs_gm": 0.37876502803674417,
  "icvs_wm": 0.3554178489554731,
  "inu_med": 0.36112000048160553,
  "inu_range": 0.16224065572023388,
  "provenance": {
    "md5sum": "29486ccc8c3e43156ddf2e2a2c7121e5",
    "settings": {
      "testing": false
    },
    "software": "mriqc",
    "version": "23.1.0",
    "warnings": {
      "large_rot_frame": true,
      "small_air_mask": false
    }
  },
  "qi_1": 0.0,
  "qi_2": 0.0005669980081205589,
  "rpve_csf": 7.962831342495454,
  "rpve_gm": 7.886301044373214,
  "rpve_wm": 7.958121789199776,
  "size_x": 150,
  "size_y": 256,
  "size_z": 256,
  "snr_csf": 2.23619591015978,
  "snr_gm": 7.808063446790176,
  "snr_total": 9.619813249658895,
  "snr_wm": 18.81518039202673,
  "snrd_csf": 97.53915086201748,
  "snrd_gm": 164.68496346966393,
  "snrd_total": 155.973162996468,
  "snrd_wm": 205.69537465772262,
  "spacing_x": 1.2000054121017456,
  "spacing_y": 0.9375,
  "spacing_z": 0.9374999403953552,
  "summary_bg_k": 66.15347832727633,
  "summary_bg_mad": 0.0,
  "summary_bg_mean": 0.8857520030151214,
  "summary_bg_median": 0.0,
  "summary_bg_n": 2527654.0,
  "summary_bg_p05": 0.0,
  "summary_bg_p95": 5.042497897520661,
  "summary_bg_stdv": 3.1169553865894146,
  "summary_csf_k": -0.5395185839094863,
  "summary_csf_mad": 159.13472715229585,
  "summary_csf_mean": 463.0467008695009,
  "summary_csf_median": 464.06394406221807,
  "summary_csf_n": 324885.4094143824,
  "summary_csf_p05": 100.45360440388322,
  "summary_csf_p95": 802.3737156670541,
  "summary_csf_stdv": 207.52351247801235,
  "summary_gm_k": -0.7219889697554365,
  "summary_gm_mad": 78.74304275132579,
  "summary_gm_mean": 783.3638438610828,
  "summary_gm_median": 783.5249025654048,
  "summary_gm_n": 462931.92031111114,
  "summary_gm_p05": 614.127800706774,
  "summary_gm_p95": 963.2712359167635,
  "summary_gm_stdv": 100.34806474624753,
  "summary_wm_k": -0.49857307131571993,
  "summary_wm_mad": 43.61554938464812,
  "summary_wm_mean": 968.0128754377911,
  "summary_wm_median": 978.6409456655383,
  "summary_wm_n": 434396.67115687375,
  "summary_wm_p05": 866.2526955828071,
  "summary_wm_p95": 1036.024131346494,
  "summary_wm_stdv": 52.013310467256,
  "tpm_overlap_csf": 0.19850912414987584,
  "tpm_overlap_gm": 0.5318238106186428,
  "tpm_overlap_wm": 0.5579636318279952,
  "wm2max": 0.8605206721242676
}