{
  "bids_meta": {
    "InstitutionName": "HH",
    "dataset": "<unset>",
    "modality": "T1w",
    "subject_id": "0923"
  },
  "cjv": 0.6271538588014847,
  "cnr": 1.7421751683442759,
  "efc": 0.556836981669918,
  "fber": -1.0,
  "fwhm_avg": 5.546337116738694,
  "fwhm_x": 4.672099350216081,
  "fwhm_y": 6.375861333333333,
  "fwhm_z": 5.591050666666666,
  "icvs_csf": 0.2661471282468408,
  "icvs_gm": 0.3805475645586418,
  "icvs_wm": 0.35330530719451747,
  "inu_med": 0.3655310869216919,
  "inu_range": 0.1596986949443817,
  "provenance": {
    "md5sum": "58e44c93c9ebab5978716efa593538b0",
    "settings": {
      "testing": false
    },
    "software": "mriqc",
    "version": "23.1.0",
    "warnings": {
      "large_rot_frame": true,
      "small_air_mask": false
    }
  },
  "qi_1": 0.0,
  "qi_2": 0.0026227345631947493,
  "rpve_csf": 7.172787728576289,
  "rpve_gm": 7.095534909804526,
  "rpve_wm": 7.162063257143619,
  "size_x": 150,
  "size_y": 256,
  "size_z": 256,
  "snr_csf": 2.048657269111881,
  "snr_gm": 7.897931502457905,
  "snr_total": 9.279995978639509,
  "snr_wm": 17.89339916434874,
  "snrd_csf": 78.41606570264328,
  "snrd_gm": 139.07572054489975,
  "snrd_total": 130.546022341192,
  "snrd_wm": 174.14628077603297,
  "spacing_x": 1.2000001668930054,
  "spacing_y": 0.9375,
  "spacing_z": 0.9375,
  "summary_bg_k": 28.20428171535618,
  "summary_bg_mad": 0.0,
  "summary_bg_mean": 1.3233786826908442,
  "summary_bg_median": 0.0,
  "summary_bg_n": 3303894.0,
  "summary_bg_p05": 0.0,
  "summary_bg_p95": 8.952434681355953,
  "summary_bg_stdv": 3.669453611693079,
  "summary_csf_k": -0.6785886474795975,
  "summary_csf_mad": 170.9691207537447,
  "summary_csf_mean": 439.1634039942953,
  "summary_csf_median": 439.2125296462327,
  "summary_csf_n": 361010.7477368163,
  "summary_csf_p05": 69.64211930520833,
  "summary_csf_p95": 792.3121985103935,
  "summary_csf_stdv": 214.39014126883345,
  "summary_gm_k": -0.687440281115848,
  "summary_gm_mad": 77.80109791224675,
  "summary_gm_mean": 778.6729241589185,
  "summary_gm_median": 778.9704633299261,
  "summary_gm_n": 516187.2748193757,
  "summary_gm_p05": 611.7424601558596,
  "summary_gm_p95": 953.9557946138084,
  "summary_gm_stdv": 98.6295852964347,
  "summary_wm_k": -0.45348415657763974,
  "summary_wm_mad": 45.39202772602719,
  "summary_wm_mean": 964.4561704508001,
  "summary_wm_median": 975.4025252703577,
  "summary_wm_n": 479234.9779231267,
  "summary_wm_p05": 858.7166654672474,
  "summary_wm_p95": 1036.8310030475259,
  "summary_wm_stdv": 54.51180620544093,
  "tpm_overlap_csf": 0.1911262977445587,
  "tpm_overlap_gm": 0.5379533371854952,
  "tpm_overlap_wm": 0.570885214860934,
  "wm2max": 0.8331601024536917
}