{
  "bids_meta": {
    "InstitutionName": "HH",
    "dataset": "<unset>",
    "modality": "T1w",
    "subject_id": "0254"
  },
  "cjv": 0.8424929591785915,
  "cnr": 1.0870663468661734,
  "efc": 0.5719288598984181,
  "fber": -1.0,
  "fwhm_avg": 4.863220417411153,
  "fwhm_x": 4.262973560139526,
  "fwhm_y": 5.483744,
  "fwhm_z": 4.842943692093932,
  "icvs_csf": 0.26723476757072295,
  "icvs_gm": 0.3557189038167344,
  "icvs_wm": 0.3770463286125426,
  "inu_med": 0.43995293974876404,
  "inu_range": 0.20687790811061857,
  "provenance": {
    "md5sum": "d4e676d199c39604a97c952d332a4e20",
    "settings": {
      "testing": false
    },
    "software": "mriqc",
    "version": "23.1.0",
    "warnings": {
      "large_rot_frame": true,
      "small_air_mask": false
    }
  },
  "qi_1": 0.0,
  "qi_2": 0.0007388076763139406,
  "rpve_csf": 7.930861098336676,
  "rpve_gm": 7.787800287908648,
  "rpve_wm": 7.851104021070081,
  "size_x": 150,
  "size_y": 256,
  "size_z": 256,
  "snr_csf": 2.547049929972478,
  "snr_gm": 6.423477640212204,
  "snr_total": 7.54585474774769,
  "snr_wm": 13.667036673058385,
  "snrd_csf": 38.94313838517275,
  "snrd_gm": 72.99867640621451,
  "snrd_total": 66.37512389662436,
  "snrd_wm": 87.18355689848582,
  "spacing_x": 1.2000004053115845,
  "spacing_y": 0.9375,
  "spacing_z": 0.9375000596046448,
  "summary_bg_k": 40.63474117985481,
  "summary_bg_mad": 0.0,
  "summary_bg_mean": 2.626428396455987,
  "summary_bg_median": 0.0,
  "summary_bg_n": 2577756.0,
  "summary_bg_p05": 0.0,
  "summary_bg_p95": 15.819698467850685,
  "summary_bg_stdv": 7.2038234966787416,
  "summary_csf_k": 0.13938324934008728,
  "summary_csf_mad": 134.70169422831708,
  "summary_csf_mean": 442.88325965762505,
  "summary_csf_median": 428.2153996229172,
  "summary_csf_n": 328438.745050417,
  "summary_csf_p05": 159.36179124377668,
  "summary_csf_p95": 746.2075919415802,
  "summary_csf_stdv": 168.12185057230903,
  "summary_gm_k": 0.35310102189792625,
  "summary_gm_mad": 67.63197766263744,
  "summary_gm_mean": 795.754920662782,
  "summary_gm_median": 802.68716609478,
  "summary_gm_n": 437188.13769005187,
  "summary_gm_p05": 576.0374793130904,
  "summary_gm_p95": 1000.7584592401981,
  "summary_gm_stdv": 124.96132049376796,
  "summary_wm_k": -0.518917496188342,
  "summary_wm_mad": 63.776472997784,
  "summary_wm_mean": 948.0409426989739,
  "summary_wm_median": 958.662891741842,
  "summary_wm_n": 463400.118633881,
  "summary_wm_p05": 822.4347006548196,
  "summary_wm_p95": 1048.2988202180713,
  "summary_wm_stdv": 70.14409050733543,
  "tpm_overlap_csf": 0.1978737212799117,
  "tpm_overlap_gm": 0.5090694991517912,
  "tpm_overlap_wm": 0.5586600301543563,
  "wm2max": 0.6674462025913283
}