{
  "bids_meta": {
    "InstitutionName": "HH",
    "dataset": "<unset>",
    "modality": "T1w",
    "subject_id": "0140"
  },
  "cjv": 0.7781135304523071,
  "cnr": 1.3186196006047044,
  "efc": 0.6455611277911735,
  "fber": -1.0,
  "fwhm_avg": 5.603612216048307,
  "fwhm_x": 4.926665981478257,
  "fwhm_y": 6.450090666666667,
  "fwhm_z": 5.43408,
  "icvs_csf": 0.26385579106116736,
  "icvs_gm": 0.3670954138899385,
  "icvs_wm": 0.36904879504889404,
  "inu_med": 0.4184522330760956,
  "inu_range": 0.19595031738281254,
  "provenance": {
    "md5sum": "754f75d4c2950e03b668997c9d85fa42",
    "settings": {
      "testing": false
    },
    "software": "mriqc",
    "version": "23.1.0",
    "warnings": {
      "large_rot_frame": true,
      "small_air_mask": false
    }
  },
  "qi_1": 0.0,
  "qi_2": 0.001112462299737437,
  "rpve_csf": 6.830362873020717,
  "rpve_gm": 6.715364898353406,
  "rpve_wm": 6.7846245714875515,
  "size_x": 150,
  "size_y": 256,
  "size_z": 256,
  "snr_csf": 2.2475531557629287,
  "snr_gm": 6.907941291335617,
  "snr_total": 8.223858783170984,
  "snr_wm": 15.516081902414403,
  "snrd_csf": 33.45233916101505,
  "snrd_gm": 58.826966826988084,
  "snrd_total": 54.63614942876669,
  "snrd_wm": 71.62914229829697,
  "spacing_x": 1.2000001668930054,
  "spacing_y": 0.9375,
  "spacing_z": 0.9375,
  "summary_bg_k": 16.79085654444181,
  "summary_bg_mad": 0.0,
  "summary_bg_mean": 3.341316394098769,
  "summary_bg_median": 0.0,
  "summary_bg_n": 2644388.0,
  "summary_bg_p05": 0.0,
  "summary_bg_p95": 22.590740080922842,
  "summary_bg_stdv": 8.822587901573176,
  "summary_csf_k": -0.5040560272685601,
  "summary_csf_mad": 161.1721208199608,
  "summary_csf_mean": 455.7037149270884,
  "summary_csf_median": 450.49580936320126,
  "summary_csf_n": 375458.87539243535,
  "summary_csf_p05": 116.16724517196417,
  "summary_csf_p95": 793.3138873428106,
  "summary_csf_stdv": 200.43806673970025,
  "summary_gm_k": -0.47561782118832685,
  "summary_gm_mad": 79.679400564203,
  "summary_gm_mean": 792.511577020154,
  "summary_gm_median": 792.2107301838696,
  "summary_gm_n": 522365.7616401724,
  "summary_gm_p05": 601.3645416870713,
  "summary_gm_p95": 988.5247411206365,
  "summary_gm_stdv": 114.68105163052527,
  "summary_wm_k": -0.36513396837755785,
  "summary_wm_mad": 54.47070132278402,
  "summary_wm_mean": 957.188436298663,
  "summary_wm_median": 964.615008784458,
  "summary_wm_n": 525145.36443079,
  "summary_wm_p05": 843.4355930425227,
  "summary_wm_p95": 1047.9513376392424,
  "summary_wm_stdv": 62.16866451363976,
  "tpm_overlap_csf": 0.1891144518166856,
  "tpm_overlap_gm": 0.5316374837291148,
  "tpm_overlap_wm": 0.5469121099165012,
  "wm2max": 0.7746961730321065
}