{
  "bids_meta": {
    "InstitutionName": "HH",
    "dataset": "<unset>",
    "modality": "T1w",
    "subject_id": "0395"
  },
  "cjv": 0.59745261509821,
  "cnr": 1.8262293429159782,
  "efc": 0.6521558078953107,
  "fber": -1.0,
  "fwhm_avg": 5.258414379072491,
  "fwhm_x": 4.488811137217472,
  "fwhm_y": 6.108639999999999,
  "fwhm_z": 5.177792,
  "icvs_csf": 0.25831709836925937,
  "icvs_gm": 0.38894809432980765,
  "icvs_wm": 0.35273480730093304,
  "inu_med": 0.3845684826374054,
  "inu_range": 0.2111827194690704,
  "provenance": {
    "md5sum": "a6526bd65d9c97662b5d829e1ba33dd7",
    "settings": {
      "testing": false
    },
    "software": "mriqc",
    "version": "23.1.0",
    "warnings": {
      "large_rot_frame": true,
      "small_air_mask": false
    }
  },
  "qi_1": 0.0,
  "qi_2": 0.0012876979307335236,
  "rpve_csf": 6.351096354617638,
  "rpve_gm": 6.279151248631745,
  "rpve_wm": 6.351193879967723,
  "size_x": 150,
  "size_y": 256,
  "size_z": 256,
  "snr_csf": 2.2610437557876804,
  "snr_gm": 8.797182091440654,
  "snr_total": 9.632743957783731,
  "snr_wm": 17.840006026122857,
  "snrd_csf": 83.64579330579237,
  "snrd_gm": 131.14864109153598,
  "snrd_total": 125.96770895971794,
  "snrd_wm": 163.1086924818255,
  "spacing_x": 1.2000014781951904,
  "spacing_y": 0.9375,
  "spacing_z": 0.9375,
  "summary_bg_k": 1924.140996970143,
  "summary_bg_mad": 0.0,
  "summary_bg_mean": 0.7344048329770273,
  "summary_bg_median": 0.0,
  "summary_bg_n": 2496541.0,
  "summary_bg_p05": 0.0,
  "summary_bg_p95": 4.891330515965819,
  "summary_bg_stdv": 3.9172670795048967,
  "summary_csf_k": -0.3781271050464494,
  "summary_csf_mad": 158.68437724803823,
  "summary_csf_mean": 491.914845104256,
  "summary_csf_median": 500.1445690635592,
  "summary_csf_n": 394516.08028551517,
  "summary_csf_p05": 87.34518778510392,
  "summary_csf_p95": 830.4659978486598,
  "summary_csf_stdv": 221.20046722314194,
  "summary_gm_k": -0.5084340955595916,
  "summary_gm_mad": 69.51818958232381,
  "summary_gm_mean": 785.8868970909633,
  "summary_gm_median": 784.1790721286088,
  "summary_gm_n": 594022.9221302571,
  "summary_gm_p05": 638.5716321878135,
  "summary_gm_p95": 947.1832639537752,
  "summary_gm_stdv": 89.13972723531391,
  "summary_wm_k": -0.0796700271395494,
  "summary_wm_mad": 44.65454109861499,
  "summary_wm_mean": 965.6957582171952,
  "summary_wm_median": 975.2782953903079,
  "summary_wm_n": 538715.9984187523,
  "summary_wm_p05": 858.7778863031417,
  "summary_wm_p95": 1038.2391162682325,
  "summary_wm_stdv": 54.667996679710015,
  "tpm_overlap_csf": 0.1985665094800184,
  "tpm_overlap_gm": 0.5293956715739521,
  "tpm_overlap_wm": 0.5596526613020817,
  "wm2max": 0.8283398821218074
}