{
  "bids_meta": {
    "InstitutionName": "HH",
    "dataset": "<unset>",
    "modality": "T1w",
    "subject_id": "0618"
  },
  "cjv": 0.7932524367989642,
  "cnr": 1.2143474857779182,
  "efc": 0.5978714340070345,
  "fber": -1.0,
  "fwhm_avg": 4.894239060197789,
  "fwhm_x": 4.2469411805933674,
  "fwhm_y": 5.56928,
  "fwhm_z": 4.866496,
  "icvs_csf": 0.2650967752542862,
  "icvs_gm": 0.3625620116353005,
  "icvs_wm": 0.3723412131104133,
  "inu_med": 0.4116765856742859,
  "inu_range": 0.18158050328493114,
  "provenance": {
    "md5sum": "eb79cd8c33dc2e5001fbcabea8b32f10",
    "settings": {
      "testing": false
    },
    "software": "mriqc",
    "version": "23.1.0",
    "warnings": {
      "large_rot_frame": true,
      "small_air_mask": false
    }
  },
  "qi_1": 0.0,
  "qi_2": 0.0023406452111594247,
  "rpve_csf": 7.951243001330439,
  "rpve_gm": 7.818392340466968,
  "rpve_wm": 7.879148952003871,
  "size_x": 150,
  "size_y": 256,
  "size_z": 256,
  "snr_csf": 2.3632621075399145,
  "snr_gm": 7.060995628169829,
  "snr_total": 8.068196492815202,
  "snr_wm": 14.780331742735859,
  "snrd_csf": 52.24711196052682,
  "snrd_gm": 96.3691751494082,
  "snrd_total": 88.03308614992778,
  "snrd_wm": 115.48297133984833,
  "spacing_x": 1.1999977827072144,
  "spacing_y": 0.9375,
  "spacing_z": 0.9375,
  "summary_bg_k": 29.524706269809357,
  "summary_bg_mad": 0.0,
  "summary_bg_mean": 1.8136725367536766,
  "summary_bg_median": 0.0,
  "summary_bg_n": 3197869.0,
  "summary_bg_p05": 0.0,
  "summary_bg_p95": 12.308364272117615,
  "summary_bg_stdv": 5.426144573678619,
  "summary_csf_k": -0.11767806735354425,
  "summary_csf_mad": 148.7227269887591,
  "summary_csf_mean": 445.7521399729667,
  "summary_csf_median": 432.7348977327347,
  "summary_csf_n": 325035.1564252643,
  "summary_csf_p05": 120.8016185760498,
  "summary_csf_p95": 767.0028812885284,
  "summary_csf_stdv": 183.1088607047053,
  "summary_gm_k": -0.2801178374368334,
  "summary_gm_mad": 69.1783836574044,
  "summary_gm_mean": 798.1118016971622,
  "summary_gm_median": 798.17436003685,
  "summary_gm_n": 444537.28285717056,
  "summary_gm_p05": 605.610365152359,
  "summary_gm_p95": 990.2770947217941,
  "summary_gm_stdv": 113.03978989781668,
  "summary_wm_k": -0.4713584076466151,
  "summary_wm_mad": 56.40089864263928,
  "summary_wm_mean": 946.9468589870031,
  "summary_wm_median": 956.4837158918381,
  "summary_wm_n": 456527.5617963561,
  "summary_wm_p05": 827.2823063135147,
  "summary_wm_p95": 1038.5637545585632,
  "summary_wm_stdv": 64.7132070494499,
  "tpm_overlap_csf": 0.19916142880147508,
  "tpm_overlap_gm": 0.5178522456190149,
  "tpm_overlap_wm": 0.5521145114954542,
  "wm2max": 0.6600514596885004
}