{
  "bids_meta": {
    "InstitutionName": "HH",
    "dataset": "<unset>",
    "modality": "T1w",
    "subject_id": "0478"
  },
  "cjv": 0.6478007971516083,
  "cnr": 1.5527905607199637,
  "efc": 0.594146147207376,
  "fber": -1.0,
  "fwhm_avg": 5.229462542185898,
  "fwhm_x": 4.548184959891027,
  "fwhm_y": 6.076416,
  "fwhm_z": 5.063786666666667,
  "icvs_csf": 0.2466132727988669,
  "icvs_gm": 0.3926964753831215,
  "icvs_wm": 0.3606902518180115,
  "inu_med": 0.3984479010105133,
  "inu_range": 0.20950797945261002,
  "provenance": {
    "md5sum": "a0ff4e200d30a17dc76c64649d01ea38",
    "settings": {
      "testing": false
    },
    "software": "mriqc",
    "version": "23.1.0",
    "warnings": {
      "large_rot_frame": true,
      "small_air_mask": false
    }
  },
  "qi_1": 0.0,
  "qi_2": 0.001444155484755495,
  "rpve_csf": 7.013152206909093,
  "rpve_gm": 6.900788143963839,
  "rpve_wm": 6.968399374349399,
  "size_x": 150,
  "size_y": 256,
  "size_z": 256,
  "snr_csf": 2.304035223079817,
  "snr_gm": 8.698669337657044,
  "snr_total": 8.364240111165111,
  "snr_wm": 14.090015772758472,
  "snrd_csf": 64.18917175967901,
  "snrd_gm": 99.34570629240014,
  "snrd_total": 95.04386532787197,
  "snrd_wm": 121.59671793153676,
  "spacing_x": 1.1999995708465576,
  "spacing_y": 0.9375,
  "spacing_z": 0.9375,
  "summary_bg_k": 76.02126186571363,
  "summary_bg_mad": 0.0,
  "summary_bg_mean": 1.4749922548245615,
  "summary_bg_median": 0.0,
  "summary_bg_n": 2732742.0,
  "summary_bg_p05": 0.0,
  "summary_bg_p95": 10.345175862312317,
  "summary_bg_stdv": 5.177337237427298,
  "summary_csf_k": -0.3959584859803833,
  "summary_csf_mad": 161.7574723875388,
  "summary_csf_mean": 504.6446122353891,
  "summary_csf_median": 507.2668671607971,
  "summary_csf_n": 341504.1416260805,
  "summary_csf_p05": 104.61243689060211,
  "summary_csf_p95": 840.2301371097565,
  "summary_csf_stdv": 220.16422291806094,
  "summary_gm_k": -0.4584416238947506,
  "summary_gm_mad": 62.95971924797128,
  "summary_gm_mean": 791.3013420444496,
  "summary_gm_median": 785.0979194045067,
  "summary_gm_n": 543796.654670228,
  "summary_gm_p05": 648.0369552969933,
  "summary_gm_p95": 962.5303015112877,
  "summary_gm_stdv": 90.25486164168348,
  "summary_wm_k": -0.42305951487900817,
  "summary_wm_mad": 50.95135924880385,
  "summary_wm_mean": 944.4692692421289,
  "summary_wm_median": 960.9406769275665,
  "summary_wm_n": 499475.2044042083,
  "summary_wm_p05": 810.2038949728012,
  "summary_wm_p95": 1030.9093907475471,
  "summary_wm_stdv": 68.20004537075303,
  "tpm_overlap_csf": 0.2024144317211328,
  "tpm_overlap_gm": 0.5356105683634967,
  "tpm_overlap_wm": 0.5404302437512829,
  "wm2max": 0.7514097095476167
}