{
  "bids_meta": {
    "InstitutionName": "HH",
    "dataset": "<unset>",
    "modality": "T1w",
    "subject_id": "1093"
  },
  "cjv": 0.6272214183613518,
  "cnr": 1.5653317050593933,
  "efc": 0.6081989226030228,
  "fber": -1.0,
  "fwhm_avg": 5.261657625624776,
  "fwhm_x": 4.523778210207661,
  "fwhm_y": 6.030463999999999,
  "fwhm_z": 5.230730666666667,
  "icvs_csf": 0.2586788194693399,
  "icvs_gm": 0.38111828921009017,
  "icvs_wm": 0.3602028913205698,
  "inu_med": 0.3679927587509155,
  "inu_range": 0.1849146872758865,
  "provenance": {
    "md5sum": "f1edfaf05fe5234bcd82278708e3f7f0",
    "settings": {
      "testing": false
    },
    "software": "mriqc",
    "version": "23.1.0",
    "warnings": {
      "large_rot_frame": true,
      "small_air_mask": false
    }
  },
  "qi_1": 0.0,
  "qi_2": 0.0006136364249105933,
  "rpve_csf": 6.16253678794791,
  "rpve_gm": 6.066367146586396,
  "rpve_wm": 6.1324795772946885,
  "size_x": 150,
  "size_y": 256,
  "size_z": 256,
  "snr_csf": 2.067942832006789,
  "snr_gm": 8.066077536231811,
  "snr_total": 9.135249645138826,
  "snr_wm": 17.271728567177874,
  "snrd_csf": 108.80613283740422,
  "snrd_gm": 184.70643004295343,
  "snrd_total": 173.17196908589662,
  "snrd_wm": 226.00334437733216,
  "spacing_x": 1.2000013589859009,
  "spacing_y": 0.9375,
  "spacing_z": 0.9375,
  "summary_bg_k": 45.92419701893154,
  "summary_bg_mad": 0.0,
  "summary_bg_mean": 0.796389663176438,
  "summary_bg_median": 0.0,
  "summary_bg_n": 2567876.0,
  "summary_bg_p05": 0.0,
  "summary_bg_p95": 5.692303581163287,
  "summary_bg_stdv": 2.8187731115616352,
  "summary_csf_k": -0.7083591838420191,
  "summary_csf_mad": 173.14302592171435,
  "summary_csf_mean": 463.9114916250551,
  "summary_csf_median": 468.14648310653865,
  "summary_csf_n": 407450.6995022227,
  "summary_csf_p05": 70.82889159210026,
  "summary_csf_p95": 822.4468945898116,
  "summary_csf_stdv": 226.3824228494359,
  "summary_gm_k": -0.4165282047134613,
  "summary_gm_mad": 66.8602603993266,
  "summary_gm_mean": 796.9988703286592,
  "summary_gm_median": 794.7131597902626,
  "summary_gm_n": 600307.8019696434,
  "summary_gm_p05": 630.7540228497237,
  "summary_gm_p95": 977.3867194633931,
  "summary_gm_stdv": 98.52527381479277,
  "summary_wm_k": -0.4121587489140115,
  "summary_wm_mad": 44.586352323931344,
  "summary_wm_mean": 960.6785391403356,
  "summary_wm_median": 972.396206734702,
  "summary_wm_n": 567363.4986133246,
  "summary_wm_p05": 848.3871638774872,
  "summary_wm_p95": 1033.2700651232153,
  "summary_wm_stdv": 56.29982812718218,
  "tpm_overlap_csf": 0.18550512297615074,
  "tpm_overlap_gm": 0.5286040560069227,
  "tpm_overlap_wm": 0.5441669146244769,
  "wm2max": 0.71244390951534
}