{
  "bids_meta": {
    "InstitutionName": "HH",
    "dataset": "<unset>",
    "modality": "T1w",
    "subject_id": "0243"
  },
  "cjv": 0.6912554647462827,
  "cnr": 1.4664446116108385,
  "efc": 0.637751668057174,
  "fber": -1.0,
  "fwhm_avg": 5.32424610631923,
  "fwhm_x": 4.5363543189576925,
  "fwhm_y": 6.283338666666666,
  "fwhm_z": 5.153045333333334,
  "icvs_csf": 0.265384121744735,
  "icvs_gm": 0.37799606694801935,
  "icvs_wm": 0.3566198113072457,
  "inu_med": 0.37681859731674194,
  "inu_range": 0.15267403721809386,
  "provenance": {
    "md5sum": "64f490f854b46c28876e1189bb1e4bb3",
    "settings": {
      "testing": false
    },
    "software": "mriqc",
    "version": "23.1.0",
    "warnings": {
      "large_rot_frame": true,
      "small_air_mask": false
    }
  },
  "qi_1": 0.0,
  "qi_2": 0.0008228208721938032,
  "rpve_csf": 7.717760039100247,
  "rpve_gm": 7.598158336462996,
  "rpve_wm": 7.653726770580981,
  "size_x": 150,
  "size_y": 256,
  "size_z": 256,
  "snr_csf": 1.9088555223537147,
  "snr_gm": 7.978707959060979,
  "snr_total": 8.030397106826921,
  "snr_wm": 14.20362783906607,
  "snrd_csf": 108.13708689072661,
  "snrd_gm": 207.37608513594137,
  "snrd_total": 189.71408053182745,
  "snrd_wm": 253.62906956881434,
  "spacing_x": 1.2000032663345337,
  "spacing_y": 0.9375,
  "spacing_z": 0.9375,
  "summary_bg_k": 91.39746419987752,
  "summary_bg_mad": 0.0,
  "summary_bg_mean": 0.5508434758076631,
  "summary_bg_median": 0.0,
  "summary_bg_n": 2991844.0,
  "summary_bg_p05": 0.0,
  "summary_bg_p95": 4.19819151610136,
  "summary_bg_stdv": 2.4778850331264777,
  "summary_csf_k": -0.7574127085662461,
  "summary_csf_mad": 182.41834685685592,
  "summary_csf_mean": 418.09062757563254,
  "summary_csf_median": 409.00073501095176,
  "summary_csf_n": 335253.6571663943,
  "summary_csf_p05": 60.98911191523075,
  "summary_csf_p95": 780.2408133633435,
  "summary_csf_stdv": 214.2645790809743,
  "summary_gm_k": -0.41739680606083196,
  "summary_gm_mad": 66.551575362475,
  "summary_gm_mean": 787.6233690863166,
  "summary_gm_median": 784.346736934036,
  "summary_gm_n": 477513.7374674181,
  "summary_gm_p05": 624.0081147998571,
  "summary_gm_p95": 969.1824985742569,
  "summary_gm_stdv": 98.30487839337593,
  "summary_wm_k": -0.6424069913044201,
  "summary_wm_mad": 54.3766725726286,
  "summary_wm_mean": 942.2780753998159,
  "summary_wm_median": 959.2867614291608,
  "summary_wm_n": 450509.6053702222,
  "summary_wm_p05": 811.542713843286,
  "summary_wm_p95": 1027.0345003455877,
  "summary_wm_stdv": 67.53807602038361,
  "tpm_overlap_csf": 0.17043599139670595,
  "tpm_overlap_gm": 0.5324176732404574,
  "tpm_overlap_wm": 0.5560324376629652,
  "wm2max": 0.827355018402467
}