{
  "bids_meta": {
    "InstitutionName": "HH",
    "dataset": "<unset>",
    "modality": "T1w",
    "subject_id": "0119"
  },
  "cjv": 0.8027657740903448,
  "cnr": 1.213148247694327,
  "efc": 0.6179095342474311,
  "fber": 26913.80139414699,
  "fwhm_avg": 4.827111396120471,
  "fwhm_x": 4.126742188361413,
  "fwhm_y": 5.5464106666666675,
  "fwhm_z": 4.808181333333334,
  "icvs_csf": 0.25981581052949826,
  "icvs_gm": 0.36466490726732703,
  "icvs_wm": 0.3755192822031746,
  "inu_med": 0.3656998574733734,
  "inu_range": 0.15298795700073242,
  "provenance": {
    "md5sum": "6a325605ad3a47fe6f936a9123ca6e7f",
    "settings": {
      "testing": false
    },
    "software": "mriqc",
    "version": "23.1.0",
    "warnings": {
      "large_rot_frame": true,
      "small_air_mask": false
    }
  },
  "qi_1": 0.0,
  "qi_2": 0.002249230397845022,
  "rpve_csf": 5.940266460307042,
  "rpve_gm": 5.81820763486245,
  "rpve_wm": 5.893980438931976,
  "size_x": 150,
  "size_y": 256,
  "size_z": 256,
  "snr_csf": 2.5782473968364106,
  "snr_gm": 7.204425236570457,
  "snr_total": 8.771324407894129,
  "snr_wm": 16.531300590275517,
  "snrd_csf": 28.123749818039936,
  "snrd_gm": 44.78307524982281,
  "snrd_total": 42.074187377661,
  "snrd_wm": 53.31573706512026,
  "spacing_x": 1.1999974250793457,
  "spacing_y": 0.9375,
  "spacing_z": 0.9375,
  "summary_bg_k": 388.23659251356366,
  "summary_bg_mad": 0.0,
  "summary_bg_mean": 4.1047648314535,
  "summary_bg_median": 0.0,
  "summary_bg_n": 2585546.0,
  "summary_bg_p05": 0.0,
  "summary_bg_p95": 24.57056713476777,
  "summary_bg_stdv": 11.98940721181054,
  "summary_csf_k": -0.04924569538489765,
  "summary_csf_mad": 152.69379725007946,
  "summary_csf_mean": 518.4474966229205,
  "summary_csf_median": 514.6822690535337,
  "summary_csf_n": 423611.7521120063,
  "summary_csf_p05": 180.01250831969082,
  "summary_csf_p95": 842.8293043803424,
  "summary_csf_stdv": 199.6246218232583,
  "summary_gm_k": 0.4743558048433014,
  "summary_gm_mad": 73.9837803342647,
  "summary_gm_mean": 821.3905272298986,
  "summary_gm_median": 819.5583780221641,
  "summary_gm_n": 594560.9698903839,
  "summary_gm_p05": 632.6307999100536,
  "summary_gm_p95": 1012.1749497223645,
  "summary_gm_stdv": 113.75753955341823,
  "summary_wm_k": -0.22802513285810955,
  "summary_wm_mad": 51.37055607484816,
  "summary_wm_mean": 970.723893734332,
  "summary_wm_median": 975.7114434055984,
  "summary_wm_n": 612258.2792853909,
  "summary_wm_p05": 863.8442505225539,
  "summary_wm_p95": 1059.2562759686261,
  "summary_wm_stdv": 59.02201349878272,
  "tpm_overlap_csf": 0.21429880631039303,
  "tpm_overlap_gm": 0.5131257249750999,
  "tpm_overlap_wm": 0.5407467890912387,
  "wm2max": 0.6929641239986067
}