{
  "bids_meta": {
    "InstitutionName": "HH",
    "dataset": "<unset>",
    "modality": "T1w",
    "subject_id": "0995"
  },
  "cjv": 0.7810364527042666,
  "cnr": 1.1091864927888124,
  "efc": 0.606575998176621,
  "fber": -1.0,
  "fwhm_avg": 4.932062949261829,
  "fwhm_x": 4.384220847785486,
  "fwhm_y": 5.527594666666667,
  "fwhm_z": 4.8843733333333335,
  "icvs_csf": 0.2642005438579359,
  "icvs_gm": 0.34691485816541767,
  "icvs_wm": 0.38888459797664643,
  "inu_med": 0.45294010639190674,
  "inu_range": 0.2090233087539673,
  "provenance": {
    "md5sum": "5b4796fca2fa9982d0d2a3e3efa991a7",
    "settings": {
      "testing": false
    },
    "software": "mriqc",
    "version": "23.1.0",
    "warnings": {
      "large_rot_frame": true,
      "small_air_mask": false
    }
  },
  "qi_1": 0.0,
  "qi_2": 0.00045246169811849935,
  "rpve_csf": 7.205751204015503,
  "rpve_gm": 7.08331151463115,
  "rpve_wm": 7.180789235999766,
  "size_x": 150,
  "size_y": 256,
  "size_z": 256,
  "snr_csf": 2.591738243485324,
  "snr_gm": 4.036931814899955,
  "snr_total": 6.359474174854746,
  "snr_wm": 12.449752466178962,
  "snrd_csf": 63.93696119326281,
  "snrd_gm": 124.24848990968866,
  "snrd_total": 116.49358660496371,
  "snrd_wm": 161.29530871193967,
  "spacing_x": 1.1999988555908203,
  "spacing_y": 0.9375,
  "spacing_z": 0.9375,
  "summary_bg_k": 25.165092811067414,
  "summary_bg_mad": 0.0,
  "summary_bg_mean": 1.3687514128438893,
  "summary_bg_median": 0.0,
  "summary_bg_n": 2409264.0,
  "summary_bg_p05": 0.0,
  "summary_bg_p95": 9.169334448873997,
  "summary_bg_stdv": 3.9021691425378613,
  "summary_csf_k": 1.383962626676297,
  "summary_csf_mad": 89.61092197679383,
  "summary_csf_mean": 401.91271631392914,
  "summary_csf_median": 380.8257899209857,
  "summary_csf_n": 355514.32904212136,
  "summary_csf_p05": 137.89268344268203,
  "summary_csf_p95": 669.1172608919442,
  "summary_csf_stdv": 146.93816216953783,
  "summary_gm_k": 1.3681717089575889,
  "summary_gm_mad": 98.17785482286972,
  "summary_gm_mean": 713.278011201878,
  "summary_gm_median": 740.0575259327888,
  "summary_gm_n": 466816.6129958425,
  "summary_gm_p05": 362.54137744009495,
  "summary_gm_p95": 1000.9495063908398,
  "summary_gm_stdv": 183.32158361872675,
  "summary_wm_k": -0.8836283666665974,
  "summary_wm_mad": 74.16631064865702,
  "summary_wm_mean": 943.6664142757595,
  "summary_wm_median": 960.7183732911944,
  "summary_wm_n": 523292.0602874443,
  "summary_wm_p05": 801.7742001079023,
  "summary_wm_p95": 1045.5482810474932,
  "summary_wm_stdv": 77.16759493367059,
  "tpm_overlap_csf": 0.2048793579530547,
  "tpm_overlap_gm": 0.4755601394411739,
  "tpm_overlap_wm": 0.5252329975566554,
  "wm2max": 0.6370020160428504
}