{
  "bids_meta": {
    "InstitutionName": "HH",
    "dataset": "<unset>",
    "modality": "T1w",
    "subject_id": "1075"
  },
  "cjv": 0.6685163097868443,
  "cnr": 1.4381249493017771,
  "efc": 0.6591312613243243,
  "fber": -1.0,
  "fwhm_avg": 4.932815883812872,
  "fwhm_x": 4.218255651438617,
  "fwhm_y": 5.790869333333333,
  "fwhm_z": 4.789322666666666,
  "icvs_csf": 0.2587549455081237,
  "icvs_gm": 0.3843054954749494,
  "icvs_wm": 0.35693955901692687,
  "inu_med": 0.4051469415426254,
  "inu_range": 0.23138063848018647,
  "provenance": {
    "md5sum": "45a8053919d8e25061e262f34a88dc0b",
    "settings": {
      "testing": false
    },
    "software": "mriqc",
    "version": "23.1.0",
    "warnings": {
      "large_rot_frame": true,
      "small_air_mask": false
    }
  },
  "qi_1": 0.0,
  "qi_2": 0.0029946679230862597,
  "rpve_csf": 5.953025997379644,
  "rpve_gm": 5.834224553612265,
  "rpve_wm": 5.906237961321073,
  "size_x": 150,
  "size_y": 256,
  "size_z": 256,
  "snr_csf": 2.4996805047850805,
  "snr_gm": 8.33333133428434,
  "snr_total": 8.054256562992814,
  "snr_wm": 13.329757849909024,
  "snrd_csf": 20.99998718258755,
  "snrd_gm": 32.314171937507616,
  "snrd_total": 30.900858974231785,
  "snrd_wm": 39.3884178026002,
  "spacing_x": 1.2000007629394531,
  "spacing_y": 0.9375,
  "spacing_z": 0.9375,
  "summary_bg_k": 1511.3349455101977,
  "summary_bg_mad": 0.0,
  "summary_bg_mean": 1.4079748476229255,
  "summary_bg_median": 0.0,
  "summary_bg_n": 2578600.0,
  "summary_bg_p05": 0.0,
  "summary_bg_p95": 7.396961227059364,
  "summary_bg_stdv": 15.886118465455217,
  "summary_csf_k": 0.007120989382555454,
  "summary_csf_mad": 142.33107216036254,
  "summary_csf_mean": 506.12119360130487,
  "summary_csf_median": 509.2195826023817,
  "summary_csf_n": 421111.25376293994,
  "summary_csf_p05": 129.10092040896416,
  "summary_csf_p95": 820.37089407444,
  "summary_csf_stdv": 203.71362540659152,
  "summary_gm_k": -0.3694292955316989,
  "summary_gm_mad": 60.71161864046506,
  "summary_gm_mean": 785.6562386949224,
  "summary_gm_median": 783.5723423585296,
  "summary_gm_n": 625438.7474977281,
  "summary_gm_p05": 629.1408209130168,
  "summary_gm_p95": 960.0351008400321,
  "summary_gm_stdv": 94.028628468958,
  "summary_wm_k": -0.4245561337438777,
  "summary_wm_mad": 53.965883235968946,
  "summary_wm_mean": 937.7114185244494,
  "summary_wm_median": 955.1126626133919,
  "summary_wm_n": 580901.9994575905,
  "summary_wm_p05": 799.6966535225511,
  "summary_wm_p95": 1029.4015681743622,
  "summary_wm_stdv": 71.65260249082992,
  "tpm_overlap_csf": 0.2042156122376568,
  "tpm_overlap_gm": 0.5373042520313195,
  "tpm_overlap_wm": 0.5572515892726589,
  "wm2max": 0.6792618367610228
}