{
  "bids_meta": {
    "InstitutionName": "HH",
    "dataset": "<unset>",
    "modality": "T1w",
    "subject_id": "0285"
  },
  "cjv": 0.6374666883092829,
  "cnr": 1.5538860816760112,
  "efc": 0.5516248861184645,
  "fber": -1.0,
  "fwhm_avg": 4.872650780747076,
  "fwhm_x": 4.272149675574563,
  "fwhm_y": 5.485546666666666,
  "fwhm_z": 4.860256000000001,
  "icvs_csf": 0.2687685402176994,
  "icvs_gm": 0.3754333819806976,
  "icvs_wm": 0.3557980778016031,
  "inu_med": 0.37408798933029175,
  "inu_range": 0.14453035295009609,
  "provenance": {
    "md5sum": "83c0e3fdf4a44bd807b8e1caf0d88a90",
    "settings": {
      "testing": false
    },
    "software": "mriqc",
    "version": "23.1.0",
    "warnings": {
      "large_rot_frame": true,
      "small_air_mask": false
    }
  },
  "qi_1": 0.0,
  "qi_2": 0.001040022688082528,
  "rpve_csf": 7.525572027835819,
  "rpve_gm": 7.415960056017366,
  "rpve_wm": 7.476864443507011,
  "size_x": 150,
  "size_y": 256,
  "size_z": 256,
  "snr_csf": 2.127946979665471,
  "snr_gm": 7.404274267829554,
  "snr_total": 8.02136029764398,
  "snr_wm": 14.531859645436915,
  "snrd_csf": 78.39287046401864,
  "snrd_gm": 145.7712676922685,
  "snrd_total": 135.40328379115846,
  "snrd_wm": 182.04571321718825,
  "spacing_x": 1.2000024318695068,
  "spacing_y": 0.9375,
  "spacing_z": 0.9375,
  "summary_bg_k": 54.51390527871799,
  "summary_bg_mad": 0.0,
  "summary_bg_mean": 1.2195483627850565,
  "summary_bg_median": 0.0,
  "summary_bg_n": 3131660.0,
  "summary_bg_p05": 0.0,
  "summary_bg_p95": 7.944411596283317,
  "summary_bg_stdv": 3.4786851837774275,
  "summary_csf_k": -0.4429307323736169,
  "summary_csf_mad": 158.0520644792556,
  "summary_csf_mean": 427.274377549235,
  "summary_csf_median": 416.25548053346574,
  "summary_csf_n": 347987.2613321799,
  "summary_csf_p05": 87.9770024921745,
  "summary_csf_p95": 762.4371767304838,
  "summary_csf_stdv": 195.6133712073794,
  "summary_gm_k": -0.4261000323317021,
  "summary_gm_mad": 70.87175375375537,
  "summary_gm_mean": 779.1907879502012,
  "summary_gm_median": 774.0256061814725,
  "summary_gm_n": 486091.2452860717,
  "summary_gm_p05": 606.6950223315507,
  "summary_gm_p95": 973.9033805597574,
  "summary_gm_stdv": 104.5375660070998,
  "summary_wm_k": -0.5249627795784164,
  "summary_wm_mad": 51.91221735656229,
  "summary_wm_mean": 949.4350740599782,
  "summary_wm_median": 966.6379785016179,
  "summary_wm_n": 460668.49409215257,
  "summary_wm_p05": 817.4822166226804,
  "summary_wm_p95": 1031.392854789272,
  "summary_wm_stdv": 66.5184603290485,
  "tpm_overlap_csf": 0.19212303835052696,
  "tpm_overlap_gm": 0.5349794446798167,
  "tpm_overlap_wm": 0.5566757611579756,
  "wm2max": 0.8449500445147888
}