{
  "bids_meta": {
    "InstitutionName": "HH",
    "dataset": "<unset>",
    "modality": "T1w",
    "subject_id": "1154"
  },
  "cjv": 0.6277685069348043,
  "cnr": 1.6704291160492946,
  "efc": 0.591174627317836,
  "fber": -1.0,
  "fwhm_avg": 5.132799195000189,
  "fwhm_x": 4.354162918333901,
  "fwhm_y": 5.800490666666667,
  "fwhm_z": 5.243744,
  "icvs_csf": 0.2567462775936648,
  "icvs_gm": 0.3850244633179515,
  "icvs_wm": 0.35822925908838366,
  "inu_med": 0.3421545475721359,
  "inu_range": 0.1505245074629784,
  "provenance": {
    "md5sum": "676feddded43da477ee267f2f3c421d9",
    "settings": {
      "testing": false
    },
    "software": "mriqc",
    "version": "23.1.0",
    "warnings": {
      "large_rot_frame": true,
      "small_air_mask": false
    }
  },
  "qi_1": 0.0,
  "qi_2": 0.002146210495922487,
  "rpve_csf": 6.675584367465538,
  "rpve_gm": 6.588488573948234,
  "rpve_wm": 6.654050985521755,
  "size_x": 150,
  "size_y": 256,
  "size_z": 256,
  "snr_csf": 2.2132512869407583,
  "snr_gm": 8.842391316714206,
  "snr_total": 9.717505960716787,
  "snr_wm": 18.096875278495396,
  "snrd_csf": 96.27038405752731,
  "snrd_gm": 155.92045556247285,
  "snrd_total": 147.47351596187085,
  "snrd_wm": 190.22970826561235,
  "spacing_x": 1.1999987363815308,
  "spacing_y": 0.9375,
  "spacing_z": 0.9375,
  "summary_bg_k": 20.556468915911577,
  "summary_bg_mad": 0.0,
  "summary_bg_mean": 1.1879995645308918,
  "summary_bg_median": 0.0,
  "summary_bg_n": 2979319.0,
  "summary_bg_p05": 0.0,
  "summary_bg_p95": 8.2899793908,
  "summary_bg_stdv": 3.3493141059538023,
  "summary_csf_k": -0.5731655296024134,
  "summary_csf_mad": 171.74599662560124,
  "summary_csf_mean": 486.0396038816432,
  "summary_csf_median": 492.17194359749556,
  "summary_csf_n": 373668.5326100183,
  "summary_csf_p05": 89.53663957864046,
  "summary_csf_p95": 832.0610986202955,
  "summary_csf_stdv": 222.37478768612777,
  "summary_gm_k": -0.5580411103895959,
  "summary_gm_mad": 66.82415062830319,
  "summary_gm_mean": 799.9828068751741,
  "summary_gm_median": 797.1264933869243,
  "summary_gm_n": 560364.6042131704,
  "summary_gm_p05": 652.2584957629442,
  "summary_gm_p95": 966.3052810132504,
  "summary_gm_stdv": 90.14821371034012,
  "summary_wm_k": -0.417573054327661,
  "summary_wm_mad": 43.28792066051356,
  "summary_wm_mean": 962.4567666080957,
  "summary_wm_median": 972.5288432538509,
  "summary_wm_n": 521366.8639565637,
  "summary_wm_p05": 857.2227662727237,
  "summary_wm_p95": 1034.6672224998474,
  "summary_wm_stdv": 53.74010129454688,
  "tpm_overlap_csf": 0.1959661781424551,
  "tpm_overlap_gm": 0.5314737510986709,
  "tpm_overlap_wm": 0.5526405602052262,
  "wm2max": 0.7484125815368947
}