{
  "bids_meta": {
    "InstitutionName": "HH",
    "dataset": "<unset>",
    "modality": "T1w",
    "subject_id": "0278"
  },
  "cjv": 0.5986145799530137,
  "cnr": 1.8031461135464009,
  "efc": 0.6276959071827711,
  "fber": -1.0,
  "fwhm_avg": 5.275808260265878,
  "fwhm_x": 4.507552780797632,
  "fwhm_y": 6.131189333333333,
  "fwhm_z": 5.188682666666667,
  "icvs_csf": 0.25844623284785606,
  "icvs_gm": 0.38839011905107423,
  "icvs_wm": 0.3531636481010698,
  "inu_med": 0.3848568946123123,
  "inu_range": 0.21046044826507565,
  "provenance": {
    "md5sum": "9ae4629f0181d4e497b5c1d5dde89820",
    "settings": {
      "testing": false
    },
    "software": "mriqc",
    "version": "23.1.0",
    "warnings": {
      "large_rot_frame": true,
      "small_air_mask": false
    }
  },
  "qi_1": 0.0,
  "qi_2": 0.0020090862780067905,
  "rpve_csf": 6.317944388789115,
  "rpve_gm": 6.243097215681106,
  "rpve_wm": 6.313974892191439,
  "size_x": 150,
  "size_y": 256,
  "size_z": 256,
  "snr_csf": 2.2277618541200646,
  "snr_gm": 8.691909846326757,
  "snr_total": 9.474218680828926,
  "snr_wm": 17.502984342039955,
  "snrd_csf": 74.20536205998975,
  "snrd_gm": 118.1288670222758,
  "snrd_total": 113.0975459790003,
  "snrd_wm": 146.95840885473532,
  "spacing_x": 1.2000014781951904,
  "spacing_y": 0.9375,
  "spacing_z": 0.9375,
  "summary_bg_k": 1404.1735394963896,
  "summary_bg_mad": 0.0,
  "summary_bg_mean": 1.0345643678428136,
  "summary_bg_median": 0.0,
  "summary_bg_n": 2495404.0,
  "summary_bg_p05": 0.0,
  "summary_bg_p95": 7.474665105342865,
  "summary_bg_stdv": 4.34444222467968,
  "summary_csf_k": -0.4587127298475955,
  "summary_csf_mad": 161.1500966104559,
  "summary_csf_mean": 484.92676021144433,
  "summary_csf_median": 492.08211943507195,
  "summary_csf_n": 396863.3157731639,
  "summary_csf_p05": 85.93469145148993,
  "summary_csf_p95": 825.3994771614671,
  "summary_csf_stdv": 220.8860424467666,
  "summary_gm_k": -0.4209777347742132,
  "summary_gm_mad": 69.36877643381537,
  "summary_gm_mean": 785.1020356644385,
  "summary_gm_median": 783.3544859439135,
  "summary_gm_n": 596401.7689934066,
  "summary_gm_p05": 635.9933799728751,
  "summary_gm_p95": 949.1147675588727,
  "summary_gm_stdv": 90.12447702052678,
  "summary_wm_k": -0.23103248606523286,
  "summary_wm_mad": 45.07372109293994,
  "summary_wm_mean": 964.2858246536675,
  "summary_wm_median": 974.533420369029,
  "summary_wm_n": 542308.9160616492,
  "summary_wm_p05": 854.9627359434962,
  "summary_wm_p95": 1037.4212277457118,
  "summary_wm_stdv": 55.67807768209837,
  "tpm_overlap_csf": 0.1974348481718054,
  "tpm_overlap_gm": 0.5326960011675782,
  "tpm_overlap_wm": 0.560142353993355,
  "wm2max": 0.8295537972102129
}