{
  "bids_meta": {
    "InstitutionName": "HH",
    "dataset": "<unset>",
    "modality": "T1w",
    "subject_id": "0067"
  },
  "cjv": 0.6085883423608085,
  "cnr": 1.6985597232517393,
  "efc": 0.5805328025589412,
  "fber": -1.0,
  "fwhm_avg": 4.929308181938077,
  "fwhm_x": 4.322409879147566,
  "fwhm_y": 5.585194666666666,
  "fwhm_z": 4.88032,
  "icvs_csf": 0.2522852944712852,
  "icvs_gm": 0.39129902385469567,
  "icvs_wm": 0.356415681674019,
  "inu_med": 0.3450166881084442,
  "inu_range": 0.151421582698822,
  "provenance": {
    "md5sum": "00c48b6cef652cf204802e97d43e85da",
    "settings": {
      "testing": false
    },
    "software": "mriqc",
    "version": "23.1.0",
    "warnings": {
      "large_rot_frame": true,
      "small_air_mask": false
    }
  },
  "qi_1": 0.0,
  "qi_2": 0.0007341095632491588,
  "rpve_csf": 7.601503865955124,
  "rpve_gm": 7.509460282065309,
  "rpve_wm": 7.579355089639292,
  "size_x": 150,
  "size_y": 256,
  "size_z": 256,
  "snr_csf": 2.338411228089014,
  "snr_gm": 8.900984112595053,
  "snr_total": 8.813132339684758,
  "snr_wm": 15.20000167837021,
  "snrd_csf": 95.61935117535695,
  "snrd_gm": 148.38128749265317,
  "snrd_total": 142.45010031962147,
  "snrd_wm": 183.3496622908543,
  "spacing_x": 1.1999995708465576,
  "spacing_y": 0.9375,
  "spacing_z": 0.9375,
  "summary_bg_k": 70.35520583561637,
  "summary_bg_mad": 0.0,
  "summary_bg_mean": 0.8757053282357629,
  "summary_bg_median": 0.0,
  "summary_bg_n": 3236789.0,
  "summary_bg_p05": 0.0,
  "summary_bg_p95": 6.557455442845821,
  "summary_bg_stdv": 3.4462076896247016,
  "summary_csf_k": -0.33264552321121865,
  "summary_csf_mad": 157.89538702025942,
  "summary_csf_mean": 500.9781937154241,
  "summary_csf_median": 502.98555124923587,
  "summary_csf_n": 322632.27391565917,
  "summary_csf_p05": 106.35522623360157,
  "summary_csf_p95": 828.0582420527935,
  "summary_csf_stdv": 215.09679978608088,
  "summary_gm_k": -0.5162064406001954,
  "summary_gm_mad": 63.90327910640162,
  "summary_gm_mean": 785.178971491219,
  "summary_gm_median": 780.5286562517285,
  "summary_gm_n": 500408.45270744595,
  "summary_gm_p05": 644.2340987809002,
  "summary_gm_p95": 949.969475723803,
  "summary_gm_stdv": 87.69006510811758,
  "summary_wm_k": -0.38475541317612416,
  "summary_wm_mad": 48.04277618549017,
  "summary_wm_mean": 951.7261493975299,
  "summary_wm_median": 964.4724611192942,
  "summary_wm_n": 455798.2742461298,
  "summary_wm_p05": 826.2393857985735,
  "summary_wm_p95": 1035.431787353009,
  "summary_wm_stdv": 63.45205898809436,
  "tpm_overlap_csf": 0.2009776175222788,
  "tpm_overlap_gm": 0.5407444217213216,
  "tpm_overlap_wm": 0.5554581438429667,
  "wm2max": 0.760937293480108
}