{
  "bids_meta": {
    "InstitutionName": "HH",
    "dataset": "<unset>",
    "modality": "T1w",
    "subject_id": "0161"
  },
  "cjv": 0.6685681290212346,
  "cnr": 1.5624683968140676,
  "efc": 0.6460280738346352,
  "fber": -1.0,
  "fwhm_avg": 4.967246126318703,
  "fwhm_x": 4.234687712289443,
  "fwhm_y": 5.708704,
  "fwhm_z": 4.958346666666667,
  "icvs_csf": 0.2510175698952174,
  "icvs_gm": 0.38796002996885204,
  "icvs_wm": 0.3610224001359305,
  "inu_med": 0.36874231696128845,
  "inu_range": 0.1647530496120453,
  "provenance": {
    "md5sum": "ce650da42a184a6c79d5128a2c10a354",
    "settings": {
      "testing": false
    },
    "software": "mriqc",
    "version": "23.1.0",
    "warnings": {
      "large_rot_frame": true,
      "small_air_mask": false
    }
  },
  "qi_1": 0.0,
  "qi_2": 0.0019296210937398601,
  "rpve_csf": 8.166595130903122,
  "rpve_gm": 8.061548486762826,
  "rpve_wm": 8.127774438182234,
  "size_x": 150,
  "size_y": 256,
  "size_z": 256,
  "snr_csf": 2.333331581356914,
  "snr_gm": 8.942313427870353,
  "snr_total": 8.874266384836526,
  "snr_wm": 15.347154145282312,
  "snrd_csf": 123.50577314542728,
  "snrd_gm": 193.4458889291615,
  "snrd_total": 183.93764516732665,
  "snrd_wm": 234.86127342739113,
  "spacing_x": 1.2000011205673218,
  "spacing_y": 0.9375,
  "spacing_z": 0.9375,
  "summary_bg_k": 97.11168045890687,
  "summary_bg_mad": 0.0,
  "summary_bg_mean": 0.51349568067435,
  "summary_bg_median": 0.0,
  "summary_bg_n": 3273477.0,
  "summary_bg_p05": 0.0,
  "summary_bg_p95": 3.9998127445578575,
  "summary_bg_stdv": 2.6699928983410057,
  "summary_csf_k": -0.5146679564721937,
  "summary_csf_mad": 162.95723238355015,
  "summary_csf_mean": 498.54660802635004,
  "summary_csf_median": 503.3448564335704,
  "summary_csf_n": 299161.98689900525,
  "summary_csf_p05": 117.58513840287924,
  "summary_csf_p95": 829.2477276027203,
  "summary_csf_stdv": 215.7190256183437,
  "summary_gm_k": -0.505990404261969,
  "summary_gm_mad": 62.38775506661134,
  "summary_gm_mean": 793.2416760570951,
  "summary_gm_median": 788.3841435983777,
  "summary_gm_n": 462369.60006953974,
  "summary_gm_p05": 650.6128157302737,
  "summary_gm_p95": 956.2593252807856,
  "summary_gm_stdv": 88.16323621505167,
  "summary_wm_k": -0.4419005186520688,
  "summary_wm_mad": 50.45813430901585,
  "summary_wm_mean": 945.4099772439225,
  "summary_wm_median": 957.1715632751584,
  "summary_wm_n": 430265.41363139247,
  "summary_wm_p05": 824.686537630856,
  "summary_wm_p95": 1027.717968173325,
  "summary_wm_stdv": 62.36794404421319,
  "tpm_overlap_csf": 0.2048498479984133,
  "tpm_overlap_gm": 0.5395599735623099,
  "tpm_overlap_wm": 0.5571253876721273,
  "wm2max": 0.8083320164348925
}