{
  "bids_meta": {
    "InstitutionName": "HH",
    "dataset": "<unset>",
    "modality": "T1w",
    "subject_id": "0662"
  },
  "cjv": 0.7686935169467097,
  "cnr": 1.1415074985493163,
  "efc": 0.5063716652725336,
  "fber": -1.0,
  "fwhm_avg": 4.904748095904274,
  "fwhm_x": 4.245934954379491,
  "fwhm_y": 5.478314666666666,
  "fwhm_z": 4.989994666666666,
  "icvs_csf": 0.2773733066148525,
  "icvs_gm": 0.35084920848328,
  "icvs_wm": 0.3717774849018675,
  "inu_med": 0.40018153190612793,
  "inu_range": 0.15870374441146845,
  "provenance": {
    "md5sum": "5b6b9bb5fca10bcb747a0e7eb839e805",
    "settings": {
      "testing": false
    },
    "software": "mriqc",
    "version": "23.1.0",
    "warnings": {
      "large_rot_frame": true,
      "small_air_mask": false
    }
  },
  "qi_1": 0.0,
  "qi_2": 0.0013723543680292118,
  "rpve_csf": 7.660158766772288,
  "rpve_gm": 7.527098831579957,
  "rpve_wm": 7.590810581912292,
  "size_x": 150,
  "size_y": 256,
  "size_z": 256,
  "snr_csf": 2.3776624376675715,
  "snr_gm": 5.288324083743772,
  "snr_total": 6.7815418893342185,
  "snr_wm": 12.678639146591314,
  "snrd_csf": 77.85147396815633,
  "snrd_gm": 165.54505440464877,
  "snrd_total": 149.73351132485152,
  "snrd_wm": 205.80400560174942,
  "spacing_x": 1.1999971866607666,
  "spacing_y": 0.9375,
  "spacing_z": 0.9375,
  "summary_bg_k": 37.461371038744396,
  "summary_bg_mad": 0.0,
  "summary_bg_mean": 1.0840654691446514,
  "summary_bg_median": 0.0,
  "summary_bg_n": 3467849.0,
  "summary_bg_p05": 0.0,
  "summary_bg_p95": 6.113788336515427,
  "summary_bg_stdv": 3.051418519785997,
  "summary_csf_k": 0.3106393920785715,
  "summary_csf_mad": 109.44717423340572,
  "summary_csf_mean": 382.49340816053405,
  "summary_csf_median": 362.6075874567032,
  "summary_csf_n": 352956.7010922787,
  "summary_csf_p05": 109.56867724657059,
  "summary_csf_p95": 658.5389185845852,
  "summary_csf_stdv": 152.50569973278476,
  "summary_gm_k": -0.13553540901214145,
  "summary_gm_mad": 76.28244102139938,
  "summary_gm_mean": 758.1445757458985,
  "summary_gm_median": 771.0565996170044,
  "summary_gm_n": 446454.56593646377,
  "summary_gm_p05": 492.41170531511307,
  "summary_gm_p95": 996.5954501330853,
  "summary_gm_stdv": 145.80341973624962,
  "summary_wm_k": -0.7556571540635195,
  "summary_wm_mad": 67.8579589514685,
  "summary_wm_mean": 941.2448482839966,
  "summary_wm_median": 958.5700842440128,
  "summary_wm_n": 473085.7349353931,
  "summary_wm_p05": 800.306881070137,
  "summary_wm_p95": 1039.2960659265518,
  "summary_wm_stdv": 75.60504404742908,
  "tpm_overlap_csf": 0.17798850298518018,
  "tpm_overlap_gm": 0.4943834192949442,
  "tpm_overlap_wm": 0.550779592397329,
  "wm2max": 0.7696379753364163
}