{
  "bids_meta": {
    "InstitutionName": "HH",
    "dataset": "<unset>",
    "modality": "T1w",
    "subject_id": "0728"
  },
  "cjv": 0.6840611288951701,
  "cnr": 1.4371877790799716,
  "efc": 0.6651894262442895,
  "fber": -1.0,
  "fwhm_avg": 5.099689751222016,
  "fwhm_x": 4.382834586999379,
  "fwhm_y": 5.917344,
  "fwhm_z": 4.998890666666667,
  "icvs_csf": 0.26443072866348377,
  "icvs_gm": 0.3717903271216296,
  "icvs_wm": 0.3637789442148867,
  "inu_med": 0.36912499368190765,
  "inu_range": 0.19370975792407985,
  "provenance": {
    "md5sum": "31b57f52def4dd911dd5dee7f33120f7",
    "settings": {
      "testing": false
    },
    "software": "mriqc",
    "version": "23.1.0",
    "warnings": {
      "large_rot_frame": true,
      "small_air_mask": false
    }
  },
  "qi_1": 0.0,
  "qi_2": 0.0022823342893263576,
  "rpve_csf": 5.942029858867808,
  "rpve_gm": 5.832264103776773,
  "rpve_wm": 5.893246071473835,
  "size_x": 150,
  "size_y": 256,
  "size_z": 256,
  "snr_csf": 2.2375596367920925,
  "snr_gm": 7.9754845791818445,
  "snr_total": 8.969286137314791,
  "snr_wm": 16.694814195970434,
  "snrd_csf": 47.06879138611489,
  "snrd_gm": 83.70959560626198,
  "snrd_total": 77.31029428441973,
  "snrd_wm": 101.15249586088228,
  "spacing_x": 1.20000422000885,
  "spacing_y": 0.9375,
  "spacing_z": 0.9375,
  "summary_bg_k": 3863.7333022771413,
  "summary_bg_mad": 0.0,
  "summary_bg_mean": 0.7172222277600624,
  "summary_bg_median": 0.0,
  "summary_bg_n": 2666872.0,
  "summary_bg_p05": 0.0,
  "summary_bg_p95": 4.604029292240739,
  "summary_bg_stdv": 6.25631206126618,
  "summary_csf_k": -0.1814211275086195,
  "summary_csf_mad": 162.30578057183908,
  "summary_csf_mean": 459.6367984481756,
  "summary_csf_median": 449.4896746054292,
  "summary_csf_n": 432454.77362675255,
  "summary_csf_p05": 90.61898924410343,
  "summary_csf_p95": 797.7150647249073,
  "summary_csf_stdv": 200.88365356552384,
  "summary_gm_k": -0.3729645347703934,
  "summary_gm_mad": 66.56198344323529,
  "summary_gm_mean": 801.1484823794474,
  "summary_gm_median": 799.3959008157253,
  "summary_gm_n": 608032.5935062316,
  "summary_gm_p05": 632.0187300909311,
  "summary_gm_p95": 980.1223204936832,
  "summary_gm_stdv": 100.23155778388515,
  "summary_wm_k": -0.40559505168850674,
  "summary_wm_mad": 47.38433113267754,
  "summary_wm_mean": 955.114376489286,
  "summary_wm_median": 965.9691934101284,
  "summary_wm_n": 594930.633689066,
  "summary_wm_p05": 842.5617204234004,
  "summary_wm_p95": 1032.130799535662,
  "summary_wm_stdv": 57.860385281165705,
  "tpm_overlap_csf": 0.20013315027779385,
  "tpm_overlap_gm": 0.5217095908739618,
  "tpm_overlap_wm": 0.5566443244455977,
  "wm2max": 0.8156439245912677
}