{
  "bids_meta": {
    "InstitutionName": "HH",
    "dataset": "<unset>",
    "modality": "T1w",
    "subject_id": "0599"
  },
  "cjv": 0.8235910644776921,
  "cnr": 1.1399737310810707,
  "efc": 0.5688781965772615,
  "fber": -1.0,
  "fwhm_avg": 4.962697826984839,
  "fwhm_x": 4.328360147621183,
  "fwhm_y": 5.627744000000001,
  "fwhm_z": 4.931989333333333,
  "icvs_csf": 0.2721456578278133,
  "icvs_gm": 0.36065467791401973,
  "icvs_wm": 0.3671996642581669,
  "inu_med": 0.43071600794792175,
  "inu_range": 0.2001437246799469,
  "provenance": {
    "md5sum": "6f365b712df021dbb57a74fedf4501ef",
    "settings": {
      "testing": false
    },
    "software": "mriqc",
    "version": "23.1.0",
    "warnings": {
      "large_rot_frame": true,
      "small_air_mask": false
    }
  },
  "qi_1": 0.0,
  "qi_2": 0.0018129989702596282,
  "rpve_csf": 7.457963329656875,
  "rpve_gm": 7.309906987747611,
  "rpve_wm": 7.363824179942879,
  "size_x": 150,
  "size_y": 256,
  "size_z": 256,
  "snr_csf": 2.2769588595143957,
  "snr_gm": 6.728634496791086,
  "snr_total": 7.343653497586669,
  "snr_wm": 13.025367136454525,
  "snrd_csf": 53.039254928252326,
  "snrd_gm": 106.46141709895409,
  "snrd_total": 95.73121184502668,
  "snrd_wm": 127.69296350787361,
  "spacing_x": 1.1999971866607666,
  "spacing_y": 0.9375,
  "spacing_z": 0.9375,
  "summary_bg_k": 15.264826996318842,
  "summary_bg_mad": 0.0,
  "summary_bg_mean": 2.4403325631241564,
  "summary_bg_median": 0.0,
  "summary_bg_n": 2775850.0,
  "summary_bg_p05": 0.0,
  "summary_bg_p95": 11.887255096808076,
  "summary_bg_stdv": 4.864475073645268,
  "summary_csf_k": -0.27993826160246016,
  "summary_csf_mad": 150.76756630901173,
  "summary_csf_mean": 408.5711747902705,
  "summary_csf_median": 393.8235358670354,
  "summary_csf_n": 355985.0267082341,
  "summary_csf_p05": 108.48039393499494,
  "summary_csf_p95": 718.8725608028471,
  "summary_csf_stdv": 172.96007834082175,
  "summary_gm_k": -0.25163575161717544,
  "summary_gm_mad": 66.17202657235728,
  "summary_gm_mean": 788.1627582904686,
  "summary_gm_median": 790.4902090355754,
  "summary_gm_n": 471760.8437129753,
  "summary_gm_p05": 585.2696174364537,
  "summary_gm_p95": 987.6470750123262,
  "summary_gm_stdv": 117.48139560915612,
  "summary_wm_k": -0.6552889725459474,
  "summary_wm_mad": 63.66468454408015,
  "summary_wm_mean": 934.5333032255938,
  "summary_wm_median": 948.1372704431415,
  "summary_wm_n": 480322.1309189626,
  "summary_wm_p05": 801.5196209810674,
  "summary_wm_p95": 1034.142173813656,
  "summary_wm_stdv": 72.79152084768698,
  "tpm_overlap_csf": 0.17413089367059825,
  "tpm_overlap_gm": 0.5161995221765868,
  "tpm_overlap_wm": 0.54542916194589,
  "wm2max": 0.7093426240029339
}