{
  "bids_meta": {
    "InstitutionName": "HH",
    "dataset": "<unset>",
    "modality": "T1w",
    "subject_id": "0047"
  },
  "cjv": 0.7654775713416117,
  "cnr": 1.1908593257643307,
  "efc": 0.5899217836361252,
  "fber": -1.0,
  "fwhm_avg": 4.94384538400879,
  "fwhm_x": 4.399045485359702,
  "fwhm_y": 5.516842666666666,
  "fwhm_z": 4.915648,
  "icvs_csf": 0.2719164144086531,
  "icvs_gm": 0.3644138585294904,
  "icvs_wm": 0.36366972706185646,
  "inu_med": 0.434077650308609,
  "inu_range": 0.21884493231773372,
  "provenance": {
    "md5sum": "932ee2c9f19233bff236d482e66aeacd",
    "settings": {
      "testing": false
    },
    "software": "mriqc",
    "version": "23.1.0",
    "warnings": {
      "large_rot_frame": true,
      "small_air_mask": false
    }
  },
  "qi_1": 0.0,
  "qi_2": 0.0015248773715403842,
  "rpve_csf": 8.056078154320433,
  "rpve_gm": 7.907147829228474,
  "rpve_wm": 7.969946363169315,
  "size_x": 150,
  "size_y": 256,
  "size_z": 256,
  "snr_csf": 2.3649337103266386,
  "snr_gm": 6.682601611156636,
  "snr_total": 7.112776102894337,
  "snr_wm": 12.290792987199737,
  "snrd_csf": 65.98460570257376,
  "snrd_gm": 122.96526580186804,
  "snrd_total": 112.72663492689645,
  "snrd_wm": 149.23003327624755,
  "spacing_x": 1.2000035047531128,
  "spacing_y": 0.9375,
  "spacing_z": 0.9375,
  "summary_bg_k": 237.013668415162,
  "summary_bg_mad": 0.0,
  "summary_bg_mean": 1.231274536624016,
  "summary_bg_median": 0.0,
  "summary_bg_n": 2683023.0,
  "summary_bg_p05": 0.0,
  "summary_bg_p95": 9.040001928806305,
  "summary_bg_stdv": 4.206009109935032,
  "summary_csf_k": 0.056383593331429616,
  "summary_csf_mad": 141.84552651648164,
  "summary_csf_mean": 439.1884374818736,
  "summary_csf_median": 423.624534830451,
  "summary_csf_n": 328984.328279059,
  "summary_csf_p05": 130.9795835018158,
  "summary_csf_p95": 762.8254960924387,
  "summary_csf_stdv": 179.12717347772897,
  "summary_gm_k": -0.09999352593028332,
  "summary_gm_mad": 64.1841700037833,
  "summary_gm_mean": 788.437636014901,
  "summary_gm_median": 789.4432795494795,
  "summary_gm_n": 440894.4885678417,
  "summary_gm_p05": 584.1599024161696,
  "summary_gm_p95": 994.5006566345692,
  "summary_gm_stdv": 118.13398885793033,
  "summary_wm_k": -0.7521451659443072,
  "summary_wm_mad": 64.89153614651642,
  "summary_wm_mean": 937.7343967208056,
  "summary_wm_median": 958.064426638186,
  "summary_wm_n": 439994.1839960738,
  "summary_wm_p05": 793.6870582327247,
  "summary_wm_p95": 1037.5662213787436,
  "summary_wm_stdv": 77.94967655149485,
  "tpm_overlap_csf": 0.18230622843980224,
  "tpm_overlap_gm": 0.5204870282985246,
  "tpm_overlap_wm": 0.5410768332474283,
  "wm2max": 0.7128417061031954
}