{
  "bids_meta": {
    "InstitutionName": "HH",
    "dataset": "<unset>",
    "modality": "T1w",
    "subject_id": "0295"
  },
  "cjv": 0.6068590392345774,
  "cnr": 1.6323493205289035,
  "efc": 0.5924243279512632,
  "fber": -1.0,
  "fwhm_avg": 5.223694786417904,
  "fwhm_x": 4.467404359253712,
  "fwhm_y": 6.094453333333333,
  "fwhm_z": 5.109226666666667,
  "icvs_csf": 0.2656073022541247,
  "icvs_gm": 0.3789012137247718,
  "icvs_wm": 0.3554914840211035,
  "inu_med": 0.38796085119247437,
  "inu_range": 0.17859508097171783,
  "provenance": {
    "md5sum": "3ff4f56640da6cc3ed2782c9bb7380ae",
    "settings": {
      "testing": false
    },
    "software": "mriqc",
    "version": "23.1.0",
    "warnings": {
      "large_rot_frame": true,
      "small_air_mask": false
    }
  },
  "qi_1": 0.0,
  "qi_2": 0.0005950790952460818,
  "rpve_csf": 6.491850113094006,
  "rpve_gm": 6.393897049924773,
  "rpve_wm": 6.460568173965371,
  "size_x": 150,
  "size_y": 256,
  "size_z": 256,
  "snr_csf": 2.1717766809461376,
  "snr_gm": 7.564017033651464,
  "snr_total": 8.285141912859846,
  "snr_wm": 15.119632023981936,
  "snrd_csf": 73.59007316794731,
  "snrd_gm": 132.4759232494759,
  "snrd_total": 124.104994961842,
  "snrd_wm": 166.2489884681028,
  "spacing_x": 1.1999965906143188,
  "spacing_y": 0.9375,
  "spacing_z": 0.9375,
  "summary_bg_k": 41.47646304074694,
  "summary_bg_mad": 0.0,
  "summary_bg_mean": 1.2553295948351477,
  "summary_bg_median": 0.0,
  "summary_bg_n": 2778045.0,
  "summary_bg_p05": 0.0,
  "summary_bg_p95": 8.948227766901255,
  "summary_bg_stdv": 3.823339714234495,
  "summary_csf_k": -0.3737579226353427,
  "summary_csf_mad": 160.77931263096966,
  "summary_csf_mean": 442.73363017756014,
  "summary_csf_median": 429.4675876908004,
  "summary_csf_n": 397674.15893731103,
  "summary_csf_p05": 98.21745239384472,
  "summary_csf_p95": 776.673028582707,
  "summary_csf_stdv": 197.7491753568064,
  "summary_gm_k": -0.5108636276674932,
  "summary_gm_mad": 70.79062946445444,
  "summary_gm_mean": 775.5046815311979,
  "summary_gm_median": 773.1221445482224,
  "summary_gm_n": 567300.7489235362,
  "summary_gm_p05": 606.2779400479048,
  "summary_gm_p95": 967.3081561140716,
  "summary_gm_stdv": 102.21043391418385,
  "summary_wm_k": -0.5259293818276505,
  "summary_wm_mad": 48.81991352754394,
  "summary_wm_mean": 953.5219867496984,
  "summary_wm_median": 970.219881022349,
  "summary_wm_n": 532251.0929394958,
  "summary_wm_p05": 823.9471313618124,
  "summary_wm_p95": 1031.673847379163,
  "summary_wm_stdv": 64.16948296442654,
  "tpm_overlap_csf": 0.1998036845061496,
  "tpm_overlap_gm": 0.5349394687322823,
  "tpm_overlap_wm": 0.5629646474888409,
  "wm2max": 0.82825085352933
}