{
  "bids_meta": {
    "InstitutionName": "HH",
    "dataset": "<unset>",
    "modality": "T1w",
    "subject_id": "0557"
  },
  "cjv": 0.7333151956636607,
  "cnr": 1.3032033476090317,
  "efc": 0.6318353130731486,
  "fber": -1.0,
  "fwhm_avg": 4.777915029208557,
  "fwhm_x": 4.16344108762567,
  "fwhm_y": 5.404010666666666,
  "fwhm_z": 4.7662933333333335,
  "icvs_csf": 0.26673452379215984,
  "icvs_gm": 0.36338873410299327,
  "icvs_wm": 0.3698767421048469,
  "inu_med": 0.3950868397951126,
  "inu_range": 0.18341725915670393,
  "provenance": {
    "md5sum": "168e9fff2bd005b45f2397e9fb37274d",
    "settings": {
      "testing": false
    },
    "software": "mriqc",
    "version": "23.1.0",
    "warnings": {
      "large_rot_frame": true,
      "small_air_mask": false
    }
  },
  "qi_1": 0.0,
  "qi_2": 0.003145300725318301,
  "rpve_csf": 6.678259663558232,
  "rpve_gm": 6.561207435375258,
  "rpve_wm": 6.630788153527168,
  "size_x": 150,
  "size_y": 256,
  "size_z": 256,
  "snr_csf": 2.3399698240289557,
  "snr_gm": 7.00820792851511,
  "snr_total": 8.38628675638499,
  "snr_wm": 15.810682516610905,
  "snrd_csf": 38.728247455730035,
  "snrd_gm": 68.49972558979563,
  "snrd_total": 63.40364569551193,
  "snrd_wm": 82.98296404101013,
  "spacing_x": 1.2000001668930054,
  "spacing_y": 0.9375,
  "spacing_z": 0.9375,
  "summary_bg_k": 2156.4224556666168,
  "summary_bg_mad": 0.0,
  "summary_bg_mean": 1.8938471858173431,
  "summary_bg_median": 0.0,
  "summary_bg_n": 2380206.0,
  "summary_bg_p05": 0.0,
  "summary_bg_p95": 10.985537085682154,
  "summary_bg_stdv": 7.632563438093349,
  "summary_csf_k": 0.13693487634640578,
  "summary_csf_mad": 145.92064906951754,
  "summary_csf_mean": 464.5676718989519,
  "summary_csf_median": 451.1973469220102,
  "summary_csf_n": 388115.8034740349,
  "summary_csf_p05": 109.48655186593533,
  "summary_csf_p95": 797.2285930141807,
  "summary_csf_stdv": 192.82161719435004,
  "summary_gm_k": -0.3915197835035382,
  "summary_gm_mad": 70.42155521208247,
  "summary_gm_mean": 795.3621262486051,
  "summary_gm_median": 798.0452636368573,
  "summary_gm_n": 528753.8654714676,
  "summary_gm_p05": 598.013649508357,
  "summary_gm_p95": 990.5424326658249,
  "summary_gm_stdv": 113.8728355564608,
  "summary_wm_k": -0.6438998055717997,
  "summary_wm_mad": 53.314155776202206,
  "summary_wm_mean": 955.2836457442817,
  "summary_wm_median": 966.779951967299,
  "summary_wm_n": 538194.3323551151,
  "summary_wm_p05": 838.7207294888794,
  "summary_wm_p95": 1037.540509790182,
  "summary_wm_stdv": 61.147205554296754,
  "tpm_overlap_csf": 0.20002402764077049,
  "tpm_overlap_gm": 0.502368130035516,
  "tpm_overlap_wm": 0.554053893186963,
  "wm2max": 0.6954593693147362
}