{
  "bids_meta": {
    "InstitutionName": "HH",
    "dataset": "<unset>",
    "modality": "T1w",
    "subject_id": "0601"
  },
  "cjv": 0.640136655638502,
  "cnr": 1.6592470051080275,
  "efc": 0.6540221818738732,
  "fber": -1.0,
  "fwhm_avg": 5.111225139582168,
  "fwhm_x": 4.240715418746504,
  "fwhm_y": 6.0851093333333335,
  "fwhm_z": 5.007850666666667,
  "icvs_csf": 0.262792931901229,
  "icvs_gm": 0.3810087754158794,
  "icvs_wm": 0.3561982926828916,
  "inu_med": 0.3680642545223236,
  "inu_range": 0.18937099575996402,
  "provenance": {
    "md5sum": "712f26ce919da203a47c07778d4f6ade",
    "settings": {
      "testing": false
    },
    "software": "mriqc",
    "version": "23.1.0",
    "warnings": {
      "large_rot_frame": true,
      "small_air_mask": false
    }
  },
  "qi_1": 0.0,
  "qi_2": 0.0009609083739904862,
  "rpve_csf": 6.582628468776666,
  "rpve_gm": 6.501035419506131,
  "rpve_wm": 6.581249138904236,
  "size_x": 150,
  "size_y": 256,
  "size_z": 256,
  "snr_csf": 2.393051149369336,
  "snr_gm": 7.950953474532804,
  "snr_total": 9.355045967212968,
  "snr_wm": 17.72113327773677,
  "snrd_csf": 82.25601959465216,
  "snrd_gm": 125.02884270087314,
  "snrd_total": 120.72840121413981,
  "snrd_wm": 154.9003413468941,
  "spacing_x": 1.1999956369400024,
  "spacing_y": 0.9375,
  "spacing_z": 0.9375,
  "summary_bg_k": 34.010355984287706,
  "summary_bg_mad": 0.0,
  "summary_bg_mean": 1.122278482158538,
  "summary_bg_median": 0.0,
  "summary_bg_n": 3229483.0,
  "summary_bg_p05": 0.0,
  "summary_bg_p95": 9.069039911031723,
  "summary_bg_stdv": 4.105687663422165,
  "summary_csf_k": -0.15168409545273587,
  "summary_csf_mad": 146.33429700929045,
  "summary_csf_mean": 507.0600321937372,
  "summary_csf_median": 515.4919264018536,
  "summary_csf_n": 386853.53352879663,
  "summary_csf_p05": 107.86624658107758,
  "summary_csf_p95": 835.3139041662216,
  "summary_csf_stdv": 215.41171833074972,
  "summary_gm_k": -0.6514702533068588,
  "summary_gm_mad": 73.61296344800768,
  "summary_gm_mean": 786.1702781253123,
  "summary_gm_median": 783.5458036661148,
  "summary_gm_n": 560877.3036959422,
  "summary_gm_p05": 624.2001262903214,
  "summary_gm_p95": 965.0709367394447,
  "summary_gm_stdv": 98.54731356124013,
  "summary_wm_k": -0.34039759633961664,
  "summary_wm_mad": 46.222093327818776,
  "summary_wm_mean": 962.2901594401795,
  "summary_wm_median": 970.748107612133,
  "summary_wm_n": 524354.1641869276,
  "summary_wm_p05": 857.3490250110626,
  "summary_wm_p95": 1037.599200218916,
  "summary_wm_stdv": 54.77906896454131,
  "tpm_overlap_csf": 0.20416555393739885,
  "tpm_overlap_gm": 0.5215737030449943,
  "tpm_overlap_wm": 0.5440289235383825,
  "wm2max": 0.8487038217467092
}