{
  "bids_meta": {
    "InstitutionName": "HH",
    "dataset": "<unset>",
    "modality": "T1w",
    "subject_id": "1238"
  },
  "cjv": 0.6455813935516793,
  "cnr": 1.6079503076069652,
  "efc": 0.6059502817653379,
  "fber": -1.0,
  "fwhm_avg": 5.18783416933795,
  "fwhm_x": 4.508302508013849,
  "fwhm_y": 5.728810666666666,
  "fwhm_z": 5.326389333333334,
  "icvs_csf": 0.2550624698045866,
  "icvs_gm": 0.38816779174180976,
  "icvs_wm": 0.35676973845360366,
  "inu_med": 0.38094958662986755,
  "inu_range": 0.17133007943630219,
  "provenance": {
    "md5sum": "68adc271366c411fbca592270059bad5",
    "settings": {
      "testing": false
    },
    "software": "mriqc",
    "version": "23.1.0",
    "warnings": {
      "large_rot_frame": true,
      "small_air_mask": false
    }
  },
  "qi_1": 0.0,
  "qi_2": 0.0021647155169328934,
  "rpve_csf": 5.951984292739979,
  "rpve_gm": 5.850634837362005,
  "rpve_wm": 5.9174248399127025,
  "size_x": 150,
  "size_y": 256,
  "size_z": 256,
  "snr_csf": 2.1028211964801806,
  "snr_gm": 8.283864424806204,
  "snr_total": 8.375119408691905,
  "snr_wm": 14.73867260478933,
  "snrd_csf": 87.5453485529925,
  "snrd_gm": 143.46067963568245,
  "snrd_total": 136.13134711384737,
  "snrd_wm": 177.38801315286716,
  "spacing_x": 1.1999993324279785,
  "spacing_y": 0.9375,
  "spacing_z": 0.9375,
  "summary_bg_k": 45.05813761628603,
  "summary_bg_mad": 0.0,
  "summary_bg_mean": 1.0164707009206198,
  "summary_bg_median": 0.0,
  "summary_bg_n": 2887379.0,
  "summary_bg_p05": 0.0,
  "summary_bg_p95": 6.788000177592039,
  "summary_bg_stdv": 3.5597305287532337,
  "summary_csf_k": -0.5103841366540216,
  "summary_csf_mad": 176.21963661503364,
  "summary_csf_mean": 473.02958988714676,
  "summary_csf_median": 475.68391848541796,
  "summary_csf_n": 415557.9784657087,
  "summary_csf_p05": 85.96614990010858,
  "summary_csf_p95": 823.7853235658258,
  "summary_csf_stdv": 226.21197985719147,
  "summary_gm_k": -0.5264912771117034,
  "summary_gm_mad": 68.69121135971223,
  "summary_gm_mean": 784.8552550974816,
  "summary_gm_median": 779.5038727428764,
  "summary_gm_n": 632418.4932628769,
  "summary_gm_p05": 634.0857749786228,
  "summary_gm_p95": 960.2742398884147,
  "summary_gm_stdv": 94.09898768024036,
  "summary_wm_k": -0.11683044076201687,
  "summary_wm_mad": 50.319520612571885,
  "summary_wm_mean": 950.2693098658777,
  "summary_wm_median": 963.8504681698978,
  "summary_wm_n": 581263.5289037459,
  "summary_wm_p05": 823.3297530841082,
  "summary_wm_p95": 1035.739490184933,
  "summary_wm_stdv": 65.39595965765287,
  "tpm_overlap_csf": 0.18536394377528864,
  "tpm_overlap_gm": 0.5339916977779228,
  "tpm_overlap_wm": 0.5515031237982277,
  "wm2max": 0.8224966778386524
}