{
  "bids_meta": {
    "InstitutionName": "HH",
    "dataset": "<unset>",
    "modality": "T1w",
    "subject_id": "1054"
  },
  "cjv": 0.7282623510033952,
  "cnr": 1.269639282400622,
  "efc": 0.6353800017668925,
  "fber": -1.0,
  "fwhm_avg": 4.944019559237808,
  "fwhm_x": 4.2591200110467575,
  "fwhm_y": 5.5872106666666665,
  "fwhm_z": 4.985728,
  "icvs_csf": 0.26837415681597837,
  "icvs_gm": 0.35881222524796824,
  "icvs_wm": 0.3728136179360534,
  "inu_med": 0.3632658123970032,
  "inu_range": 0.17318530082702638,
  "provenance": {
    "md5sum": "ca3a57674c29473875504c72bd42de19",
    "settings": {
      "testing": false
    },
    "software": "mriqc",
    "version": "23.1.0",
    "warnings": {
      "large_rot_frame": true,
      "small_air_mask": false
    }
  },
  "qi_1": 0.0,
  "qi_2": 0.0006554144123635231,
  "rpve_csf": 6.070844724254406,
  "rpve_gm": 5.948849588746927,
  "rpve_wm": 6.015607483792005,
  "size_x": 150,
  "size_y": 256,
  "size_z": 256,
  "snr_csf": 2.2502299557016983,
  "snr_gm": 6.752468553971955,
  "snr_total": 8.414304460648173,
  "snr_wm": 16.240214872270865,
  "snrd_csf": 59.982513156899145,
  "snrd_gm": 110.02593813447675,
  "snrd_total": 101.07004307281623,
  "snrd_wm": 133.20167792707278,
  "spacing_x": 1.1999967098236084,
  "spacing_y": 0.9375,
  "spacing_z": 0.9375,
  "summary_bg_k": 459.4788610398695,
  "summary_bg_mad": 0.0,
  "summary_bg_mean": 1.5676194203470672,
  "summary_bg_median": 0.0,
  "summary_bg_n": 2469452.0,
  "summary_bg_p05": 0.0,
  "summary_bg_p95": 10.103696148842573,
  "summary_bg_stdv": 4.778214559967949,
  "summary_csf_k": 0.00229998476235016,
  "summary_csf_mad": 153.3812984512645,
  "summary_csf_mean": 454.2412148330008,
  "summary_csf_median": 437.48037463612854,
  "summary_csf_n": 429294.7903973501,
  "summary_csf_p05": 105.79875130020082,
  "summary_csf_p95": 795.1947270445526,
  "summary_csf_stdv": 194.41562583129593,
  "summary_gm_k": -0.1153914265392868,
  "summary_gm_mad": 71.852687709062,
  "summary_gm_mean": 801.1437231563401,
  "summary_gm_median": 802.4703551325947,
  "summary_gm_n": 573960.7004539355,
  "summary_gm_p05": 594.691952990368,
  "summary_gm_p95": 1000.9427213482559,
  "summary_gm_stdv": 118.84093197241305,
  "summary_wm_k": -0.5849817780920361,
  "summary_wm_mad": 51.24655532367015,
  "summary_wm_mean": 958.8298322113211,
  "summary_wm_median": 971.5018076896667,
  "summary_wm_n": 596357.5102310558,
  "summary_wm_p05": 843.5619423408061,
  "summary_wm_p95": 1037.0308035258204,
  "summary_wm_stdv": 59.820698235859034,
  "tpm_overlap_csf": 0.19124371530902398,
  "tpm_overlap_gm": 0.4993255121983945,
  "tpm_overlap_wm": 0.5337665158347973,
  "wm2max": 0.7517609976118341
}