{
  "bids_meta": {
    "InstitutionName": "HH",
    "dataset": "<unset>",
    "modality": "T1w",
    "subject_id": "0930"
  },
  "cjv": 0.656837600170148,
  "cnr": 1.4793125014030735,
  "efc": 0.5698569630098724,
  "fber": -1.0,
  "fwhm_avg": 5.272072818188803,
  "fwhm_x": 4.546693495902782,
  "fwhm_y": 5.893044958663625,
  "fwhm_z": 5.37648,
  "icvs_csf": 0.27610462666933683,
  "icvs_gm": 0.37165925775814407,
  "icvs_wm": 0.3522361155725192,
  "inu_med": 0.39869658648967743,
  "inu_range": 0.1798614397644997,
  "provenance": {
    "md5sum": "b2c50eb2da772377a58544856e4d7d4d",
    "settings": {
      "testing": false
    },
    "software": "mriqc",
    "version": "23.1.0",
    "warnings": {
      "large_rot_frame": true,
      "small_air_mask": false
    }
  },
  "qi_1": 0.0,
  "qi_2": 0.0016386340138861046,
  "rpve_csf": 6.802751578448206,
  "rpve_gm": 6.684913020407146,
  "rpve_wm": 6.739460419650834,
  "size_x": 150,
  "size_y": 256,
  "size_z": 256,
  "snr_csf": 2.0494492225958973,
  "snr_gm": 7.374693985041968,
  "snr_total": 7.730580044028855,
  "snr_wm": 13.767596924448698,
  "snrd_csf": 78.35967149958907,
  "snrd_gm": 155.2906252860019,
  "snrd_total": 142.11925226570514,
  "snrd_wm": 192.70746001152446,
  "spacing_x": 1.2000017166137695,
  "spacing_y": 0.9375000596046448,
  "spacing_z": 0.9375,
  "summary_bg_k": 22.024001233204004,
  "summary_bg_mad": 0.0,
  "summary_bg_mean": 1.060595434639672,
  "summary_bg_median": 0.0,
  "summary_bg_n": 2673841.0,
  "summary_bg_p05": 0.0,
  "summary_bg_p95": 7.903608165681362,
  "summary_bg_stdv": 3.258635776173797,
  "summary_csf_k": -0.5366235547514502,
  "summary_csf_mad": 164.67542792107227,
  "summary_csf_mean": 403.3118122497468,
  "summary_csf_median": 389.75948971509933,
  "summary_csf_n": 395548.0405460536,
  "summary_csf_p05": 77.10003931075335,
  "summary_csf_p95": 741.413110665977,
  "summary_csf_stdv": 190.1774353493053,
  "summary_gm_k": -0.34227614109747595,
  "summary_gm_mad": 67.84229153971788,
  "summary_gm_mean": 776.0159645889812,
  "summary_gm_median": 772.4125651717186,
  "summary_gm_n": 532439.7962120816,
  "summary_gm_p05": 601.3803066238761,
  "summary_gm_p95": 970.6177474707365,
  "summary_gm_stdv": 104.73815474730654,
  "summary_wm_k": -0.6351664949937321,
  "summary_wm_mad": 54.402156132645835,
  "summary_wm_mean": 939.8137398273116,
  "summary_wm_median": 958.5231770500541,
  "summary_wm_n": 504614.16385869036,
  "summary_wm_p05": 802.0454015508294,
  "summary_wm_p95": 1025.1230337545276,
  "summary_wm_stdv": 69.62160735465254,
  "tpm_overlap_csf": 0.17142357822308005,
  "tpm_overlap_gm": 0.5162290551103307,
  "tpm_overlap_wm": 0.551910432225855,
  "wm2max": 0.7921565377968705
}