{
  "bids_meta": {
    "InstitutionName": "HH",
    "dataset": "<unset>",
    "modality": "T1w",
    "subject_id": "0053"
  },
  "cjv": 0.713469955849538,
  "cnr": 1.3767448487684923,
  "efc": 0.5416037627337743,
  "fber": -1.0,
  "fwhm_avg": 5.070317253050258,
  "fwhm_x": 4.299762425817439,
  "fwhm_y": 5.760874666666667,
  "fwhm_z": 5.1503146666666675,
  "icvs_csf": 0.2637444742677784,
  "icvs_gm": 0.3731368923250639,
  "icvs_wm": 0.3631186334071576,
  "inu_med": 0.38434597849845886,
  "inu_range": 0.176009863615036,
  "provenance": {
    "md5sum": "24a81ebc9f872ad847f09988bd80686f",
    "settings": {
      "testing": false
    },
    "software": "mriqc",
    "version": "23.1.0",
    "warnings": {
      "large_rot_frame": true,
      "small_air_mask": false
    }
  },
  "qi_1": 0.0,
  "qi_2": 0.0008199473231737838,
  "rpve_csf": 7.021435790751608,
  "rpve_gm": 6.899288810645756,
  "rpve_wm": 6.96465669887541,
  "size_x": 150,
  "size_y": 256,
  "size_z": 256,
  "snr_csf": 2.440767754755198,
  "snr_gm": 7.844151715459741,
  "snr_total": 8.325381504159697,
  "snr_wm": 14.69122504226415,
  "snrd_csf": 38.99473693283757,
  "snrd_gm": 66.27267904243398,
  "snrd_total": 61.80509997202932,
  "snrd_wm": 80.1478839408164,
  "spacing_x": 1.1999942064285278,
  "spacing_y": 0.9375,
  "spacing_z": 0.9375,
  "summary_bg_k": 26.45390515105647,
  "summary_bg_mad": 0.0,
  "summary_bg_mean": 2.792817959145612,
  "summary_bg_median": 0.0,
  "summary_bg_n": 3028211.0,
  "summary_bg_p05": 0.0,
  "summary_bg_p95": 17.917186826467514,
  "summary_bg_stdv": 7.793032192682376,
  "summary_csf_k": -0.19933939789942912,
  "summary_csf_mad": 158.45854044964526,
  "summary_csf_mean": 476.6540720900554,
  "summary_csf_median": 463.8533903211355,
  "summary_csf_n": 365362.84677225,
  "summary_csf_p05": 160.00576224923134,
  "summary_csf_p95": 794.6968870162964,
  "summary_csf_stdv": 190.04379037392718,
  "summary_gm_k": -0.4008955149610123,
  "summary_gm_mad": 65.23506654016856,
  "summary_gm_mean": 792.1400478598553,
  "summary_gm_median": 788.3322026878595,
  "summary_gm_n": 516903.1790869687,
  "summary_gm_p05": 626.9093975126743,
  "summary_gm_p95": 973.0281365960836,
  "summary_gm_stdv": 100.49925966892474,
  "summary_wm_k": -0.43814242294240824,
  "summary_wm_mad": 52.52277464342174,
  "summary_wm_mean": 941.2589004818007,
  "summary_wm_median": 953.3816770464182,
  "summary_wm_n": 503024.9751620916,
  "summary_wm_p05": 817.0573440343142,
  "summary_wm_p95": 1029.1094117164612,
  "summary_wm_stdv": 64.89456983027503,
  "tpm_overlap_csf": 0.19364786645732102,
  "tpm_overlap_gm": 0.5229187738599768,
  "tpm_overlap_wm": 0.5553723290532512,
  "wm2max": 0.7146869500566528
}