{
  "bids_meta": {
    "InstitutionName": "HH",
    "dataset": "<unset>",
    "modality": "T1w",
    "subject_id": "0179"
  },
  "cjv": 0.597826490326682,
  "cnr": 1.8166040953983178,
  "efc": 0.6521558078953109,
  "fber": -1.0,
  "fwhm_avg": 5.258414379072491,
  "fwhm_x": 4.488811137217472,
  "fwhm_y": 6.108639999999999,
  "fwhm_z": 5.177792,
  "icvs_csf": 0.258014831577779,
  "icvs_gm": 0.3888423831111294,
  "icvs_wm": 0.35314278531109156,
  "inu_med": 0.3845684826374054,
  "inu_range": 0.2111827194690704,
  "provenance": {
    "md5sum": "a6526bd65d9c97662b5d829e1ba33dd7",
    "settings": {
      "testing": false
    },
    "software": "mriqc",
    "version": "23.1.0",
    "warnings": {
      "large_rot_frame": true,
      "small_air_mask": false
    }
  },
  "qi_1": 0.0,
  "qi_2": 0.00168185049555736,
  "rpve_csf": 6.350840212588497,
  "rpve_gm": 6.277890646204251,
  "rpve_wm": 6.350076082106061,
  "size_x": 150,
  "size_y": 256,
  "size_z": 256,
  "snr_csf": 2.258296390091268,
  "snr_gm": 8.752613858746265,
  "snr_total": 9.578475944878905,
  "snr_wm": 17.72451758579918,
  "snrd_csf": 83.60185702030725,
  "snrd_gm": 131.1250759463886,
  "snrd_total": 125.93740327354521,
  "snrd_wm": 163.08527685393977,
  "spacing_x": 1.2000014781951904,
  "spacing_y": 0.9375,
  "spacing_z": 0.9375,
  "summary_bg_k": 1924.1793790546124,
  "summary_bg_mad": 0.0,
  "summary_bg_mean": 0.7342718596446917,
  "summary_bg_median": 0.0,
  "summary_bg_n": 2496538.0,
  "summary_bg_p05": 0.0,
  "summary_bg_p95": 4.890505842864513,
  "summary_bg_stdv": 3.9165883096609333,
  "summary_csf_k": -0.3771094674601323,
  "summary_csf_mad": 158.47903518193814,
  "summary_csf_mean": 491.7754870219947,
  "summary_csf_median": 499.79524244368076,
  "summary_csf_n": 394054.44182379707,
  "summary_csf_p05": 87.25818799436092,
  "summary_csf_p95": 830.4223468154669,
  "summary_csf_stdv": 221.31488606452825,
  "summary_gm_k": -0.482055086042926,
  "summary_gm_mad": 69.43503366997696,
  "summary_gm_mean": 785.6783483855138,
  "summary_gm_median": 783.9023134037852,
  "summary_gm_n": 593861.4741536716,
  "summary_gm_p05": 637.717143677175,
  "summary_gm_p95": 948.1799456328154,
  "summary_gm_stdv": 89.56200582478839,
  "summary_wm_k": -0.14251930309974048,
  "summary_wm_mad": 44.78988283032464,
  "summary_wm_mean": 965.1986307387773,
  "summary_wm_median": 974.9693175405264,
  "summary_wm_n": 539339.0848847924,
  "summary_wm_p05": 857.452630341053,
  "summary_wm_p95": 1038.0158879384398,
  "summary_wm_stdv": 55.00676726263266,
  "tpm_overlap_csf": 0.19915639815756164,
  "tpm_overlap_gm": 0.5301423806500144,
  "tpm_overlap_wm": 0.5592146625614379,
  "wm2max": 0.8282170923379175
}