{
  "bids_meta": {
    "InstitutionName": "HH",
    "dataset": "<unset>",
    "modality": "T1w",
    "subject_id": "0850"
  },
  "cjv": 0.7032993917387586,
  "cnr": 1.5001368895068679,
  "efc": 0.6436235800783883,
  "fber": -1.0,
  "fwhm_avg": 5.207146618193817,
  "fwhm_x": 4.502005187914786,
  "fwhm_y": 5.996458666666666,
  "fwhm_z": 5.1229759999999995,
  "icvs_csf": 0.2587083479451987,
  "icvs_gm": 0.3748671552149053,
  "icvs_wm": 0.36642449683989586,
  "inu_med": 0.3338043540716171,
  "inu_range": 0.1533835083246231,
  "provenance": {
    "md5sum": "d8afd2cfa7aa1c0b4f18abc159bb861e",
    "settings": {
      "testing": false
    },
    "software": "mriqc",
    "version": "23.1.0",
    "warnings": {
      "large_rot_frame": true,
      "small_air_mask": false
    }
  },
  "qi_1": 0.0,
  "qi_2": 0.0013531245635166906,
  "rpve_csf": 6.146009095130229,
  "rpve_gm": 6.0524950028977385,
  "rpve_wm": 6.117398987018217,
  "size_x": 150,
  "size_y": 256,
  "size_z": 256,
  "snr_csf": 2.171420246948519,
  "snr_gm": 8.374610702533914,
  "snr_total": 10.077036646962695,
  "snr_wm": 19.685078991405653,
  "snrd_csf": 98.07596347227644,
  "snrd_gm": 163.0918145716973,
  "snrd_total": 152.3609049785582,
  "snrd_wm": 195.91493689170088,
  "spacing_x": 1.1999986171722412,
  "spacing_y": 0.9375,
  "spacing_z": 0.9375,
  "summary_bg_k": 50.06981189766304,
  "summary_bg_mad": 0.0,
  "summary_bg_mean": 0.924657864697358,
  "summary_bg_median": 0.0,
  "summary_bg_n": 2658353.0,
  "summary_bg_p05": 0.0,
  "summary_bg_p95": 6.068333797156811,
  "summary_bg_stdv": 3.263682891328309,
  "summary_csf_k": -0.4679598501941542,
  "summary_csf_mad": 175.7726115939389,
  "summary_csf_mean": 485.2927009452848,
  "summary_csf_median": 488.58351334929466,
  "summary_csf_n": 408633.97518190625,
  "summary_csf_p05": 78.48693206906319,
  "summary_csf_p95": 842.4358490854502,
  "summary_csf_stdv": 225.00615263681118,
  "summary_gm_k": -0.5738843843246593,
  "summary_gm_mad": 71.80036374809175,
  "summary_gm_mean": 814.3713914869568,
  "summary_gm_median": 812.4719751998782,
  "summary_gm_n": 592108.669926058,
  "summary_gm_p05": 653.302177041769,
  "summary_gm_p95": 985.1951725780964,
  "summary_gm_stdv": 97.01600683005601,
  "summary_wm_k": -0.31739219951646813,
  "summary_wm_mad": 43.19924371776949,
  "summary_wm_mean": 969.6771515354428,
  "summary_wm_median": 975.9864170104265,
  "summary_wm_n": 578773.3559314214,
  "summary_wm_p05": 876.4610202983022,
  "summary_wm_p95": 1040.2588084340096,
  "summary_wm_stdv": 49.57996735930734,
  "tpm_overlap_csf": 0.1940111997203791,
  "tpm_overlap_gm": 0.5127730333583447,
  "tpm_overlap_wm": 0.5440340230643722,
  "wm2max": 0.8249673595119813
}