{
  "bids_meta": {
    "InstitutionName": "HH",
    "dataset": "<unset>",
    "modality": "T1w",
    "subject_id": "0269"
  },
  "cjv": 0.638946556736444,
  "cnr": 1.5398940512900063,
  "efc": 0.6083099343801888,
  "fber": -1.0,
  "fwhm_avg": 4.9333648342712335,
  "fwhm_x": 4.1920198361470336,
  "fwhm_y": 5.808970666666666,
  "fwhm_z": 4.799104,
  "icvs_csf": 0.26228861103748863,
  "icvs_gm": 0.38048159335713927,
  "icvs_wm": 0.35722979560537205,
  "inu_med": 0.35618892312049866,
  "inu_range": 0.1644098788499832,
  "provenance": {
    "md5sum": "44e4b8a72ca7f243cc4d84959c6c97c0",
    "settings": {
      "testing": false
    },
    "software": "mriqc",
    "version": "23.1.0",
    "warnings": {
      "large_rot_frame": true,
      "small_air_mask": false
    }
  },
  "qi_1": 0.0,
  "qi_2": 0.001151203364175384,
  "rpve_csf": 6.571907659621092,
  "rpve_gm": 6.4691409734305125,
  "rpve_wm": 6.543205134798148,
  "size_x": 150,
  "size_y": 256,
  "size_z": 256,
  "snr_csf": 2.3982949899991675,
  "snr_gm": 7.949655394864811,
  "snr_total": 8.54690941841371,
  "snr_wm": 15.292777870377153,
  "snrd_csf": 62.443628817968225,
  "snrd_gm": 98.99443407623556,
  "snrd_total": 94.40536895323415,
  "snrd_wm": 121.77804396549865,
  "spacing_x": 1.2000014781951904,
  "spacing_y": 0.9375,
  "spacing_z": 0.9375,
  "summary_bg_k": 330.41094810075003,
  "summary_bg_mad": 0.0,
  "summary_bg_mean": 1.3098238394589956,
  "summary_bg_median": 0.0,
  "summary_bg_n": 3100149.0,
  "summary_bg_p05": 0.0,
  "summary_bg_p95": 9.300415152683854,
  "summary_bg_stdv": 5.1867695307122546,
  "summary_csf_k": -0.027502839368237275,
  "summary_csf_mad": 152.17838901825573,
  "summary_csf_mean": 495.7770603066382,
  "summary_csf_median": 494.3714184407145,
  "summary_csf_n": 387191.23470741254,
  "summary_csf_p05": 116.70209247432649,
  "summary_csf_p95": 817.0595888551325,
  "summary_csf_stdv": 206.13426709162985,
  "summary_gm_k": -0.44623173914710845,
  "summary_gm_mad": 66.00724193001771,
  "summary_gm_mean": 787.0395107200483,
  "summary_gm_median": 783.7471927627921,
  "summary_gm_n": 561668.069889387,
  "summary_gm_p05": 624.3839751984924,
  "summary_gm_p95": 969.3448281344026,
  "summary_gm_stdv": 98.5887382706801,
  "summary_wm_k": -0.4359513451853583,
  "summary_wm_mad": 49.245771922829285,
  "summary_wm_mean": 950.9022233996924,
  "summary_wm_median": 964.1269328799099,
  "summary_wm_n": 527343.6962726194,
  "summary_wm_p05": 825.9976501706988,
  "summary_wm_p95": 1032.2736111804843,
  "summary_wm_stdv": 63.04453166823118,
  "tpm_overlap_csf": 0.20186482447988513,
  "tpm_overlap_gm": 0.5266150504439634,
  "tpm_overlap_wm": 0.5495851674864058,
  "wm2max": 0.8125038171047007
}