{
  "bids_meta": {
    "InstitutionName": "HH",
    "dataset": "<unset>",
    "modality": "T1w",
    "subject_id": "0532"
  },
  "cjv": 0.6293502304965102,
  "cnr": 1.5289743562799978,
  "efc": 0.6026831130330653,
  "fber": -1.0,
  "fwhm_avg": 5.031759579794024,
  "fwhm_x": 4.270649406048738,
  "fwhm_y": 5.8952,
  "fwhm_z": 4.929429333333333,
  "icvs_csf": 0.26889265382109667,
  "icvs_gm": 0.3757396182756763,
  "icvs_wm": 0.35536772790322707,
  "inu_med": 0.3716842532157898,
  "inu_range": 0.19960059523582457,
  "provenance": {
    "md5sum": "a058a57c83b729c544e632f1692ec408",
    "settings": {
      "testing": false
    },
    "software": "mriqc",
    "version": "23.1.0",
    "warnings": {
      "large_rot_frame": true,
      "small_air_mask": false
    }
  },
  "qi_1": 0.0,
  "qi_2": 0.0006630710142994075,
  "rpve_csf": 6.051741964891426,
  "rpve_gm": 5.958113805394799,
  "rpve_wm": 6.03098996256219,
  "size_x": 150,
  "size_y": 256,
  "size_z": 256,
  "snr_csf": 2.258169642064369,
  "snr_gm": 7.602219744068869,
  "snr_total": 8.934292349910258,
  "snr_wm": 16.942487663597536,
  "snrd_csf": 11.903124476943223,
  "snrd_gm": 19.573249507273278,
  "snrd_total": 18.55362722321477,
  "snrd_wm": 24.184507685427807,
  "spacing_x": 1.2000001668930054,
  "spacing_y": 0.9375,
  "spacing_z": 0.9375,
  "summary_bg_k": 691.1173044910685,
  "summary_bg_mad": 0.0,
  "summary_bg_mean": 2.8487555133286873,
  "summary_bg_median": 0.0,
  "summary_bg_n": 2426063.0,
  "summary_bg_p05": 0.0,
  "summary_bg_p95": 11.611540853977203,
  "summary_bg_stdv": 26.357535159693754,
  "summary_csf_k": -0.30521140805767244,
  "summary_csf_mad": 153.79650060355877,
  "summary_csf_mean": 474.4127100480958,
  "summary_csf_median": 478.8880940079689,
  "summary_csf_n": 430808.7855801601,
  "summary_csf_p05": 81.91854106262326,
  "summary_csf_p95": 812.6979020051658,
  "summary_csf_stdv": 212.0688938890533,
  "summary_gm_k": -0.43097423487482844,
  "summary_gm_mad": 71.04570167800605,
  "summary_gm_mean": 788.0697348496982,
  "summary_gm_median": 787.4735888242722,
  "summary_gm_n": 601994.6113938682,
  "summary_gm_p05": 612.1129320636392,
  "summary_gm_p95": 976.2271023653448,
  "summary_gm_stdv": 103.58460571791397,
  "summary_wm_k": -0.41543626356143015,
  "summary_wm_mad": 45.71182824807916,
  "summary_wm_mean": 960.1834528228788,
  "summary_wm_median": 972.9943438321352,
  "summary_wm_n": 569355.603869452,
  "summary_wm_p05": 846.0370988510549,
  "summary_wm_p95": 1033.5590853318572,
  "summary_wm_stdv": 57.42919863253135,
  "tpm_overlap_csf": 0.19569833336582937,
  "tpm_overlap_gm": 0.5123838722757544,
  "tpm_overlap_wm": 0.5432822367167202,
  "wm2max": 0.872095086038673
}