{
  "bids_meta": {
    "InstitutionName": "HH",
    "dataset": "<unset>",
    "modality": "T1w",
    "subject_id": "0590"
  },
  "cjv": 0.6613558142511526,
  "cnr": 1.4883692031921625,
  "efc": 0.5847212542596748,
  "fber": -1.0,
  "fwhm_avg": 5.034774343866183,
  "fwhm_x": 4.402371350318691,
  "fwhm_y": 5.688917333333333,
  "fwhm_z": 5.013034347946526,
  "icvs_csf": 0.25426375255482375,
  "icvs_gm": 0.3875255914409924,
  "icvs_wm": 0.3582106560041838,
  "inu_med": 0.4237253665924072,
  "inu_range": 0.22369729876518246,
  "provenance": {
    "md5sum": "60961ef6c69e58dcd9b7ee7d31861466",
    "settings": {
      "testing": false
    },
    "software": "mriqc",
    "version": "23.1.0",
    "warnings": {
      "large_rot_frame": true,
      "small_air_mask": false
    }
  },
  "qi_1": 0.0,
  "qi_2": 0.002424520741606393,
  "rpve_csf": 6.497542390353814,
  "rpve_gm": 6.382440975431926,
  "rpve_wm": 6.4537091628429515,
  "size_x": 150,
  "size_y": 256,
  "size_z": 256,
  "snr_csf": 2.358388604766087,
  "snr_gm": 8.24491192576808,
  "snr_total": 8.083371149210317,
  "snr_wm": 13.646812917096785,
  "snrd_csf": 65.8198904489686,
  "snrd_gm": 102.0204964574851,
  "snrd_total": 97.59734998104425,
  "snrd_wm": 124.95166303667904,
  "spacing_x": 1.2000032663345337,
  "spacing_y": 0.9375,
  "spacing_z": 0.9375000596046448,
  "summary_bg_k": 31.386651473963255,
  "summary_bg_mad": 0.0,
  "summary_bg_mean": 1.7034619148867292,
  "summary_bg_median": 0.0,
  "summary_bg_n": 2610720.0,
  "summary_bg_p05": 0.0,
  "summary_bg_p95": 10.88484052196145,
  "summary_bg_stdv": 5.015774469830999,
  "summary_csf_k": -0.30985103085613463,
  "summary_csf_mad": 151.71888325654598,
  "summary_csf_mean": 500.1111864379414,
  "summary_csf_median": 503.92212388291955,
  "summary_csf_n": 379536.7066976717,
  "summary_csf_p05": 120.34647619351745,
  "summary_csf_p95": 828.3210329599679,
  "summary_csf_stdv": 213.6719364227328,
  "summary_gm_k": -0.36141570048338956,
  "summary_gm_mad": 62.61955406318864,
  "summary_gm_mean": 785.4982636379156,
  "summary_gm_median": 781.0767368916422,
  "summary_gm_n": 578455.1878068763,
  "summary_gm_p05": 630.2220457140356,
  "summary_gm_p95": 962.0819252897054,
  "summary_gm_stdv": 94.7343123593594,
  "summary_wm_k": -0.4300454567968863,
  "summary_wm_mad": 53.489903410297856,
  "summary_wm_mean": 940.1915240308333,
  "summary_wm_median": 956.6395050287247,
  "summary_wm_n": 534697.1061261529,
  "summary_wm_p05": 803.3829945810139,
  "summary_wm_p95": 1030.0738516487181,
  "summary_wm_stdv": 70.0997819987516,
  "tpm_overlap_csf": 0.20025766785829663,
  "tpm_overlap_gm": 0.5360461466356368,
  "tpm_overlap_wm": 0.546263757335294,
  "wm2max": 0.7741967421887955
}