{
  "bids_meta": {
    "InstitutionName": "HH",
    "dataset": "<unset>",
    "modality": "T1w",
    "subject_id": "0142"
  },
  "cjv": 0.8586757769867981,
  "cnr": 1.0016889948529866,
  "efc": 0.609862101920856,
  "fber": -1.0,
  "fwhm_avg": 4.879684497252682,
  "fwhm_x": 4.200994825091379,
  "fwhm_y": 5.5609280000000005,
  "fwhm_z": 4.877130666666667,
  "icvs_csf": 0.2675616344515122,
  "icvs_gm": 0.3474559008203353,
  "icvs_wm": 0.38498246472815256,
  "inu_med": 0.42504772543907166,
  "inu_range": 0.19131700396537776,
  "provenance": {
    "md5sum": "2c11c6727d640b7917f7eaac80c1a00f",
    "settings": {
      "testing": false
    },
    "software": "mriqc",
    "version": "23.1.0",
    "warnings": {
      "large_rot_frame": true,
      "small_air_mask": false
    }
  },
  "qi_1": 0.0,
  "qi_2": 0.002653212849395273,
  "rpve_csf": 7.2284188731668415,
  "rpve_gm": 7.084463291959067,
  "rpve_wm": 7.148168403164525,
  "size_x": 150,
  "size_y": 256,
  "size_z": 256,
  "snr_csf": 2.4421045778626027,
  "snr_gm": 5.930099852278557,
  "snr_total": 7.585036239394005,
  "snr_wm": 14.382904288040853,
  "snrd_csf": 82.18469885721807,
  "snrd_gm": 161.08083701933487,
  "snrd_total": 144.88398335312056,
  "snrd_wm": 191.38641418280872,
  "spacing_x": 1.2000014781951904,
  "spacing_y": 0.9375,
  "spacing_z": 0.9375,
  "summary_bg_k": 69.37817456642368,
  "summary_bg_mad": 0.0,
  "summary_bg_mean": 0.8841811730939775,
  "summary_bg_median": 0.0,
  "summary_bg_n": 3565132.0,
  "summary_bg_p05": 0.0,
  "summary_bg_p95": 6.724469231441617,
  "summary_bg_stdv": 3.3024503426989322,
  "summary_csf_k": 0.33958204015489457,
  "summary_csf_mad": 127.597718772246,
  "summary_csf_mean": 434.84511139540336,
  "summary_csf_median": 414.28149451874197,
  "summary_csf_n": 360492.47962342034,
  "summary_csf_p05": 141.80501599051058,
  "summary_csf_p95": 746.3668211791664,
  "summary_csf_stdv": 169.64094153413689,
  "summary_gm_k": 0.6024359612201637,
  "summary_gm_mad": 69.3862809580044,
  "summary_gm_mean": 802.8687515247672,
  "summary_gm_median": 811.9858176354319,
  "summary_gm_n": 468136.0222039261,
  "summary_gm_p05": 557.1949395034462,
  "summary_gm_p95": 1017.8087659794837,
  "summary_gm_stdv": 136.9260165271624,
  "summary_wm_k": -0.5297657797581645,
  "summary_wm_mad": 61.790309147864974,
  "summary_wm_mean": 956.4410801974147,
  "summary_wm_median": 964.7519647907466,
  "summary_wm_n": 518696.49998919456,
  "summary_wm_p05": 835.9525156654418,
  "summary_wm_p95": 1054.1406052336097,
  "summary_wm_stdv": 67.07623269211004,
  "tpm_overlap_csf": 0.18760561743103854,
  "tpm_overlap_gm": 0.492784652347207,
  "tpm_overlap_wm": 0.5347679299957135,
  "wm2max": 0.704645221646517
}