{
  "bids_meta": {
    "InstitutionName": "HH",
    "dataset": "<unset>",
    "modality": "T1w",
    "subject_id": "0847"
  },
  "cjv": 0.6489915518286982,
  "cnr": 1.4518531527223046,
  "efc": 0.6212145294131679,
  "fber": -1.0,
  "fwhm_avg": 4.924294360870911,
  "fwhm_x": 4.12136308261273,
  "fwhm_y": 5.806112,
  "fwhm_z": 4.845408000000001,
  "icvs_csf": 0.2649067541921773,
  "icvs_gm": 0.37501004475361593,
  "icvs_wm": 0.3600832010542068,
  "inu_med": 0.3908885419368744,
  "inu_range": 0.20758913457393646,
  "provenance": {
    "md5sum": "7057bdf1e30f1a1d0d9339020dcbcc79",
    "settings": {
      "testing": false
    },
    "software": "mriqc",
    "version": "23.1.0",
    "warnings": {
      "large_rot_frame": true,
      "small_air_mask": false
    }
  },
  "qi_1": 0.0,
  "qi_2": 0.000896932028027092,
  "rpve_csf": 6.216461041905281,
  "rpve_gm": 6.0996286132105375,
  "rpve_wm": 6.163260026500663,
  "size_x": 150,
  "size_y": 256,
  "size_z": 256,
  "snr_csf": 2.3260203055767024,
  "snr_gm": 7.946173915175087,
  "snr_total": 8.224885291751942,
  "snr_wm": 14.402461654504036,
  "snrd_csf": 67.45445207879416,
  "snrd_gm": 116.92576406809847,
  "snrd_total": 109.02622393704472,
  "snrd_wm": 142.69845566424152,
  "spacing_x": 1.1999986171722412,
  "spacing_y": 0.9375,
  "spacing_z": 0.9375,
  "summary_bg_k": 65.76352840254647,
  "summary_bg_mad": 0.0,
  "summary_bg_mean": 1.2745563933773743,
  "summary_bg_median": 0.0,
  "summary_bg_n": 2656841.0,
  "summary_bg_p05": 0.0,
  "summary_bg_p95": 9.651999222114682,
  "summary_bg_stdv": 4.4102824546810995,
  "summary_csf_k": -0.15744460735430232,
  "summary_csf_mad": 159.44952573887022,
  "summary_csf_mean": 462.79746762500844,
  "summary_csf_median": 454.09350860863924,
  "summary_csf_n": 414121.0467394247,
  "summary_csf_p05": 114.63401815854013,
  "summary_csf_p95": 789.0046596992761,
  "summary_csf_stdv": 195.22312821508814,
  "summary_gm_k": -0.3084251074988611,
  "summary_gm_mad": 61.51372163370725,
  "summary_gm_mean": 790.1890321502366,
  "summary_gm_median": 787.1271475218236,
  "summary_gm_n": 586242.3279645919,
  "summary_gm_p05": 623.5984812490642,
  "summary_gm_p95": 972.7364147547632,
  "summary_gm_stdv": 99.05729280424579,
  "summary_wm_k": -0.3362579964758301,
  "summary_wm_mad": 51.085009106896464,
  "summary_wm_mean": 945.1055159383699,
  "summary_wm_median": 960.6251390185207,
  "summary_wm_n": 562907.6260761279,
  "summary_wm_p05": 813.5180933400989,
  "summary_wm_p95": 1029.643544415012,
  "summary_wm_stdv": 66.69861783294905,
  "tpm_overlap_csf": 0.21064544270777422,
  "tpm_overlap_gm": 0.5334221893173504,
  "tpm_overlap_wm": 0.5759466612321573,
  "wm2max": 0.798785332637186
}