{
  "bids_meta": {
    "InstitutionName": "HH",
    "dataset": "<unset>",
    "modality": "T1w",
    "subject_id": "0277"
  },
  "cjv": 0.6459324582597413,
  "cnr": 1.5324917434264558,
  "efc": 0.5744936172615789,
  "fber": -1.0,
  "fwhm_avg": 4.741185198215491,
  "fwhm_x": 4.096216927979808,
  "fwhm_y": 5.424725333333333,
  "fwhm_z": 4.702613333333333,
  "icvs_csf": 0.2574042056046887,
  "icvs_gm": 0.37796948643825795,
  "icvs_wm": 0.3646263079570534,
  "inu_med": 0.35054832696914673,
  "inu_range": 0.17717434614896777,
  "provenance": {
    "md5sum": "9553956703dc92ff293483b5e342f80e",
    "settings": {
      "testing": false
    },
    "software": "mriqc",
    "version": "23.1.0",
    "warnings": {
      "large_rot_frame": true,
      "small_air_mask": false
    }
  },
  "qi_1": 0.0,
  "qi_2": 0.0013885799790023163,
  "rpve_csf": 6.05110183543878,
  "rpve_gm": 5.956810952988908,
  "rpve_wm": 6.034067028980425,
  "size_x": 150,
  "size_y": 256,
  "size_z": 256,
  "snr_csf": 2.7007764335855398,
  "snr_gm": 8.431423983615908,
  "snr_total": 9.815234935253727,
  "snr_wm": 18.313504388559736,
  "snrd_csf": 117.05526469584333,
  "snrd_gm": 175.18302774436168,
  "snrd_total": 167.95661277960474,
  "snrd_wm": 211.63154589860926,
  "spacing_x": 1.1999950408935547,
  "spacing_y": 0.9375,
  "spacing_z": 0.9375,
  "summary_bg_k": 51.92010887398371,
  "summary_bg_mad": 0.0,
  "summary_bg_mean": 0.9266176117867488,
  "summary_bg_median": 0.0,
  "summary_bg_n": 2682700.0,
  "summary_bg_p05": 0.0,
  "summary_bg_p95": 5.726500105112791,
  "summary_bg_stdv": 3.004886080394818,
  "summary_csf_k": 0.18648571695567728,
  "summary_csf_mad": 141.39769604169408,
  "summary_csf_mean": 536.0965246411421,
  "summary_csf_median": 536.8923716060817,
  "summary_csf_n": 411913.654388865,
  "summary_csf_p05": 191.61344360932708,
  "summary_csf_p95": 844.1969509795308,
  "summary_csf_stdv": 198.7916190411646,
  "summary_gm_k": -0.49022206008615843,
  "summary_gm_mad": 64.67360032012182,
  "summary_gm_mean": 806.1636926738811,
  "summary_gm_median": 803.5044940114021,
  "summary_gm_n": 604849.45084918,
  "summary_gm_p05": 647.3056270889938,
  "summary_gm_p95": 977.7537114955485,
  "summary_gm_stdv": 95.2987100819416,
  "summary_wm_k": -0.31452591465976365,
  "summary_wm_mad": 43.3113584720961,
  "summary_wm_mean": 962.4488062329931,
  "summary_wm_median": 970.6813519187272,
  "summary_wm_n": 583496.8960358498,
  "summary_wm_p05": 859.1861309781671,
  "summary_wm_p95": 1034.86037613824,
  "summary_wm_stdv": 53.00353769240272,
  "tpm_overlap_csf": 0.2172115480231302,
  "tpm_overlap_gm": 0.5156348669349813,
  "tpm_overlap_wm": 0.5525310021487523,
  "wm2max": 0.718684668138567
}