{
  "bids_meta": {
    "InstitutionName": "HH",
    "dataset": "<unset>",
    "modality": "T1w",
    "subject_id": "0741"
  },
  "cjv": 0.6710890331016172,
  "cnr": 1.6035981248231295,
  "efc": 0.617454824094939,
  "fber": -1.0,
  "fwhm_avg": 5.216954633068749,
  "fwhm_x": 4.514821232539579,
  "fwhm_y": 6.034090666666667,
  "fwhm_z": 5.101952,
  "icvs_csf": 0.25777273389897726,
  "icvs_gm": 0.37869315827703764,
  "icvs_wm": 0.363534107823985,
  "inu_med": 0.3229086399078369,
  "inu_range": 0.15306348800659175,
  "provenance": {
    "md5sum": "b8ff468fc13119d6c4236d586b5edd1a",
    "settings": {
      "testing": false
    },
    "software": "mriqc",
    "version": "23.1.0",
    "warnings": {
      "large_rot_frame": true,
      "small_air_mask": false
    }
  },
  "qi_1": 0.0,
  "qi_2": 0.0006637081976601812,
  "rpve_csf": 5.990950002467822,
  "rpve_gm": 5.905592736784466,
  "rpve_wm": 5.972761522150993,
  "size_x": 150,
  "size_y": 256,
  "size_z": 256,
  "snr_csf": 2.3222126523045454,
  "snr_gm": 8.8518876874923,
  "snr_total": 10.301764403161082,
  "snr_wm": 19.731192869686403,
  "snrd_csf": 86.38915905918573,
  "snrd_gm": 137.34874491625487,
  "snrd_total": 129.79901875322412,
  "snrd_wm": 165.65915228423177,
  "spacing_x": 1.2000010013580322,
  "spacing_y": 0.9375,
  "spacing_z": 0.9375,
  "summary_bg_k": 36.881241736374314,
  "summary_bg_mad": 0.0,
  "summary_bg_mean": 1.1206796516902924,
  "summary_bg_median": 0.0,
  "summary_bg_n": 3284050.0,
  "summary_bg_p05": 0.0,
  "summary_bg_p95": 8.690657615661621,
  "summary_bg_stdv": 3.8378896908214895,
  "summary_csf_k": -0.393877976963493,
  "summary_csf_mad": 168.02060094702287,
  "summary_csf_mean": 501.8674198019313,
  "summary_csf_median": 506.08096718788147,
  "summary_csf_n": 417341.01636074786,
  "summary_csf_p05": 110.23150205612183,
  "summary_csf_p95": 841.3705337047577,
  "summary_csf_stdv": 217.93024009640672,
  "summary_gm_k": -0.6410150189850632,
  "summary_gm_mad": 68.34861819043724,
  "summary_gm_mean": 807.1675902081654,
  "summary_gm_median": 804.6100509166718,
  "summary_gm_n": 613114.4484278114,
  "summary_gm_p05": 657.443253993988,
  "summary_gm_p95": 970.7314717769623,
  "summary_gm_stdv": 90.89692765612448,
  "summary_wm_k": -0.39113700268666207,
  "summary_wm_mad": 42.94929420417508,
  "summary_wm_mean": 964.2355767121751,
  "summary_wm_median": 970.4567670822144,
  "summary_wm_n": 588571.5364314625,
  "summary_wm_p05": 871.3383185863495,
  "summary_wm_p95": 1033.863605260849,
  "summary_wm_stdv": 49.18384555227769,
  "tpm_overlap_csf": 0.19118047171522165,
  "tpm_overlap_gm": 0.5253700805485912,
  "tpm_overlap_wm": 0.5532853078079494,
  "wm2max": 0.7768271229809691
}