{
  "bids_meta": {
    "InstitutionName": "HH",
    "dataset": "<unset>",
    "modality": "T1w",
    "subject_id": "1003"
  },
  "cjv": 0.7218578784704696,
  "cnr": 1.3371838310306667,
  "efc": 0.5865543618235852,
  "fber": -1.0,
  "fwhm_avg": 5.216102871253386,
  "fwhm_x": 4.494911280426825,
  "fwhm_y": 6.039050666666666,
  "fwhm_z": 5.114346666666666,
  "icvs_csf": 0.27060895553104103,
  "icvs_gm": 0.36420721118816735,
  "icvs_wm": 0.3651838332807916,
  "inu_med": 0.4011361747980118,
  "inu_range": 0.211805559694767,
  "provenance": {
    "md5sum": "bd742716605ed35f41dc25e77137c444",
    "settings": {
      "testing": false
    },
    "software": "mriqc",
    "version": "23.1.0",
    "warnings": {
      "large_rot_frame": true,
      "small_air_mask": false
    }
  },
  "qi_1": 0.0,
  "qi_2": 0.0003836646534815676,
  "rpve_csf": 6.193417672938154,
  "rpve_gm": 6.079413598779055,
  "rpve_wm": 6.14764094367557,
  "size_x": 150,
  "size_y": 256,
  "size_z": 256,
  "snr_csf": 2.246034414461965,
  "snr_gm": 7.057039068335438,
  "snr_total": 8.421805251221272,
  "snr_wm": 15.962342270866413,
  "snrd_csf": 71.12371004695122,
  "snrd_gm": 126.58542066439483,
  "snrd_total": 117.17891305387427,
  "snrd_wm": 153.82760845027673,
  "spacing_x": 1.199999213218689,
  "spacing_y": 0.9375,
  "spacing_z": 0.9375,
  "summary_bg_k": 39.77349085663001,
  "summary_bg_mad": 0.0,
  "summary_bg_mean": 1.7866839587993069,
  "summary_bg_median": 0.0,
  "summary_bg_n": 2379786.0,
  "summary_bg_p05": 0.0,
  "summary_bg_p95": 9.623365830630064,
  "summary_bg_stdv": 4.1382650287761376,
  "summary_csf_k": -0.1968263082266053,
  "summary_csf_mad": 156.21317191048922,
  "summary_csf_mean": 457.62169909420584,
  "summary_csf_median": 449.2633320391178,
  "summary_csf_n": 424275.8749496512,
  "summary_csf_p05": 95.5333055369556,
  "summary_csf_p95": 798.817180916667,
  "summary_csf_stdv": 200.02489708032593,
  "summary_gm_k": -0.0794532590815713,
  "summary_gm_mad": 73.53017840789154,
  "summary_gm_mean": 797.5055995961849,
  "summary_gm_median": 799.5953506603837,
  "summary_gm_n": 571024.4617980017,
  "summary_gm_p05": 602.9259174317122,
  "summary_gm_p95": 992.6852030679584,
  "summary_gm_stdv": 113.30455206160757,
  "summary_wm_k": -0.4240053649810718,
  "summary_wm_mad": 50.686597877406406,
  "summary_wm_mean": 959.5934257446237,
  "summary_wm_median": 971.674619987607,
  "summary_wm_n": 572555.6646069782,
  "summary_wm_p05": 843.0950393341482,
  "summary_wm_p95": 1040.827971212566,
  "summary_wm_stdv": 60.872881620829794,
  "tpm_overlap_csf": 0.19689649417128505,
  "tpm_overlap_gm": 0.5047372137398111,
  "tpm_overlap_wm": 0.5480395850563471,
  "wm2max": 0.7592740326801224
}