{
  "bids_meta": {
    "InstitutionName": "HH",
    "dataset": "<unset>",
    "modality": "T1w",
    "subject_id": "0017"
  },
  "cjv": 0.8795552914393727,
  "cnr": 0.9672790946665992,
  "efc": 0.6896744508635101,
  "fber": 9930.330105251736,
  "fwhm_avg": 4.772045438083549,
  "fwhm_x": 4.085682980917316,
  "fwhm_y": 5.446186666666667,
  "fwhm_z": 4.7842666666666664,
  "icvs_csf": 0.2667698464536069,
  "icvs_gm": 0.3460071241359953,
  "icvs_wm": 0.38722302941039766,
  "inu_med": 0.5125412940979004,
  "inu_range": 0.2436191439628601,
  "provenance": {
    "md5sum": "82609bf206be7bd6c27a90183eab3e49",
    "settings": {
      "testing": false
    },
    "software": "mriqc",
    "version": "23.1.0",
    "warnings": {
      "large_rot_frame": true,
      "small_air_mask": false
    }
  },
  "qi_1": 0.0,
  "qi_2": 0.0012902239416206,
  "rpve_csf": 7.144203738571838,
  "rpve_gm": 7.001897863983884,
  "rpve_wm": 7.08354068909267,
  "size_x": 150,
  "size_y": 256,
  "size_z": 256,
  "snr_csf": 2.7110114458504957,
  "snr_gm": 5.04537939069785,
  "snr_total": 6.96914693902923,
  "snr_wm": 13.151049980539344,
  "snrd_csf": 26.641524918230704,
  "snrd_gm": 48.38223740691098,
  "snrd_total": 44.55156221814479,
  "snrd_wm": 58.63092432929266,
  "spacing_x": 1.2000025510787964,
  "spacing_y": 0.9375,
  "spacing_z": 0.9375,
  "summary_bg_k": 50.05207445614841,
  "summary_bg_mad": 0.0,
  "summary_bg_mean": 3.1677614478125666,
  "summary_bg_median": 0.0,
  "summary_bg_n": 2632242.0,
  "summary_bg_p05": 0.0,
  "summary_bg_p95": 22.33870292082429,
  "summary_bg_stdv": 10.657205331310703,
  "summary_csf_k": 0.23989026787984224,
  "summary_csf_mad": 123.52645000636025,
  "summary_csf_mean": 447.03189523383656,
  "summary_csf_median": 433.38181391358376,
  "summary_csf_n": 362700.5504685187,
  "summary_csf_p05": 192.78794596903026,
  "summary_csf_p95": 734.3779977411032,
  "summary_csf_stdv": 159.85960411160153,
  "summary_gm_k": 2.2275704826145644,
  "summary_gm_mad": 77.2243748722239,
  "summary_gm_mean": 776.2995899856004,
  "summary_gm_median": 787.0413526613265,
  "summary_gm_n": 470431.63257950655,
  "summary_gm_p05": 492.41197359748185,
  "summary_gm_p95": 1018.8259778078645,
  "summary_gm_stdv": 155.99233579978832,
  "summary_wm_k": -0.5133692402030094,
  "summary_wm_mad": 69.41242546470704,
  "summary_wm_mean": 947.7386408349513,
  "summary_wm_median": 953.758330848068,
  "summary_wm_n": 526468.8186776129,
  "summary_wm_p05": 820.7963951583952,
  "summary_wm_p95": 1057.1640220098197,
  "summary_wm_stdv": 72.52329102633955,
  "tpm_overlap_csf": 0.20580161635524147,
  "tpm_overlap_gm": 0.48714866824705544,
  "tpm_overlap_wm": 0.5323182890906188,
  "wm2max": 0.6179147998008676
}