{
  "bids_meta": {
    "InstitutionName": "HH",
    "dataset": "<unset>",
    "modality": "T1w",
    "subject_id": "0904"
  },
  "cjv": 0.6969070073973194,
  "cnr": 1.414690945309159,
  "efc": 0.5545053483352107,
  "fber": -1.0,
  "fwhm_avg": 4.9828096614073765,
  "fwhm_x": 4.331223650888798,
  "fwhm_y": 5.587872,
  "fwhm_z": 5.029333333333333,
  "icvs_csf": 0.26937800154274255,
  "icvs_gm": 0.3696499502854797,
  "icvs_wm": 0.36097204817177786,
  "inu_med": 0.3766936957836151,
  "inu_range": 0.15483884811401366,
  "provenance": {
    "md5sum": "7e0060c5b99f90c8bb157ba964eceeb9",
    "settings": {
      "testing": false
    },
    "software": "mriqc",
    "version": "23.1.0",
    "warnings": {
      "large_rot_frame": true,
      "small_air_mask": false
    }
  },
  "qi_1": 0.0,
  "qi_2": 0.0013432580617952505,
  "rpve_csf": 8.049870598115504,
  "rpve_gm": 7.9392763852830175,
  "rpve_wm": 8.008192844939344,
  "size_x": 150,
  "size_y": 256,
  "size_z": 256,
  "snr_csf": 2.2430513985566316,
  "snr_gm": 7.186974226767976,
  "snr_total": 8.226886873575113,
  "snr_wm": 15.250634995400734,
  "snrd_csf": 55.14499134634098,
  "snrd_gm": 97.24785618447885,
  "snrd_total": 90.59165978591602,
  "snrd_wm": 119.38213182692826,
  "spacing_x": 1.199995756149292,
  "spacing_y": 0.9375,
  "spacing_z": 0.9375,
  "summary_bg_k": 47.16720208085617,
  "summary_bg_mad": 0.0,
  "summary_bg_mean": 1.715901206603771,
  "summary_bg_median": 0.0,
  "summary_bg_n": 3407106.0,
  "summary_bg_p05": 0.0,
  "summary_bg_p95": 11.492154570296407,
  "summary_bg_stdv": 5.27642606612126,
  "summary_csf_k": -0.23785746985814438,
  "summary_csf_mad": 153.61534661706327,
  "summary_csf_mean": 450.3263718771057,
  "summary_csf_median": 444.13418298214674,
  "summary_csf_n": 325849.5978552444,
  "summary_csf_p05": 90.13286089152098,
  "summary_csf_p95": 783.4427317529917,
  "summary_csf_stdv": 198.00415708958093,
  "summary_gm_k": -0.4751618425135593,
  "summary_gm_mad": 71.94300155653487,
  "summary_gm_mean": 782.6298805702178,
  "summary_gm_median": 783.2279251255095,
  "summary_gm_n": 447142.2571921585,
  "summary_gm_p05": 596.4535625297576,
  "summary_gm_p95": 975.5013373848051,
  "summary_gm_stdv": 108.97869181062762,
  "summary_wm_k": -0.5489505398883963,
  "summary_wm_mad": 52.293230879074926,
  "summary_wm_mean": 948.6642582066751,
  "summary_wm_median": 961.4959452729672,
  "summary_wm_n": 436645.14570650423,
  "summary_wm_p05": 827.2632837593555,
  "summary_wm_p95": 1032.2317677028477,
  "summary_wm_stdv": 63.046217062993435,
  "tpm_overlap_csf": 0.19579488246422896,
  "tpm_overlap_gm": 0.5205410547799008,
  "tpm_overlap_wm": 0.5563707951120554,
  "wm2max": 0.8030607485019197
}