{
  "bids_meta": {
    "InstitutionName": "HH",
    "dataset": "<unset>",
    "modality": "T1w",
    "subject_id": "0462"
  },
  "cjv": 0.6306329341747762,
  "cnr": 1.741423421045344,
  "efc": 0.5415033791939707,
  "fber": -1.0,
  "fwhm_avg": 5.207082118054704,
  "fwhm_x": 4.460745391393496,
  "fwhm_y": 5.82844762943728,
  "fwhm_z": 5.3320533333333335,
  "icvs_csf": 0.2551304485482247,
  "icvs_gm": 0.38117782773699077,
  "icvs_wm": 0.3636917237147846,
  "inu_med": 0.3146616816520691,
  "inu_range": 0.13925406336784357,
  "provenance": {
    "md5sum": "cffa2e286d89876078a8b3458f0c0ce4",
    "settings": {
      "testing": false
    },
    "software": "mriqc",
    "version": "23.1.0",
    "warnings": {
      "large_rot_frame": true,
      "small_air_mask": false
    }
  },
  "qi_1": 0.0,
  "qi_2": 0.0013032318008406071,
  "rpve_csf": 6.820872051360596,
  "rpve_gm": 6.745078758606549,
  "rpve_wm": 6.808972233020603,
  "size_x": 150,
  "size_y": 256,
  "size_z": 256,
  "snr_csf": 2.281421862453184,
  "snr_gm": 9.00732656772343,
  "snr_total": 10.809161373759137,
  "snr_wm": 21.1387356911008,
  "snrd_csf": 111.19463803474946,
  "snrd_gm": 183.34676161266407,
  "snrd_total": 172.613532751703,
  "snrd_wm": 223.29919860769536,
  "spacing_x": 1.2000012397766113,
  "spacing_y": 0.9375000596046448,
  "spacing_z": 0.9375,
  "summary_bg_k": 25.484503014810603,
  "summary_bg_mad": 0.0,
  "summary_bg_mean": 0.9986711522478133,
  "summary_bg_median": 0.0,
  "summary_bg_n": 2542834.0,
  "summary_bg_p05": 0.0,
  "summary_bg_p95": 5.813419006764889,
  "summary_bg_stdv": 2.8620981023003544,
  "summary_csf_k": -0.5821223403027567,
  "summary_csf_mad": 178.92065034635343,
  "summary_csf_mean": 487.500551729675,
  "summary_csf_median": 485.77664514631033,
  "summary_csf_n": 363727.48966320767,
  "summary_csf_p05": 121.11672563105822,
  "summary_csf_p95": 827.0450209900737,
  "summary_csf_stdv": 212.92685292669103,
  "summary_gm_k": -0.6799947428964348,
  "summary_gm_mad": 69.97391770971248,
  "summary_gm_mean": 805.0153927328308,
  "summary_gm_median": 800.9880361929536,
  "summary_gm_n": 543427.314093573,
  "summary_gm_p05": 661.3051344454288,
  "summary_gm_p95": 968.0836212411523,
  "summary_gm_stdv": 88.92619726754086,
  "summary_wm_k": -0.3615917350752009,
  "summary_wm_mad": 40.097030742128325,
  "summary_wm_mean": 969.6011450142646,
  "summary_wm_median": 975.5284740403295,
  "summary_wm_n": 518498.19741550396,
  "summary_wm_p05": 881.9852772951126,
  "summary_wm_p95": 1034.6736935004592,
  "summary_wm_stdv": 46.148811715618564,
  "tpm_overlap_csf": 0.19670369195424614,
  "tpm_overlap_gm": 0.5228197394776307,
  "tpm_overlap_wm": 0.548872273082705,
  "wm2max": 0.8185232377455467
}