{
  "bids_meta": {
    "InstitutionName": "HH",
    "dataset": "<unset>",
    "modality": "T1w",
    "subject_id": "0452"
  },
  "cjv": 0.680701581425917,
  "cnr": 1.6480807632726975,
  "efc": 0.5671107963964077,
  "fber": -1.0,
  "fwhm_avg": 5.211823605769361,
  "fwhm_x": 4.48847348397475,
  "fwhm_y": 5.978442666666667,
  "fwhm_z": 5.168554666666666,
  "icvs_csf": 0.2486859646679272,
  "icvs_gm": 0.38708171802478136,
  "icvs_wm": 0.36423231730729144,
  "inu_med": 0.34508541226387024,
  "inu_range": 0.13728592395782468,
  "provenance": {
    "md5sum": "72b634a6bb5bbc3480665e5a7e34d2f5",
    "settings": {
      "testing": false
    },
    "software": "mriqc",
    "version": "23.1.0",
    "warnings": {
      "large_rot_frame": true,
      "small_air_mask": false
    }
  },
  "qi_1": 0.0,
  "qi_2": 0.0015749727907904555,
  "rpve_csf": 8.343711381155913,
  "rpve_gm": 8.260226754952262,
  "rpve_wm": 8.325688888333655,
  "size_x": 150,
  "size_y": 256,
  "size_z": 256,
  "snr_csf": 2.085696682681263,
  "snr_gm": 8.762239322815738,
  "snr_total": 9.894318321968482,
  "snr_wm": 18.835018960408448,
  "snrd_csf": 51.77272791767763,
  "snrd_gm": 83.8730359770001,
  "snrd_total": 79.2258607597596,
  "snrd_wm": 102.03181838460105,
  "spacing_x": 1.2000004053115845,
  "spacing_y": 0.9375,
  "spacing_z": 0.9375,
  "summary_bg_k": 45.884089187122804,
  "summary_bg_mad": 0.0,
  "summary_bg_mean": 2.203687094169261,
  "summary_bg_median": 0.0,
  "summary_bg_n": 3035067.0,
  "summary_bg_p05": 0.0,
  "summary_bg_p95": 14.5768533796072,
  "summary_bg_stdv": 6.248911754942324,
  "summary_csf_k": -0.808076272696912,
  "summary_csf_mad": 175.78413489554416,
  "summary_csf_mean": 478.96092077334805,
  "summary_csf_median": 493.8257255591452,
  "summary_csf_n": 290225.7222296209,
  "summary_csf_p05": 67.66166815534234,
  "summary_csf_p95": 844.1808607690036,
  "summary_csf_stdv": 236.7673492015648,
  "summary_gm_k": -0.7218123162665351,
  "summary_gm_mad": 72.85336992440622,
  "summary_gm_mean": 801.1047183536433,
  "summary_gm_median": 800.009281180799,
  "summary_gm_n": 451738.68708527554,
  "summary_gm_p05": 649.621648941189,
  "summary_gm_p95": 962.9775735028088,
  "summary_gm_stdv": 91.30181980070482,
  "summary_wm_k": -0.4608010280454171,
  "summary_wm_mad": 45.047265579143954,
  "summary_wm_mean": 965.7430922274007,
  "summary_wm_median": 973.2138670384884,
  "summary_wm_n": 425072.5910126539,
  "summary_wm_p05": 868.6922575347126,
  "summary_wm_p95": 1038.3918993473053,
  "summary_wm_stdv": 51.6703871825966,
  "tpm_overlap_csf": 0.20204297507580615,
  "tpm_overlap_gm": 0.5408103789173909,
  "tpm_overlap_wm": 0.5633054421038503,
  "wm2max": 0.7640080905264309
}