{
  "bids_meta": {
    "InstitutionName": "HH",
    "dataset": "<unset>",
    "modality": "T1w",
    "subject_id": "0270"
  },
  "cjv": 0.6623373317354284,
  "cnr": 1.4687895523077248,
  "efc": 0.6060152001022068,
  "fber": -1.0,
  "fwhm_avg": 4.805762643586156,
  "fwhm_x": 4.048221219746325,
  "fwhm_y": 5.533280351796491,
  "fwhm_z": 4.83578635921565,
  "icvs_csf": 0.25537005708397165,
  "icvs_gm": 0.3795667252113254,
  "icvs_wm": 0.36506321770470285,
  "inu_med": 0.32114356756210327,
  "inu_range": 0.14307390451431268,
  "provenance": {
    "md5sum": "7b076085e69b98ef214cb23e13b1b6b1",
    "settings": {
      "testing": false
    },
    "software": "mriqc",
    "version": "23.1.0",
    "warnings": {
      "large_rot_frame": true,
      "small_air_mask": false
    }
  },
  "qi_1": 0.0,
  "qi_2": 0.001740374445003298,
  "rpve_csf": 6.5017190942846295,
  "rpve_gm": 6.396421622667042,
  "rpve_wm": 6.463711824153694,
  "size_x": 150,
  "size_y": 256,
  "size_z": 256,
  "snr_csf": 2.413382190089255,
  "snr_gm": 8.419274908546596,
  "snr_total": 9.411074824699632,
  "snr_wm": 17.400567375463048,
  "snrd_csf": 87.19480130890896,
  "snrd_gm": 139.33454850251448,
  "snrd_total": 131.3332238339677,
  "snrd_wm": 167.4703216904797,
  "spacing_x": 1.2000011205673218,
  "spacing_y": 0.9374999403953552,
  "spacing_z": 0.9375000596046448,
  "summary_bg_k": 61.53529650343616,
  "summary_bg_mad": 0.0,
  "summary_bg_mean": 1.1237593106576989,
  "summary_bg_median": 0.0,
  "summary_bg_n": 2477034.0,
  "summary_bg_p05": 0.0,
  "summary_bg_p95": 8.27444744668901,
  "summary_bg_stdv": 3.7769496204217035,
  "summary_csf_k": -0.07325862463165533,
  "summary_csf_mad": 162.2515030102293,
  "summary_csf_mean": 505.86522949014915,
  "summary_csf_median": 502.6897783521563,
  "summary_csf_n": 381374.49558316777,
  "summary_csf_p05": 132.23159679956734,
  "summary_csf_p95": 834.488282578066,
  "summary_csf_stdv": 208.29237961810767,
  "summary_gm_k": -0.4173521890705776,
  "summary_gm_mad": 64.17738059079889,
  "summary_gm_mean": 807.5221946114414,
  "summary_gm_median": 803.2824463397264,
  "summary_gm_n": 566852.1596485549,
  "summary_gm_p05": 650.3761282339692,
  "summary_gm_p95": 978.8466177843511,
  "summary_gm_stdv": 95.40984782160888,
  "summary_wm_k": -0.092426350690332,
  "summary_wm_mad": 43.25805537452479,
  "summary_wm_mean": 957.0514329938209,
  "summary_wm_median": 965.4889698401093,
  "summary_wm_n": 545192.3459543203,
  "summary_wm_p05": 849.2819916494191,
  "summary_wm_p95": 1034.1919577308,
  "summary_wm_stdv": 55.48601166557171,
  "tpm_overlap_csf": 0.20112333960247938,
  "tpm_overlap_gm": 0.5138162249732109,
  "tpm_overlap_wm": 0.5438057571842085,
  "wm2max": 0.816614539110832
}