{
  "bids_meta": {
    "InstitutionName": "HH",
    "dataset": "<unset>",
    "modality": "T1w",
    "subject_id": "0057"
  },
  "cjv": 0.9407065411051971,
  "cnr": 0.9584366226569939,
  "efc": 0.5680436754967071,
  "fber": -1.0,
  "fwhm_avg": 5.091464760883498,
  "fwhm_x": 4.518618282650492,
  "fwhm_y": 5.680000000000001,
  "fwhm_z": 5.075776,
  "icvs_csf": 0.27200766419930783,
  "icvs_gm": 0.3504439046129975,
  "icvs_wm": 0.37754843118769466,
  "inu_med": 0.47131699323654175,
  "inu_range": 0.23418893814086916,
  "provenance": {
    "md5sum": "c51772ff46a105915c890d7adc3af83f",
    "settings": {
      "testing": false
    },
    "software": "mriqc",
    "version": "23.1.0",
    "warnings": {
      "large_rot_frame": true,
      "small_air_mask": false
    }
  },
  "qi_1": 0.0,
  "qi_2": 0.0008183944812154453,
  "rpve_csf": 7.687471102253034,
  "rpve_gm": 7.5365673558539195,
  "rpve_wm": 7.600349968673553,
  "size_x": 150,
  "size_y": 256,
  "size_z": 256,
  "snr_csf": 2.1621382650533976,
  "snr_gm": 6.237961583445336,
  "snr_total": 7.280053967344235,
  "snr_wm": 13.44006205353397,
  "snrd_csf": 39.66866298003285,
  "snrd_gm": 75.32635873247153,
  "snrd_total": 67.839876904718,
  "snrd_wm": 88.52460900164961,
  "spacing_x": 1.1999995708465576,
  "spacing_y": 0.9375,
  "spacing_z": 0.9375,
  "summary_bg_k": 24.861069658424785,
  "summary_bg_mad": 0.0,
  "summary_bg_mean": 2.7120411658803167,
  "summary_bg_median": 0.0,
  "summary_bg_n": 2979753.0,
  "summary_bg_p05": 0.0,
  "summary_bg_p95": 16.547487122938037,
  "summary_bg_stdv": 6.864533665203381,
  "summary_csf_k": -0.3527910364894069,
  "summary_csf_mad": 144.3295309833938,
  "summary_csf_mean": 420.86424300858505,
  "summary_csf_median": 415.6491266246885,
  "summary_csf_n": 344589.373692299,
  "summary_csf_p05": 83.30536809004843,
  "summary_csf_p95": 759.1708288788795,
  "summary_csf_stdv": 192.2395668373759,
  "summary_gm_k": 0.5431673335658105,
  "summary_gm_mad": 66.32805017083571,
  "summary_gm_mean": 781.1518658656698,
  "summary_gm_median": 789.2712500728667,
  "summary_gm_n": 443955.30530490057,
  "summary_gm_p05": 558.2776232771575,
  "summary_gm_p95": 983.7106775455177,
  "summary_gm_stdv": 126.52696728022843,
  "summary_wm_k": -0.5352055185293318,
  "summary_wm_mad": 63.76372278396555,
  "summary_wm_mean": 921.4017360554378,
  "summary_wm_median": 927.5628078226,
  "summary_wm_n": 478292.3224771723,
  "summary_wm_p05": 802.0755458809435,
  "summary_wm_p95": 1026.4346887599677,
  "summary_wm_stdv": 69.01469907404285,
  "tpm_overlap_csf": 0.18232044643638504,
  "tpm_overlap_gm": 0.5049153577459731,
  "tpm_overlap_wm": 0.5425299329956539,
  "wm2max": 0.6783042989071151
}