{
  "bids_meta": {
    "InstitutionName": "HH",
    "dataset": "<unset>",
    "modality": "T1w",
    "subject_id": "0549"
  },
  "cjv": 0.627893103732783,
  "cnr": 1.580494921028278,
  "efc": 0.6229919770959382,
  "fber": -1.0,
  "fwhm_avg": 5.130960321248627,
  "fwhm_x": 4.349968963745883,
  "fwhm_y": 6.027392000000001,
  "fwhm_z": 5.0155199999999995,
  "icvs_csf": 0.25059040718514,
  "icvs_gm": 0.3857222227587531,
  "icvs_wm": 0.3636873700561069,
  "inu_med": 0.37098146975040436,
  "inu_range": 0.1870246201753616,
  "provenance": {
    "md5sum": "b23be7c3b692f4c03f511bd6a3211ee8",
    "settings": {
      "testing": false
    },
    "software": "mriqc",
    "version": "23.1.0",
    "warnings": {
      "large_rot_frame": true,
      "small_air_mask": false
    }
  },
  "qi_1": 0.0,
  "qi_2": 0.0006111293471320679,
  "rpve_csf": 6.218144738868225,
  "rpve_gm": 6.121356401073922,
  "rpve_wm": 6.188143804931255,
  "size_x": 150,
  "size_y": 256,
  "size_z": 256,
  "snr_csf": 2.060414233221405,
  "snr_gm": 8.13177476119098,
  "snr_total": 8.929482267916908,
  "snr_wm": 16.596257809338336,
  "snrd_csf": 78.12074120045915,
  "snrd_gm": 129.13725237093556,
  "snrd_total": 121.89964494167252,
  "snrd_wm": 158.44094125362287,
  "spacing_x": 1.199997067451477,
  "spacing_y": 0.9375,
  "spacing_z": 0.9375,
  "summary_bg_k": 34.40637227981465,
  "summary_bg_mad": 0.0,
  "summary_bg_mean": 1.219874025968405,
  "summary_bg_median": 0.0,
  "summary_bg_n": 2547010.0,
  "summary_bg_p05": 0.0,
  "summary_bg_p95": 9.643897585570812,
  "summary_bg_stdv": 4.016969781118618,
  "summary_csf_k": -0.6738806703646483,
  "summary_csf_mad": 171.04154581950763,
  "summary_csf_mean": 472.39950175497233,
  "summary_csf_median": 478.9974372982979,
  "summary_csf_n": 391057.3564081427,
  "summary_csf_p05": 59.04953334480524,
  "summary_csf_p95": 831.3864865079522,
  "summary_csf_stdv": 232.47598329300732,
  "summary_gm_k": -0.4299746141556313,
  "summary_gm_mad": 66.44394426336707,
  "summary_gm_mean": 795.1057090591228,
  "summary_gm_median": 791.8052490912378,
  "summary_gm_n": 601936.5004202584,
  "summary_gm_p05": 632.6035814620554,
  "summary_gm_p95": 974.1883710771799,
  "summary_gm_stdv": 97.37168264361328,
  "summary_wm_k": -0.41570417479733335,
  "summary_wm_mad": 46.37313256125677,
  "summary_wm_mean": 960.0961583604628,
  "summary_wm_median": 971.4808597229421,
  "summary_wm_n": 567550.1432426935,
  "summary_wm_p05": 844.5372559428215,
  "summary_wm_p95": 1037.4925651215017,
  "summary_wm_stdv": 58.53608777523836,
  "tpm_overlap_csf": 0.20508026901486598,
  "tpm_overlap_gm": 0.5267420391858254,
  "tpm_overlap_wm": 0.5470978302011676,
  "wm2max": 0.7795719981090404
}