{
  "bids_meta": {
    "InstitutionName": "HH",
    "dataset": "<unset>",
    "modality": "T1w",
    "subject_id": "0717"
  },
  "cjv": 0.7023179151966835,
  "cnr": 1.3945123375096928,
  "efc": 0.592313367587689,
  "fber": -1.0,
  "fwhm_avg": 5.09575886618073,
  "fwhm_x": 4.475671265208857,
  "fwhm_y": 5.700608,
  "fwhm_z": 5.110997333333333,
  "icvs_csf": 0.2671488781705822,
  "icvs_gm": 0.3731126586905064,
  "icvs_wm": 0.35973846313891134,
  "inu_med": 0.41679850220680237,
  "inu_range": 0.22042661607265468,
  "provenance": {
    "md5sum": "011c1cf87d1e0cf2f529b0dd7df48e3e",
    "settings": {
      "testing": false
    },
    "software": "mriqc",
    "version": "23.1.0",
    "warnings": {
      "large_rot_frame": true,
      "small_air_mask": false
    }
  },
  "qi_1": 0.0,
  "qi_2": 0.0028790708546215533,
  "rpve_csf": 7.032623233533805,
  "rpve_gm": 6.910529313571032,
  "rpve_wm": 6.974590606866514,
  "size_x": 150,
  "size_y": 256,
  "size_z": 256,
  "snr_csf": 2.25776890101074,
  "snr_gm": 7.435164237954986,
  "snr_total": 7.94274516722117,
  "snr_wm": 14.135302362697784,
  "snrd_csf": 76.92009288099787,
  "snrd_gm": 137.7889002820618,
  "snrd_total": 127.74701939360016,
  "snrd_wm": 168.53206501774076,
  "spacing_x": 1.2000010013580322,
  "spacing_y": 0.9375,
  "spacing_z": 0.9375,
  "summary_bg_k": 56.00413595623393,
  "summary_bg_mad": 0.0,
  "summary_bg_mean": 1.0590656139677246,
  "summary_bg_median": 0.0,
  "summary_bg_n": 2610446.0,
  "summary_bg_p05": 0.0,
  "summary_bg_p95": 5.791881769895554,
  "summary_bg_stdv": 3.717786696369204,
  "summary_csf_k": -0.4112336613715417,
  "summary_csf_mad": 163.6952795224055,
  "summary_csf_mean": 446.6931554942858,
  "summary_csf_median": 436.5083332210779,
  "summary_csf_n": 369658.9787628839,
  "summary_csf_p05": 118.39287735521793,
  "summary_csf_p95": 777.328939050436,
  "summary_csf_stdv": 193.33588243020014,
  "summary_gm_k": -0.4306309358755951,
  "summary_gm_mad": 68.1913331049915,
  "summary_gm_mean": 783.5647782001381,
  "summary_gm_median": 781.9283745735884,
  "summary_gm_n": 516283.0752632559,
  "summary_gm_p05": 606.7361188530922,
  "summary_gm_p95": 973.0604729801416,
  "summary_gm_stdv": 105.166152660696,
  "summary_wm_k": -0.5502485059730406,
  "summary_wm_mad": 54.33658606143767,
  "summary_wm_mean": 940.7694966777049,
  "summary_wm_median": 956.3905611634254,
  "summary_wm_n": 497776.946758307,
  "summary_wm_p05": 810.1820499300957,
  "summary_wm_p95": 1028.2050279825926,
  "summary_wm_stdv": 67.65964929233012,
  "tpm_overlap_csf": 0.1930730228010468,
  "tpm_overlap_gm": 0.5238054674977888,
  "tpm_overlap_wm": 0.5491231186210951,
  "wm2max": 0.8175611213531058
}