{
  "bids_meta": {
    "InstitutionName": "HH",
    "dataset": "<unset>",
    "modality": "T1w",
    "subject_id": "0716"
  },
  "cjv": 0.8033288208165773,
  "cnr": 1.2143740140616064,
  "efc": 0.6179095342474307,
  "fber": 26913.801394146984,
  "fwhm_avg": 4.827111396120471,
  "fwhm_x": 4.126742188361413,
  "fwhm_y": 5.5464106666666675,
  "fwhm_z": 4.808181333333334,
  "icvs_csf": 0.2603869135747137,
  "icvs_gm": 0.36456395634168015,
  "icvs_wm": 0.37504913008360613,
  "inu_med": 0.3656998574733734,
  "inu_range": 0.15298795700073242,
  "provenance": {
    "md5sum": "6a325605ad3a47fe6f936a9123ca6e7f",
    "settings": {
      "testing": false
    },
    "software": "mriqc",
    "version": "23.1.0",
    "warnings": {
      "large_rot_frame": true,
      "small_air_mask": false
    }
  },
  "qi_1": 0.0,
  "qi_2": 0.0010004637982122015,
  "rpve_csf": 5.9405386286316215,
  "rpve_gm": 5.818591989090386,
  "rpve_wm": 5.8941642155668355,
  "size_x": 150,
  "size_y": 256,
  "size_z": 256,
  "snr_csf": 2.582508779453608,
  "snr_gm": 7.22872919347312,
  "snr_total": 8.788707738301262,
  "snr_wm": 16.554885241977058,
  "snrd_csf": 28.149180669405624,
  "snrd_gm": 44.80179002581143,
  "snrd_total": 42.09067161594705,
  "snrd_wm": 53.32104415262411,
  "spacing_x": 1.1999974250793457,
  "spacing_y": 0.9375,
  "spacing_z": 0.9375,
  "summary_bg_k": 388.234386847417,
  "summary_bg_mad": 0.0,
  "summary_bg_mean": 4.1044810267179175,
  "summary_bg_median": 0.0,
  "summary_bg_n": 2585550.0,
  "summary_bg_p05": 0.0,
  "summary_bg_p95": 24.568758621811867,
  "summary_bg_stdv": 11.988536565227113,
  "summary_csf_k": -0.05211912456727319,
  "summary_csf_mad": 152.9370291761511,
  "summary_csf_mean": 518.6049186364779,
  "summary_csf_median": 515.1102606058121,
  "summary_csf_n": 424542.89623467764,
  "summary_csf_p05": 180.29349515587091,
  "summary_csf_p95": 842.5711103007197,
  "summary_csf_stdv": 199.46094977066306,
  "summary_gm_k": 0.45449352342906035,
  "summary_gm_mad": 73.94198177900911,
  "summary_gm_mean": 821.7130305092553,
  "summary_gm_median": 819.8413306176662,
  "summary_gm_n": 594396.3763895527,
  "summary_gm_p05": 633.7611817345023,
  "summary_gm_p95": 1012.0023698583245,
  "summary_gm_stdv": 113.41421417691028,
  "summary_wm_k": -0.22297051556739245,
  "summary_wm_mad": 51.294068972557454,
  "summary_wm_mean": 970.7928576144105,
  "summary_wm_median": 975.7377051860094,
  "summary_wm_n": 611491.7287127938,
  "summary_wm_p05": 864.1239434629679,
  "summary_wm_p95": 1059.251868724823,
  "summary_wm_stdv": 58.93951501866289,
  "tpm_overlap_csf": 0.2130789309658062,
  "tpm_overlap_gm": 0.5129239028259539,
  "tpm_overlap_wm": 0.540882204805801,
  "wm2max": 0.6930337861372344
}