{
  "bids_meta": {
    "InstitutionName": "HH",
    "dataset": "<unset>",
    "modality": "T1w",
    "subject_id": "0058"
  },
  "cjv": 0.7682114376531549,
  "cnr": 1.2663216902133931,
  "efc": 0.6050197635195252,
  "fber": -1.0,
  "fwhm_avg": 5.140022854053762,
  "fwhm_x": 4.618095228827955,
  "fwhm_y": 5.825973333333334,
  "fwhm_z": 4.976,
  "icvs_csf": 0.26385002771218635,
  "icvs_gm": 0.3713737530800079,
  "icvs_wm": 0.3647762192078058,
  "inu_med": 0.4422699511051178,
  "inu_range": 0.24712687730789185,
  "provenance": {
    "md5sum": "a2e881e0754cc3b7b9b447956f17b3f2",
    "settings": {
      "testing": false
    },
    "software": "mriqc",
    "version": "23.1.0",
    "warnings": {
      "large_rot_frame": true,
      "small_air_mask": false
    }
  },
  "qi_1": 0.0,
  "qi_2": 0.00230776616548423,
  "rpve_csf": 7.01592569665654,
  "rpve_gm": 6.879315565661114,
  "rpve_wm": 6.9390650882613345,
  "size_x": 150,
  "size_y": 256,
  "size_z": 256,
  "snr_csf": 2.2754160772192837,
  "snr_gm": 7.598561081776884,
  "snr_total": 7.885009710917028,
  "snr_wm": 13.781051973754916,
  "snrd_csf": 31.856899896854365,
  "snrd_gm": 58.35261411897076,
  "snrd_total": 53.41773500835822,
  "snrd_wm": 70.04369100924954,
  "spacing_x": 1.2000012397766113,
  "spacing_y": 0.9375,
  "spacing_z": 0.9375,
  "summary_bg_k": 1749.589870937154,
  "summary_bg_mad": 0.0,
  "summary_bg_mean": 1.625945807403553,
  "summary_bg_median": 0.0,
  "summary_bg_n": 2341876.0,
  "summary_bg_p05": 0.0,
  "summary_bg_p95": 9.95813931711018,
  "summary_bg_stdv": 8.95029093035717,
  "summary_csf_k": -0.261107772311969,
  "summary_csf_mad": 167.684656867491,
  "summary_csf_mean": 449.8092407155137,
  "summary_csf_median": 435.22008884884417,
  "summary_csf_n": 366197.71754741564,
  "summary_csf_p05": 119.2896688953042,
  "summary_csf_p95": 781.0249267537147,
  "summary_csf_stdv": 191.27029072342694,
  "summary_gm_k": -0.3908999802226836,
  "summary_gm_mad": 64.72242273115342,
  "summary_gm_mean": 798.184430893276,
  "summary_gm_median": 797.1971530076116,
  "summary_gm_n": 515430.00360517,
  "summary_gm_p05": 621.6426969524473,
  "summary_gm_p95": 984.0877676587552,
  "summary_gm_stdv": 104.91412401579302,
  "summary_wm_k": -0.6217769339870864,
  "summary_wm_mad": 57.976488259472745,
  "summary_wm_mean": 943.0385180649554,
  "summary_wm_median": 956.9173875376582,
  "summary_wm_n": 506273.2797405145,
  "summary_wm_p05": 813.3173785340041,
  "summary_wm_p95": 1036.8685060758144,
  "summary_wm_stdv": 69.43711149913953,
  "tpm_overlap_csf": 0.19657402144816757,
  "tpm_overlap_gm": 0.529619828770122,
  "tpm_overlap_wm": 0.5588636125260028,
  "wm2max": 0.6885816385713484
}