{
  "bids_meta": {
    "InstitutionName": "HH",
    "dataset": "<unset>",
    "modality": "T1w",
    "subject_id": "0091"
  },
  "cjv": 0.7222648162054724,
  "cnr": 1.2890622922531612,
  "efc": 0.5560995390868274,
  "fber": -1.0,
  "fwhm_avg": 5.04353297428019,
  "fwhm_x": 4.287334922840569,
  "fwhm_y": 5.810442666666666,
  "fwhm_z": 5.032821333333334,
  "icvs_csf": 0.27622487507527865,
  "icvs_gm": 0.3615796285748668,
  "icvs_wm": 0.3621954963498545,
  "inu_med": 0.3548409640789032,
  "inu_range": 0.12284393757581713,
  "provenance": {
    "md5sum": "6cab6d30a8517c914c4fed3ae81a59d8",
    "settings": {
      "testing": false
    },
    "software": "mriqc",
    "version": "23.1.0",
    "warnings": {
      "large_rot_frame": true,
      "small_air_mask": false
    }
  },
  "qi_1": 0.0,
  "qi_2": 0.0003822934523519287,
  "rpve_csf": 8.88702381014699,
  "rpve_gm": 8.757814203256917,
  "rpve_wm": 8.807916407626573,
  "size_x": 150,
  "size_y": 256,
  "size_z": 256,
  "snr_csf": 1.9121813511899672,
  "snr_gm": 7.029372873091464,
  "snr_total": 7.817166484089043,
  "snr_wm": 14.509945227985698,
  "snrd_csf": 64.47021883893223,
  "snrd_gm": 134.86084193923725,
  "snrd_total": 120.96268994011496,
  "snrd_wm": 163.5570090421754,
  "spacing_x": 1.20000422000885,
  "spacing_y": 0.9375,
  "spacing_z": 0.9375,
  "summary_bg_k": 19.73313753620619,
  "summary_bg_mad": 0.0,
  "summary_bg_mean": 1.4924819627475712,
  "summary_bg_median": 0.0,
  "summary_bg_n": 3264907.0,
  "summary_bg_p05": 0.0,
  "summary_bg_p95": 9.378220055252314,
  "summary_bg_stdv": 3.8323002442947005,
  "summary_csf_k": -0.719105849613987,
  "summary_csf_mad": 160.49028349095866,
  "summary_csf_mean": 380.71198490720974,
  "summary_csf_median": 377.12640513665974,
  "summary_csf_n": 303698.2011207351,
  "summary_csf_p05": 49.961100563406944,
  "summary_csf_p95": 731.2488355189562,
  "summary_csf_stdv": 197.22281258070677,
  "summary_gm_k": -0.2764155314212986,
  "summary_gm_mad": 67.46328156069048,
  "summary_gm_mean": 788.2994867981923,
  "summary_gm_median": 788.8849368002266,
  "summary_gm_n": 397542.3383942672,
  "summary_gm_p05": 593.5193705819547,
  "summary_gm_p95": 982.4211192857474,
  "summary_gm_stdv": 112.22678876760767,
  "summary_wm_k": -0.5681511929464973,
  "summary_wm_mad": 53.777338582343376,
  "summary_wm_mean": 941.5900308598643,
  "summary_wm_median": 956.7466648295522,
  "summary_wm_n": 398219.4603780893,
  "summary_wm_p05": 815.3584324270487,
  "summary_wm_p95": 1027.524890627712,
  "summary_wm_stdv": 65.93722088646126,
  "tpm_overlap_csf": 0.16747727345328342,
  "tpm_overlap_gm": 0.5203532481062247,
  "tpm_overlap_wm": 0.554212235123504,
  "wm2max": 0.7755505556691893
}