{
  "bids_meta": {
    "InstitutionName": "HH",
    "dataset": "<unset>",
    "modality": "T1w",
    "subject_id": "0014"
  },
  "cjv": 0.6077437442939629,
  "cnr": 1.6987952621580211,
  "efc": 0.5469345125908449,
  "fber": -1.0,
  "fwhm_avg": 4.9265394045904465,
  "fwhm_x": 4.3260182137713405,
  "fwhm_y": 5.577002666666667,
  "fwhm_z": 4.876597333333334,
  "icvs_csf": 0.25171071898780545,
  "icvs_gm": 0.3914646594803274,
  "icvs_wm": 0.35682462153186717,
  "inu_med": 0.34200456738471985,
  "inu_range": 0.1498638242483139,
  "provenance": {
    "md5sum": "28f1cf99576dee02ebfb86a216a410cb",
    "settings": {
      "testing": false
    },
    "software": "mriqc",
    "version": "23.1.0",
    "warnings": {
      "large_rot_frame": true,
      "small_air_mask": false
    }
  },
  "qi_1": 0.0,
  "qi_2": 0.002220660756710718,
  "rpve_csf": 7.608539214470373,
  "rpve_gm": 7.516620412268646,
  "rpve_wm": 7.586618782683436,
  "size_x": 150,
  "size_y": 256,
  "size_z": 256,
  "snr_csf": 2.3330743507265477,
  "snr_gm": 8.896023050984292,
  "snr_total": 8.824824985066215,
  "snr_wm": 15.245377553487806,
  "snrd_csf": 92.08080456908863,
  "snrd_gm": 142.70692167556774,
  "snrd_total": 137.0362264358837,
  "snrd_wm": 176.32095306299473,
  "spacing_x": 1.1999995708465576,
  "spacing_y": 0.9375,
  "spacing_z": 0.9375,
  "summary_bg_k": 65.31335318383312,
  "summary_bg_mad": 0.0,
  "summary_bg_mean": 0.9402939572219199,
  "summary_bg_median": 0.0,
  "summary_bg_n": 3237000.0,
  "summary_bg_p05": 0.0,
  "summary_bg_p95": 7.043094215914607,
  "summary_bg_stdv": 3.584832636876271,
  "summary_csf_k": -0.34051719660872193,
  "summary_csf_mad": 157.97669162850164,
  "summary_csf_mean": 501.54725374648865,
  "summary_csf_median": 503.85579773783684,
  "summary_csf_n": 321591.65587402787,
  "summary_csf_p05": 104.23779439553618,
  "summary_csf_p95": 829.3899998869747,
  "summary_csf_stdv": 215.96183345040055,
  "summary_gm_k": -0.5153392890676285,
  "summary_gm_mad": 63.92693369506474,
  "summary_gm_mean": 785.5332077452175,
  "summary_gm_median": 780.876211931929,
  "summary_gm_n": 500144.64447396056,
  "summary_gm_p05": 644.431183308363,
  "summary_gm_p95": 950.5073455050588,
  "summary_gm_stdv": 87.77803596122216,
  "summary_wm_k": -0.37872300321832775,
  "summary_wm_mad": 47.85670783816585,
  "summary_wm_mean": 952.0875747043419,
  "summary_wm_median": 964.8084079977125,
  "summary_wm_n": 455887.7005973505,
  "summary_wm_p05": 826.9308856353164,
  "summary_wm_p95": 1035.716848069802,
  "summary_wm_stdv": 63.28523819417346,
  "tpm_overlap_csf": 0.20276704290641617,
  "tpm_overlap_gm": 0.541070410067756,
  "tpm_overlap_wm": 0.5556690840788351,
  "wm2max": 0.7605831414716857
}