{
  "bids_meta": {
    "InstitutionName": "HH",
    "dataset": "<unset>",
    "modality": "T1w",
    "subject_id": "0862"
  },
  "cjv": 0.6974101927070528,
  "cnr": 1.4244880638802444,
  "efc": 0.5588364647327585,
  "fber": -1.0,
  "fwhm_avg": 4.929007516031977,
  "fwhm_x": 4.3090705480959315,
  "fwhm_y": 5.6544,
  "fwhm_z": 4.823552,
  "icvs_csf": 0.2684140154961699,
  "icvs_gm": 0.3648117006166551,
  "icvs_wm": 0.36677428388717503,
  "inu_med": 0.3400704562664032,
  "inu_range": 0.1372932493686676,
  "provenance": {
    "md5sum": "e713969c0112e7a5211ae27f0315110c",
    "settings": {
      "testing": false
    },
    "software": "mriqc",
    "version": "23.1.0",
    "warnings": {
      "large_rot_frame": true,
      "small_air_mask": false
    }
  },
  "qi_1": 0.0,
  "qi_2": 0.0022695223860639364,
  "rpve_csf": 7.822216903569841,
  "rpve_gm": 7.719339226643738,
  "rpve_wm": 7.782712051939705,
  "size_x": 150,
  "size_y": 256,
  "size_z": 256,
  "snr_csf": 2.3434134232218824,
  "snr_gm": 7.613055404279515,
  "snr_total": 9.418569496892973,
  "snr_wm": 18.29923966317752,
  "snrd_csf": 46.372300851210326,
  "snrd_gm": 82.71987462806139,
  "snrd_total": 76.38826910409767,
  "snrd_wm": 100.07263183302129,
  "spacing_x": 1.2000012397766113,
  "spacing_y": 0.9375,
  "spacing_z": 0.9375,
  "summary_bg_k": 20.722496576835084,
  "summary_bg_mad": 0.0,
  "summary_bg_mean": 2.3877969066847418,
  "summary_bg_median": 0.0,
  "summary_bg_n": 2890084.0,
  "summary_bg_p05": 0.0,
  "summary_bg_p95": 15.57425963692367,
  "summary_bg_stdv": 6.381161482793022,
  "summary_csf_k": -0.22421159133565816,
  "summary_csf_mad": 158.6198037444094,
  "summary_csf_mean": 461.4224074347551,
  "summary_csf_median": 451.6756206192076,
  "summary_csf_n": 334345.8924827238,
  "summary_csf_p05": 126.62646275013685,
  "summary_csf_p95": 794.4418795220554,
  "summary_csf_stdv": 192.742322238691,
  "summary_gm_k": -0.5223123801257419,
  "summary_gm_mad": 72.35001991976056,
  "summary_gm_mean": 804.5219202359256,
  "summary_gm_median": 805.7083652168512,
  "summary_gm_n": 454422.2230919841,
  "summary_gm_p05": 622.329742172733,
  "summary_gm_p95": 989.550902377814,
  "summary_gm_stdv": 105.83234140709223,
  "summary_wm_k": -0.5561026232811828,
  "summary_wm_mad": 45.525816065399354,
  "summary_wm_mean": 964.7173663717082,
  "summary_wm_median": 974.7277417872101,
  "summary_wm_n": 456866.88550627977,
  "summary_wm_p05": 861.5989707224071,
  "summary_wm_p95": 1036.119043249637,
  "summary_wm_stdv": 53.26596585297247,
  "tpm_overlap_csf": 0.19396228567076834,
  "tpm_overlap_gm": 0.5141017165031734,
  "tpm_overlap_wm": 0.557027851063723,
  "wm2max": 0.7840325532633224
}