{
  "bids_meta": {
    "InstitutionName": "HH",
    "dataset": "<unset>",
    "modality": "T1w",
    "subject_id": "0437"
  },
  "cjv": 0.6399354803209474,
  "cnr": 1.5115530936055634,
  "efc": 0.6028117446473236,
  "fber": -1.0,
  "fwhm_avg": 4.904001735429103,
  "fwhm_x": 4.062384241132931,
  "fwhm_y": 5.7909542984877085,
  "fwhm_z": 4.858666666666666,
  "icvs_csf": 0.26604952541459137,
  "icvs_gm": 0.3735409405931985,
  "icvs_wm": 0.36040953399221004,
  "inu_med": 0.36451131105422974,
  "inu_range": 0.15119366645812982,
  "provenance": {
    "md5sum": "798fea608b636803be5b95f29d59429d",
    "settings": {
      "testing": false
    },
    "software": "mriqc",
    "version": "23.1.0",
    "warnings": {
      "large_rot_frame": true,
      "small_air_mask": false
    }
  },
  "qi_1": 0.0,
  "qi_2": 0.0024341027510788194,
  "rpve_csf": 7.0040982489624115,
  "rpve_gm": 6.900654795744447,
  "rpve_wm": 6.965532053367291,
  "size_x": 150,
  "size_y": 256,
  "size_z": 256,
  "snr_csf": 2.039438802686986,
  "snr_gm": 7.451215792089742,
  "snr_total": 8.45046431247025,
  "snr_wm": 15.860738342634022,
  "snrd_csf": 87.92396627335378,
  "snrd_gm": 157.37204344378267,
  "snrd_total": 146.52896583936686,
  "snrd_wm": 194.29088780096413,
  "spacing_x": 1.2000021934509277,
  "spacing_y": 0.9375000596046448,
  "spacing_z": 0.9375,
  "summary_bg_k": 27.61438374787966,
  "summary_bg_mad": 0.0,
  "summary_bg_mean": 1.0822253567478597,
  "summary_bg_median": 0.0,
  "summary_bg_n": 2972445.0,
  "summary_bg_p05": 0.0,
  "summary_bg_p95": 8.168902302160859,
  "summary_bg_stdv": 3.259309176915168,
  "summary_csf_k": -0.5032246751923952,
  "summary_csf_mad": 166.98925970378073,
  "summary_csf_mean": 439.40904821205095,
  "summary_csf_median": 437.4224820137024,
  "summary_csf_n": 369505.011769495,
  "summary_csf_p05": 57.04187653400004,
  "summary_csf_p95": 791.0259406920522,
  "summary_csf_stdv": 214.48149830908346,
  "summary_gm_k": -0.3174989079764532,
  "summary_gm_mad": 67.98253527840949,
  "summary_gm_mean": 785.4084798515657,
  "summary_gm_median": 782.9272581804544,
  "summary_gm_n": 518795.3236721244,
  "summary_gm_p05": 605.8563529774547,
  "summary_gm_p95": 976.0316822286695,
  "summary_gm_stdv": 105.07365850932607,
  "summary_wm_k": -0.4867563791207634,
  "summary_wm_mad": 49.555416221321465,
  "summary_wm_mean": 953.3984180688163,
  "summary_wm_median": 966.5988236963749,
  "summary_wm_n": 500557.6645630278,
  "summary_wm_p05": 833.2748480141163,
  "summary_wm_p95": 1031.4585035797209,
  "summary_wm_stdv": 60.94280337351678,
  "tpm_overlap_csf": 0.19969531336749557,
  "tpm_overlap_gm": 0.5114071314025034,
  "tpm_overlap_wm": 0.554568494329292,
  "wm2max": 0.7360091252584302
}