{
  "bids_meta": {
    "InstitutionName": "HH",
    "dataset": "<unset>",
    "modality": "T1w",
    "subject_id": "0642"
  },
  "cjv": 0.6367308885258434,
  "cnr": 1.5481701350986738,
  "efc": 0.6025878303700727,
  "fber": -1.0,
  "fwhm_avg": 4.8184342120630745,
  "fwhm_x": 4.130331655063989,
  "fwhm_y": 5.3789653333333325,
  "fwhm_z": 4.946005647791903,
  "icvs_csf": 0.24908164956751813,
  "icvs_gm": 0.3880647234176303,
  "icvs_wm": 0.3628536270148515,
  "inu_med": 0.34903813898563385,
  "inu_range": 0.15388499498367308,
  "provenance": {
    "md5sum": "9389a6b88b1c5425872bf2408386f4d9",
    "settings": {
      "testing": false
    },
    "software": "mriqc",
    "version": "23.1.0",
    "warnings": {
      "large_rot_frame": true,
      "small_air_mask": false
    }
  },
  "qi_1": 0.0,
  "qi_2": 0.0016605562689501671,
  "rpve_csf": 6.4198920630694065,
  "rpve_gm": 6.31988161774811,
  "rpve_wm": 6.400617681276823,
  "size_x": 150,
  "size_y": 256,
  "size_z": 256,
  "snr_csf": 2.7579353404490377,
  "snr_gm": 8.70470846128803,
  "snr_total": 9.034350412499839,
  "snr_wm": 15.64040743576245,
  "snrd_csf": 65.80725540976033,
  "snrd_gm": 93.28453724981826,
  "snrd_total": 90.81002982630243,
  "snrd_wm": 113.3382968193287,
  "spacing_x": 1.200002908706665,
  "spacing_y": 0.9375,
  "spacing_z": 0.9374999403953552,
  "summary_bg_k": 1004.9094599495404,
  "summary_bg_mad": 0.0,
  "summary_bg_mean": 1.353460082640224,
  "summary_bg_median": 0.0,
  "summary_bg_n": 2565924.0,
  "summary_bg_p05": 0.0,
  "summary_bg_p95": 8.908353455364704,
  "summary_bg_stdv": 5.566908605192327,
  "summary_csf_k": 0.4196997292115161,
  "summary_csf_mad": 132.4443717882658,
  "summary_csf_mean": 552.3217810001718,
  "summary_csf_median": 559.1858068406582,
  "summary_csf_n": 375518.48412700184,
  "summary_csf_p05": 190.65867087990046,
  "summary_csf_p95": 855.5751867480576,
  "summary_csf_stdv": 202.7549573361199,
  "summary_gm_k": -0.5046465484534899,
  "summary_gm_mad": 61.61061306027964,
  "summary_gm_mean": 795.3630967876607,
  "summary_gm_median": 792.6692718453705,
  "summary_gm_n": 585051.0342049554,
  "summary_gm_p05": 645.7312071695924,
  "summary_gm_p95": 963.8689136691391,
  "summary_gm_stdv": 91.06204968658817,
  "summary_wm_k": -0.28997169776134024,
  "summary_wm_mad": 46.89047257462001,
  "summary_wm_mean": 951.1501043976546,
  "summary_wm_median": 963.0726362653077,
  "summary_wm_n": 547042.4827087324,
  "summary_wm_p05": 830.0694261565804,
  "summary_wm_p95": 1033.4187681600451,
  "summary_wm_stdv": 61.575873900115255,
  "tpm_overlap_csf": 0.22616634470657296,
  "tpm_overlap_gm": 0.5287036031306614,
  "tpm_overlap_wm": 0.553276443916008,
  "wm2max": 0.7349796474843712
}