{
  "bids_meta": {
    "InstitutionName": "HH",
    "dataset": "<unset>",
    "modality": "T1w",
    "subject_id": "0527"
  },
  "cjv": 0.6265217963974155,
  "cnr": 1.5710192003592245,
  "efc": 0.6362185959898989,
  "fber": -1.0,
  "fwhm_avg": 5.281679065913623,
  "fwhm_x": 4.5347865310742,
  "fwhm_y": 6.059552,
  "fwhm_z": 5.250698666666667,
  "icvs_csf": 0.25948447096498845,
  "icvs_gm": 0.38106958156622917,
  "icvs_wm": 0.35944594746878233,
  "inu_med": 0.36886200308799744,
  "inu_range": 0.185401839017868,
  "provenance": {
    "md5sum": "1fba2dafd83935dce53ceef5121903f0",
    "settings": {
      "testing": false
    },
    "software": "mriqc",
    "version": "23.1.0",
    "warnings": {
      "large_rot_frame": true,
      "small_air_mask": false
    }
  },
  "qi_1": 0.0,
  "qi_2": 0.0022445929327944403,
  "rpve_csf": 6.165060544275028,
  "rpve_gm": 6.06987270995068,
  "rpve_wm": 6.136090783899301,
  "size_x": 150,
  "size_y": 256,
  "size_z": 256,
  "snr_csf": 2.0683243324815384,
  "snr_gm": 8.096622052537633,
  "snr_total": 9.17065341576067,
  "snr_wm": 17.34701386226284,
  "snrd_csf": 108.82399707404305,
  "snrd_gm": 184.30578968099886,
  "snrd_total": 172.87681289862124,
  "snrd_wm": 225.50065194082185,
  "spacing_x": 1.2000013589859009,
  "spacing_y": 0.9375,
  "spacing_z": 0.9375,
  "summary_bg_k": 45.33111831197254,
  "summary_bg_mad": 0.0,
  "summary_bg_mean": 0.7988233164153551,
  "summary_bg_median": 0.0,
  "summary_bg_n": 2568011.0,
  "summary_bg_p05": 0.0,
  "summary_bg_p95": 5.684620421379805,
  "summary_bg_stdv": 2.826070070515521,
  "summary_csf_k": -0.7069120419502037,
  "summary_csf_mad": 173.4096210115907,
  "summary_csf_mean": 464.7379081394919,
  "summary_csf_median": 469.4354352541268,
  "summary_csf_n": 408539.3571888823,
  "summary_csf_p05": 69.876703992486,
  "summary_csf_p95": 823.4133744612336,
  "summary_csf_stdv": 226.96385346950544,
  "summary_gm_k": -0.42148734300092716,
  "summary_gm_mad": 66.80850023881968,
  "summary_gm_mean": 797.3123498636556,
  "summary_gm_median": 795.0421866960824,
  "summary_gm_n": 599966.2381272495,
  "summary_gm_p05": 631.7456247285008,
  "summary_gm_p95": 977.1317403763533,
  "summary_gm_stdv": 98.19422457470236,
  "summary_wm_k": -0.4030538172851994,
  "summary_wm_mad": 44.52617210617187,
  "summary_wm_mean": 961.2297428616665,
  "summary_wm_median": 972.7449784986675,
  "summary_wm_n": 565921.4047643678,
  "summary_wm_p05": 849.6560742147267,
  "summary_wm_p95": 1033.7962443940341,
  "summary_wm_stdv": 56.07559472698224,
  "tpm_overlap_csf": 0.18397092939743565,
  "tpm_overlap_gm": 0.5273534167351075,
  "tpm_overlap_wm": 0.5435900771380672,
  "wm2max": 0.7127261732383346
}