{
  "bids_meta": {
    "InstitutionName": "HH",
    "dataset": "<unset>",
    "modality": "T1w",
    "subject_id": "0186"
  },
  "cjv": 0.7693526912691141,
  "cnr": 1.1814878690823667,
  "efc": 0.5428621228002776,
  "fber": -1.0,
  "fwhm_avg": 4.957014037127029,
  "fwhm_x": 4.412962111381086,
  "fwhm_y": 5.534912,
  "fwhm_z": 4.923168,
  "icvs_csf": 0.2701258202787581,
  "icvs_gm": 0.36427483190218785,
  "icvs_wm": 0.36559934781905395,
  "inu_med": 0.43119460344314575,
  "inu_range": 0.21584662497043605,
  "provenance": {
    "md5sum": "6a556f8273d0aed8b6bb3830258ba095",
    "settings": {
      "testing": false
    },
    "software": "mriqc",
    "version": "23.1.0",
    "warnings": {
      "large_rot_frame": true,
      "small_air_mask": false
    }
  },
  "qi_1": 0.0,
  "qi_2": 0.0024712310835601553,
  "rpve_csf": 8.02686008993871,
  "rpve_gm": 7.876912279808694,
  "rpve_wm": 7.939605977790901,
  "size_x": 150,
  "size_y": 256,
  "size_z": 256,
  "snr_csf": 2.342685975144807,
  "snr_gm": 6.553373515573363,
  "snr_total": 7.029601643691701,
  "snr_wm": 12.192745440356932,
  "snrd_csf": 59.62519122373201,
  "snrd_gm": 112.20812078999558,
  "snrd_total": 102.73924564095569,
  "snrd_wm": 136.3844249091395,
  "spacing_x": 1.2000035047531128,
  "spacing_y": 0.9375,
  "spacing_z": 0.9375,
  "summary_bg_k": 216.07550709995127,
  "summary_bg_mad": 0.0,
  "summary_bg_mean": 1.4166052796756616,
  "summary_bg_median": 0.0,
  "summary_bg_n": 2690168.0,
  "summary_bg_p05": 0.0,
  "summary_bg_p95": 9.607964918017387,
  "summary_bg_stdv": 4.5987830359355835,
  "summary_csf_k": 0.03336274713049647,
  "summary_csf_mad": 140.307492152219,
  "summary_csf_mean": 433.4351318885289,
  "summary_csf_median": 418.54386035352945,
  "summary_csf_n": 328013.513677238,
  "summary_csf_p05": 122.38954275101423,
  "summary_csf_p95": 757.2868514657021,
  "summary_csf_stdv": 178.6595501043542,
  "summary_gm_k": -0.1124934461434468,
  "summary_gm_mad": 64.65510948203253,
  "summary_gm_mean": 785.9594912768608,
  "summary_gm_median": 787.6539944708347,
  "summary_gm_n": 442338.5644257051,
  "summary_gm_p05": 577.3241925090551,
  "summary_gm_p95": 994.6732800230384,
  "summary_gm_stdv": 120.19047934155327,
  "summary_wm_k": -0.7743847755192226,
  "summary_wm_mad": 65.90983192631855,
  "summary_wm_mean": 936.791578060351,
  "summary_wm_median": 957.3615198880434,
  "summary_wm_n": 443946.92278020945,
  "summary_wm_p05": 792.0348282158375,
  "summary_wm_p95": 1037.212171331048,
  "summary_wm_stdv": 78.51885749045003,
  "tpm_overlap_csf": 0.18516516850560652,
  "tpm_overlap_gm": 0.5220843474508191,
  "tpm_overlap_wm": 0.5410557037257534,
  "wm2max": 0.714551109163549
}