{
  "bids_meta": {
    "InstitutionName": "HH",
    "dataset": "<unset>",
    "modality": "T1w",
    "subject_id": "0698"
  },
  "cjv": 0.7768052086224644,
  "cnr": 1.3261745443638455,
  "efc": 0.6161688352982695,
  "fber": 28481.698601134212,
  "fwhm_avg": 5.647039769539336,
  "fwhm_x": 4.971199308618006,
  "fwhm_y": 6.498272,
  "fwhm_z": 5.471648,
  "icvs_csf": 0.26808301426820674,
  "icvs_gm": 0.3659717192458214,
  "icvs_wm": 0.36594526648597187,
  "inu_med": 0.4192504584789276,
  "inu_range": 0.1937256217002869,
  "provenance": {
    "md5sum": "20f4e81cc630c581855a1531d7840f05",
    "settings": {
      "testing": false
    },
    "software": "mriqc",
    "version": "23.1.0",
    "warnings": {
      "large_rot_frame": true,
      "small_air_mask": false
    }
  },
  "qi_1": 0.0,
  "qi_2": 0.0020221631118293323,
  "rpve_csf": 6.77215863860538,
  "rpve_gm": 6.65762247330091,
  "rpve_wm": 6.724842139313718,
  "size_x": 150,
  "size_y": 256,
  "size_z": 256,
  "snr_csf": 2.2059780431078835,
  "snr_gm": 6.893635796256643,
  "snr_total": 8.188906778573683,
  "snr_wm": 15.467106496356523,
  "snrd_csf": 32.15117302832849,
  "snrd_gm": 57.81483273308736,
  "snrd_total": 53.4898238507076,
  "snrd_wm": 70.50346579070697,
  "spacing_x": 1.2000001668930054,
  "spacing_y": 0.9375,
  "spacing_z": 0.9375,
  "summary_bg_k": 15.815118810723899,
  "summary_bg_mad": 0.0,
  "summary_bg_mean": 3.4788641910912967,
  "summary_bg_median": 0.0,
  "summary_bg_n": 2639900.0,
  "summary_bg_p05": 0.0,
  "summary_bg_p95": 22.99976130388677,
  "summary_bg_stdv": 8.960027177325838,
  "summary_csf_k": -0.5787924565001421,
  "summary_csf_mad": 165.11521821076803,
  "summary_csf_mean": 445.2225886179173,
  "summary_csf_median": 439.7181779500097,
  "summary_csf_n": 384884.9073915243,
  "summary_csf_p05": 110.89085330627859,
  "summary_csf_p95": 783.4248912669718,
  "summary_csf_stdv": 199.33000153383662,
  "summary_gm_k": -0.48350320950246495,
  "summary_gm_mad": 80.23827674578605,
  "summary_gm_mean": 791.0577570839675,
  "summary_gm_median": 790.7093431856483,
  "summary_gm_n": 525423.0360485386,
  "summary_gm_p05": 600.0955374054611,
  "summary_gm_p95": 987.5567291323096,
  "summary_gm_stdv": 114.70124243645891,
  "summary_wm_k": -0.374697888965732,
  "summary_wm_mad": 54.56627734565592,
  "summary_wm_mean": 956.4829453238568,
  "summary_wm_median": 964.2464829925448,
  "summary_wm_n": 525385.0580063537,
  "summary_wm_p05": 842.1304086968303,
  "summary_wm_p95": 1047.2653514165431,
  "summary_wm_stdv": 62.34169044884476,
  "tpm_overlap_csf": 0.1782565665014628,
  "tpm_overlap_gm": 0.5296758938816801,
  "tpm_overlap_wm": 0.5441391270399479,
  "wm2max": 0.7774983170780969
}