{
  "bids_meta": {
    "InstitutionName": "HH",
    "dataset": "<unset>",
    "modality": "T1w",
    "subject_id": "1125"
  },
  "cjv": 0.6399721806499001,
  "cnr": 1.6596438316752324,
  "efc": 0.6540221818738728,
  "fber": -1.0,
  "fwhm_avg": 5.111225139582168,
  "fwhm_x": 4.240715418746504,
  "fwhm_y": 6.0851093333333335,
  "fwhm_z": 5.007850666666667,
  "icvs_csf": 0.2624275655208955,
  "icvs_gm": 0.38119603743267605,
  "icvs_wm": 0.3563763970464284,
  "inu_med": 0.3680642545223236,
  "inu_range": 0.18937099575996402,
  "provenance": {
    "md5sum": "712f26ce919da203a47c07778d4f6ade",
    "settings": {
      "testing": false
    },
    "software": "mriqc",
    "version": "23.1.0",
    "warnings": {
      "large_rot_frame": true,
      "small_air_mask": false
    }
  },
  "qi_1": 0.0,
  "qi_2": 0.001067452130585162,
  "rpve_csf": 6.58272216896722,
  "rpve_gm": 6.501113499637735,
  "rpve_wm": 6.581305254969869,
  "size_x": 150,
  "size_y": 256,
  "size_z": 256,
  "snr_csf": 2.3922997619119375,
  "snr_gm": 7.950647643272989,
  "snr_total": 9.353076216215436,
  "snr_wm": 17.716281243461385,
  "snrd_csf": 82.19240964736407,
  "snrd_gm": 125.01399102437773,
  "snrd_total": 120.69959003228708,
  "snrd_wm": 154.89236942511943,
  "spacing_x": 1.1999956369400024,
  "spacing_y": 0.9375,
  "spacing_z": 0.9375,
  "summary_bg_k": 34.00768356742212,
  "summary_bg_mad": 0.0,
  "summary_bg_mean": 1.1223576344934643,
  "summary_bg_median": 0.0,
  "summary_bg_n": 3229500.0,
  "summary_bg_p05": 0.0,
  "summary_bg_p95": 9.069258300587535,
  "summary_bg_stdv": 4.105896096655758,
  "summary_csf_k": -0.15456657129567253,
  "summary_csf_mad": 146.19515663605887,
  "summary_csf_mean": 506.7325733435366,
  "summary_csf_median": 515.1194376405329,
  "summary_csf_n": 386315.6831553229,
  "summary_csf_p05": 107.72450575605035,
  "summary_csf_p95": 834.9250605795532,
  "summary_csf_stdv": 215.3236726991577,
  "summary_gm_k": -0.6567389233936343,
  "summary_gm_mad": 73.61473610559294,
  "summary_gm_mean": 786.0870126012669,
  "summary_gm_median": 783.4925028961152,
  "summary_gm_n": 561152.9692949909,
  "summary_gm_p05": 624.0708191879094,
  "summary_gm_p95": 964.9738944601268,
  "summary_gm_stdv": 98.5444003985204,
  "summary_wm_k": -0.34001193632892557,
  "summary_wm_mad": 46.22320639188394,
  "summary_wm_mean": 962.2985929051373,
  "summary_wm_median": 970.7474275957793,
  "summary_wm_n": 524616.348942434,
  "summary_wm_p05": 857.3456142563373,
  "summary_wm_p95": 1037.624186417088,
  "summary_wm_stdv": 54.7940331866291,
  "tpm_overlap_csf": 0.20487915802737788,
  "tpm_overlap_gm": 0.5224247311535425,
  "tpm_overlap_wm": 0.5444338844873872,
  "wm2max": 0.8486827902796489
}