{
  "bids_meta": {
    "InstitutionName": "HH",
    "dataset": "<unset>",
    "modality": "T1w",
    "subject_id": "0880"
  },
  "cjv": 0.682239112091049,
  "cnr": 1.4939689802060754,
  "efc": 0.5900262226995536,
  "fber": -1.0,
  "fwhm_avg": 5.030365871304023,
  "fwhm_x": 4.387716595522834,
  "fwhm_y": 5.749738666666667,
  "fwhm_z": 4.953642351722568,
  "icvs_csf": 0.2681941472944526,
  "icvs_gm": 0.37322317077566863,
  "icvs_wm": 0.35858268192987874,
  "inu_med": 0.3809165954589844,
  "inu_range": 0.17626879811286927,
  "provenance": {
    "md5sum": "7f1f728f16a18b78b5070238f6655e00",
    "settings": {
      "testing": false
    },
    "software": "mriqc",
    "version": "23.1.0",
    "warnings": {
      "large_rot_frame": true,
      "small_air_mask": false
    }
  },
  "qi_1": 0.0,
  "qi_2": 0.0004201680426650085,
  "rpve_csf": 7.118073911229831,
  "rpve_gm": 7.013270136422684,
  "rpve_wm": 7.074200337016416,
  "size_x": 150,
  "size_y": 256,
  "size_z": 256,
  "snr_csf": 2.114002834518284,
  "snr_gm": 7.735170824711409,
  "snr_total": 8.653601535038353,
  "snr_wm": 16.111630945885363,
  "snrd_csf": 62.129205732168344,
  "snrd_gm": 113.77069706629786,
  "snrd_total": 105.0590602862768,
  "snrd_wm": 139.27727806036418,
  "spacing_x": 1.2000045776367188,
  "spacing_y": 0.9375,
  "spacing_z": 0.9375000596046448,
  "summary_bg_k": 775.8991366018464,
  "summary_bg_mad": 0.0,
  "summary_bg_mean": 1.3614663916302385,
  "summary_bg_median": 0.0,
  "summary_bg_n": 2659369.0,
  "summary_bg_p05": 0.0,
  "summary_bg_p95": 9.196490954607725,
  "summary_bg_stdv": 4.547557684139411,
  "summary_csf_k": -0.4892521265872922,
  "summary_csf_mad": 167.27495511120395,
  "summary_csf_mean": 438.07496109440723,
  "summary_csf_median": 431.2630880177021,
  "summary_csf_n": 366882.3523900645,
  "summary_csf_p05": 78.00817530602217,
  "summary_csf_p95": 784.3435415513813,
  "summary_csf_stdv": 204.00280133743183,
  "summary_gm_k": -0.4832151800697204,
  "summary_gm_mad": 71.16668070337504,
  "summary_gm_mean": 789.7859780030741,
  "summary_gm_median": 789.7268533296883,
  "summary_gm_n": 510559.22078090906,
  "summary_gm_p05": 616.9624216295779,
  "summary_gm_p95": 973.5320587232709,
  "summary_gm_stdv": 102.09549314831011,
  "summary_wm_k": -0.5687461512548477,
  "summary_wm_mad": 49.62453384456525,
  "summary_wm_mean": 953.8082442548562,
  "summary_wm_median": 966.7779962606728,
  "summary_wm_n": 490531.4273257944,
  "summary_wm_p05": 837.5535908415914,
  "summary_wm_p95": 1031.9509606137872,
  "summary_wm_stdv": 60.00491285257893,
  "tpm_overlap_csf": 0.18432525542214503,
  "tpm_overlap_gm": 0.5260304815640756,
  "tpm_overlap_wm": 0.5656119649649775,
  "wm2max": 0.7284038177929157
}