{
  "bids_meta": {
    "InstitutionName": "HH",
    "dataset": "<unset>",
    "modality": "T1w",
    "subject_id": "0834"
  },
  "cjv": 0.7721483097311317,
  "cnr": 1.1709165290477648,
  "efc": 0.67601792912728,
  "fber": 47685.61865569273,
  "fwhm_avg": 5.041484903198495,
  "fwhm_x": 4.342588042928819,
  "fwhm_y": 5.87312,
  "fwhm_z": 4.9087466666666675,
  "icvs_csf": 0.26176947225174146,
  "icvs_gm": 0.36607736824717974,
  "icvs_wm": 0.3721531595010788,
  "inu_med": 0.4145195782184601,
  "inu_range": 0.23140656352043154,
  "provenance": {
    "md5sum": "7159ee92b097f6580d077e72c74084ca",
    "settings": {
      "testing": false
    },
    "software": "mriqc",
    "version": "23.1.0",
    "warnings": {
      "large_rot_frame": true,
      "small_air_mask": false
    }
  },
  "qi_1": 0.0,
  "qi_2": 0.0010446036687067394,
  "rpve_csf": 6.409082946932463,
  "rpve_gm": 6.259922103000662,
  "rpve_wm": 6.318576780648677,
  "size_x": 150,
  "size_y": 256,
  "size_z": 256,
  "snr_csf": 2.441939324320736,
  "snr_gm": 7.258276305036128,
  "snr_total": 7.558906055726112,
  "snr_wm": 12.976502537821471,
  "snrd_csf": 21.17313547652398,
  "snrd_gm": 39.149143168287864,
  "snrd_total": 35.70221009315584,
  "snrd_wm": 46.78435163465568,
  "spacing_x": 1.2000010013580322,
  "spacing_y": 0.9375,
  "spacing_z": 0.9375,
  "summary_bg_k": 1199.2269285622265,
  "summary_bg_mad": 0.0,
  "summary_bg_mean": 1.4091991355764149,
  "summary_bg_median": 0.0,
  "summary_bg_n": 3037462.0,
  "summary_bg_p05": 0.0,
  "summary_bg_p95": 8.263618117198348,
  "summary_bg_stdv": 13.426981524610758,
  "summary_csf_k": 0.08682041963454656,
  "summary_csf_mad": 145.7211402504721,
  "summary_csf_mean": 455.3863209216641,
  "summary_csf_median": 433.94215137697756,
  "summary_csf_n": 397489.8761072191,
  "summary_csf_p05": 163.31595805473626,
  "summary_csf_p95": 776.8385031446815,
  "summary_csf_stdv": 177.70368051395198,
  "summary_gm_k": 0.10219592230504526,
  "summary_gm_mad": 59.743069977911915,
  "summary_gm_mean": 803.8466656570555,
  "summary_gm_median": 802.3593590967357,
  "summary_gm_n": 555878.59997017,
  "summary_gm_p05": 614.5737473946065,
  "summary_gm_p95": 997.0069858431816,
  "summary_gm_stdv": 110.54396438944197,
  "summary_wm_k": -0.4781702456747676,
  "summary_wm_mad": 61.08512444843022,
  "summary_wm_mean": 944.1275517815257,
  "summary_wm_median": 958.8425021711737,
  "summary_wm_n": 565104.5249490885,
  "summary_wm_p05": 807.527770427987,
  "summary_wm_p95": 1044.165089232847,
  "summary_wm_stdv": 73.89060734970064,
  "tpm_overlap_csf": 0.20317199675349276,
  "tpm_overlap_gm": 0.5155483285880397,
  "tpm_overlap_wm": 0.5637614195111063,
  "wm2max": 0.5856220573548295
}