{
  "bids_meta": {
    "InstitutionName": "HH",
    "dataset": "<unset>",
    "modality": "T1w",
    "subject_id": "0621"
  },
  "cjv": 0.6509279900416938,
  "cnr": 1.4571297785033293,
  "efc": 0.6097720580334784,
  "fber": -1.0,
  "fwhm_avg": 5.2762248923901005,
  "fwhm_x": 4.722253343836966,
  "fwhm_y": 5.9093333333333335,
  "fwhm_z": 5.197088,
  "icvs_csf": 0.2717500077688781,
  "icvs_gm": 0.3722086727234519,
  "icvs_wm": 0.35604131950766993,
  "inu_med": 0.41065001487731934,
  "inu_range": 0.21614114642143245,
  "provenance": {
    "md5sum": "c44f233ae875e98828498ad0a5528977",
    "settings": {
      "testing": false
    },
    "software": "mriqc",
    "version": "23.1.0",
    "warnings": {
      "large_rot_frame": true,
      "small_air_mask": false
    }
  },
  "qi_1": 0.0,
  "qi_2": 0.0011042759470815719,
  "rpve_csf": 6.640325111507351,
  "rpve_gm": 6.523395115437974,
  "rpve_wm": 6.589428374995924,
  "size_x": 150,
  "size_y": 256,
  "size_z": 256,
  "snr_csf": 2.280208997776928,
  "snr_gm": 7.062937273618217,
  "snr_total": 7.696532137180699,
  "snr_wm": 13.74645014014695,
  "snrd_csf": 70.9500221559043,
  "snrd_gm": 128.48445973573584,
  "snrd_total": 119.80001632745939,
  "snrd_wm": 159.96556709073803,
  "spacing_x": 1.2000033855438232,
  "spacing_y": 0.9375,
  "spacing_z": 0.9375,
  "summary_bg_k": 180.4326596719807,
  "summary_bg_mad": 0.0,
  "summary_bg_mean": 1.1240675062942285,
  "summary_bg_median": 0.0,
  "summary_bg_n": 2725588.0,
  "summary_bg_p05": 0.0,
  "summary_bg_p95": 8.729487990960479,
  "summary_bg_stdv": 3.9241702135943544,
  "summary_csf_k": -0.28065923533025305,
  "summary_csf_mad": 155.8017028291928,
  "summary_csf_mean": 438.90525136620596,
  "summary_csf_median": 424.9801470320672,
  "summary_csf_n": 397948.80941618804,
  "summary_csf_p05": 129.73913530260324,
  "summary_csf_p95": 763.1518079135567,
  "summary_csf_stdv": 186.37748271440338,
  "summary_gm_k": -0.29619382738878564,
  "summary_gm_mad": 68.73492906788506,
  "summary_gm_mean": 772.5900756814464,
  "summary_gm_median": 769.602925138548,
  "summary_gm_n": 545059.7752720307,
  "summary_gm_p05": 590.2004270721227,
  "summary_gm_p95": 972.6595196966082,
  "summary_gm_stdv": 108.96347926415501,
  "summary_wm_k": -0.5473358992645241,
  "summary_wm_mad": 54.008726705466835,
  "summary_wm_mean": 939.9429337103326,
  "summary_wm_median": 958.1701056119055,
  "summary_wm_n": 521384.41637708887,
  "summary_wm_p05": 801.9609099496156,
  "summary_wm_p95": 1026.0604345034808,
  "summary_wm_stdv": 69.70302710676104,
  "tpm_overlap_csf": 0.18440465676150886,
  "tpm_overlap_gm": 0.521510341633811,
  "tpm_overlap_wm": 0.5483051931659323,
  "wm2max": 0.7402477637685452
}