{
  "bids_meta": {
    "InstitutionName": "HH",
    "dataset": "<unset>",
    "modality": "T1w",
    "subject_id": "0432"
  },
  "cjv": 0.6719901857175716,
  "cnr": 1.5909866784472877,
  "efc": 0.6437025138303327,
  "fber": -1.0,
  "fwhm_avg": 5.1956498640227124,
  "fwhm_x": 4.483429592068139,
  "fwhm_y": 6.018506666666667,
  "fwhm_z": 5.085013333333333,
  "icvs_csf": 0.25511452948016355,
  "icvs_gm": 0.3795044905459082,
  "icvs_wm": 0.3653809799739284,
  "inu_med": 0.32196398079395294,
  "inu_range": 0.15308824628591539,
  "provenance": {
    "md5sum": "1253659ad4a220ffe4a0c8904e26477c",
    "settings": {
      "testing": false
    },
    "software": "mriqc",
    "version": "23.1.0",
    "warnings": {
      "large_rot_frame": true,
      "small_air_mask": false
    }
  },
  "qi_1": 0.0,
  "qi_2": 0.0011123214648206432,
  "rpve_csf": 6.013400233009533,
  "rpve_gm": 5.926301044412716,
  "rpve_wm": 5.994230120072683,
  "size_x": 150,
  "size_y": 256,
  "size_z": 256,
  "snr_csf": 2.358518174243307,
  "snr_gm": 8.82192300380847,
  "snr_total": 10.2437318226494,
  "snr_wm": 19.550754289896418,
  "snrd_csf": 91.7093705870738,
  "snrd_gm": 144.6208738274586,
  "snrd_total": 136.88651131856886,
  "snrd_wm": 174.32928954117418,
  "spacing_x": 1.2000010013580322,
  "spacing_y": 0.9375,
  "spacing_z": 0.9375,
  "summary_bg_k": 40.676806108121994,
  "summary_bg_mad": 0.0,
  "summary_bg_mean": 1.0115135225283813,
  "summary_bg_median": 0.0,
  "summary_bg_n": 3283738.0,
  "summary_bg_p05": 0.0,
  "summary_bg_p95": 8.21499216556549,
  "summary_bg_stdv": 3.6447158525859247,
  "summary_csf_k": -0.34085414805975045,
  "summary_csf_mad": 164.6097998404963,
  "summary_csf_mean": 506.45788079421015,
  "summary_csf_median": 510.20611403882504,
  "summary_csf_n": 411442.08043381316,
  "summary_csf_p05": 117.46436968445778,
  "summary_csf_p95": 842.9132967442274,
  "summary_csf_stdv": 216.32459719346667,
  "summary_gm_k": -0.6287711774414859,
  "summary_gm_mad": 67.91593140272225,
  "summary_gm_mean": 807.2744802526734,
  "summary_gm_median": 804.5683180689812,
  "summary_gm_n": 612054.9756313423,
  "summary_gm_p05": 657.07414470613,
  "summary_gm_p95": 971.3977778702974,
  "summary_gm_stdv": 91.20093889431605,
  "summary_wm_k": -0.3900245669164506,
  "summary_wm_mad": 43.14833914158734,
  "summary_wm_mean": 963.555817749627,
  "summary_wm_median": 969.844943985343,
  "summary_wm_n": 589276.9449774035,
  "summary_wm_p05": 869.7122041136026,
  "summary_wm_p95": 1033.761590346694,
  "summary_wm_stdv": 49.60648099266485,
  "tpm_overlap_csf": 0.19602575859374563,
  "tpm_overlap_gm": 0.5272551834674443,
  "tpm_overlap_wm": 0.5530058239950932,
  "wm2max": 0.7750645503492725
}