{
  "bids_meta": {
    "InstitutionName": "HH",
    "dataset": "<unset>",
    "modality": "T1w",
    "subject_id": "1218"
  },
  "cjv": 0.6685342700116018,
  "cnr": 1.3535719657886713,
  "efc": 0.5981315705235789,
  "fber": -1.0,
  "fwhm_avg": 5.061586120082321,
  "fwhm_x": 4.4977716935802965,
  "fwhm_y": 5.702314666666666,
  "fwhm_z": 4.984672,
  "icvs_csf": 0.2746560465054498,
  "icvs_gm": 0.3617985559545489,
  "icvs_wm": 0.3635453975400013,
  "inu_med": 0.3870983421802521,
  "inu_range": 0.15025121569633482,
  "provenance": {
    "md5sum": "9fde4c16365c3dcfbb321178472ddb5f",
    "settings": {
      "testing": false
    },
    "software": "mriqc",
    "version": "23.1.0",
    "warnings": {
      "large_rot_frame": true,
      "small_air_mask": false
    }
  },
  "qi_1": 0.0,
  "qi_2": 0.002774160883993438,
  "rpve_csf": 6.832912866210105,
  "rpve_gm": 6.715161080300066,
  "rpve_wm": 6.781135178735105,
  "size_x": 150,
  "size_y": 256,
  "size_z": 256,
  "snr_csf": 2.292257395289318,
  "snr_gm": 6.230181891140546,
  "snr_total": 7.633520642897747,
  "snr_wm": 14.37812264226338,
  "snrd_csf": 65.62484570746207,
  "snrd_gm": 126.43058827441939,
  "snrd_total": 116.57355790859849,
  "snrd_wm": 157.66523974391396,
  "spacing_x": 1.2000008821487427,
  "spacing_y": 0.9375,
  "spacing_z": 0.9375,
  "summary_bg_k": 1062.9074869562278,
  "summary_bg_mad": 0.0,
  "summary_bg_mean": 1.2520070249944673,
  "summary_bg_median": 0.0,
  "summary_bg_n": 2854474.0,
  "summary_bg_p05": 0.0,
  "summary_bg_p95": 8.656517488881946,
  "summary_bg_stdv": 4.033015422583225,
  "summary_csf_k": 0.04637765710707242,
  "summary_csf_mad": 138.214160361296,
  "summary_csf_mean": 420.31905451525387,
  "summary_csf_median": 403.9861238710582,
  "summary_csf_n": 391153.8808611716,
  "summary_csf_p05": 105.02628910914063,
  "summary_csf_p95": 740.0518797524273,
  "summary_csf_stdv": 176.23919909599712,
  "summary_gm_k": -0.34258994031454026,
  "summary_gm_mad": 74.62202943644355,
  "summary_gm_mean": 776.7359197537264,
  "summary_gm_median": 778.3058801144361,
  "summary_gm_n": 515258.6700791293,
  "summary_gm_p05": 559.3671685587615,
  "summary_gm_p95": 993.5248149242252,
  "summary_gm_stdv": 124.92494415988148,
  "summary_wm_k": -0.5562313483064663,
  "summary_wm_mad": 53.923948278889874,
  "summary_wm_mean": 953.9826269633314,
  "summary_wm_median": 970.5861916579306,
  "summary_wm_n": 517746.4502466991,
  "summary_wm_p05": 820.8077736739069,
  "summary_wm_p95": 1038.9428297597915,
  "summary_wm_stdv": 67.50431043663951,
  "tpm_overlap_csf": 0.1855292530967891,
  "tpm_overlap_gm": 0.5079539665756555,
  "tpm_overlap_wm": 0.5403551684214467,
  "wm2max": 0.7810161452407719
}