{
  "bids_meta": {
    "InstitutionName": "HH",
    "dataset": "<unset>",
    "modality": "T1w",
    "subject_id": "0221"
  },
  "cjv": 0.61198709739897,
  "cnr": 1.6900366420880615,
  "efc": 0.5982366409875673,
  "fber": -1.0,
  "fwhm_avg": 5.165139433811127,
  "fwhm_x": 4.394116968100049,
  "fwhm_y": 5.861130666666667,
  "fwhm_z": 5.240170666666667,
  "icvs_csf": 0.25969467527221307,
  "icvs_gm": 0.38308088433466236,
  "icvs_wm": 0.3572244403931246,
  "inu_med": 0.34656810760498047,
  "inu_range": 0.14952314645051956,
  "provenance": {
    "md5sum": "3a1786b84ecf009c5abba92e2fcd3d82",
    "settings": {
      "testing": false
    },
    "software": "mriqc",
    "version": "23.1.0",
    "warnings": {
      "large_rot_frame": true,
      "small_air_mask": false
    }
  },
  "qi_1": 0.0,
  "qi_2": 0.0011727699693605583,
  "rpve_csf": 6.025126790661003,
  "rpve_gm": 5.9434855835320235,
  "rpve_wm": 6.016845126459874,
  "size_x": 150,
  "size_y": 256,
  "size_z": 256,
  "snr_csf": 2.0738305683699036,
  "snr_gm": 7.754016480797047,
  "snr_total": 9.249010480897516,
  "snr_wm": 17.919184393525594,
  "snrd_csf": 89.99674569488914,
  "snrd_gm": 148.07468025413067,
  "snrd_total": 140.94694030648253,
  "snrd_wm": 184.76939497042778,
  "spacing_x": 1.2000021934509277,
  "spacing_y": 0.9375,
  "spacing_z": 0.9375,
  "summary_bg_k": 22.115616853161292,
  "summary_bg_mad": 0.0,
  "summary_bg_mean": 1.1821860610446928,
  "summary_bg_median": 0.0,
  "summary_bg_n": 2544465.0,
  "summary_bg_p05": 0.0,
  "summary_bg_p95": 8.602741003036499,
  "summary_bg_stdv": 3.4586512874167123,
  "summary_csf_k": -0.8262596628991559,
  "summary_csf_mad": 169.8104817527476,
  "summary_csf_mean": 464.7957964750735,
  "summary_csf_median": 475.1184033751488,
  "summary_csf_n": 417746.4127889909,
  "summary_csf_p05": 73.37497445940971,
  "summary_csf_p95": 820.8524972498417,
  "summary_csf_stdv": 229.1015678681138,
  "summary_gm_k": -0.5786540781275855,
  "summary_gm_mad": 74.5592167184457,
  "summary_gm_mean": 784.1873280722017,
  "summary_gm_median": 781.7283293902874,
  "summary_gm_n": 616226.2089936758,
  "summary_gm_p05": 616.4687595367432,
  "summary_gm_p95": 969.3870573341846,
  "summary_gm_stdv": 100.81584131774396,
  "summary_wm_k": -0.22394704836924095,
  "summary_wm_mad": 43.996043714205676,
  "summary_wm_mean": 965.0585540756528,
  "summary_wm_median": 975.4501593708992,
  "summary_wm_n": 574633.3781328392,
  "summary_wm_p05": 858.352211356163,
  "summary_wm_p95": 1036.607411235571,
  "summary_wm_stdv": 54.43603286789491,
  "tpm_overlap_csf": 0.1940380310088993,
  "tpm_overlap_gm": 0.5240816042671783,
  "tpm_overlap_wm": 0.5397659014176414,
  "wm2max": 0.8720249937409001
}