{
  "bids_meta": {
    "InstitutionName": "HH",
    "dataset": "<unset>",
    "modality": "T1w",
    "subject_id": "0869"
  },
  "cjv": 0.781588081487155,
  "cnr": 1.2588337915148229,
  "efc": 0.578998784415192,
  "fber": -1.0,
  "fwhm_avg": 4.903127549982532,
  "fwhm_x": 4.332699983280929,
  "fwhm_y": 5.53104,
  "fwhm_z": 4.8456426666666665,
  "icvs_csf": 0.2658848324196651,
  "icvs_gm": 0.3673196727551183,
  "icvs_wm": 0.3667954948252166,
  "inu_med": 0.4248539209365845,
  "inu_range": 0.18984196186065672,
  "provenance": {
    "md5sum": "e19dc8daf076daeb3168b8c84d3bf060",
    "settings": {
      "testing": false
    },
    "software": "mriqc",
    "version": "23.1.0",
    "warnings": {
      "large_rot_frame": true,
      "small_air_mask": false
    }
  },
  "qi_1": 0.0,
  "qi_2": 0.0022293150404456307,
  "rpve_csf": 8.234261552637593,
  "rpve_gm": 8.097190168788025,
  "rpve_wm": 8.164167024458562,
  "size_x": 150,
  "size_y": 256,
  "size_z": 256,
  "snr_csf": 2.5767570200132908,
  "snr_gm": 6.911228006852211,
  "snr_total": 7.629785891454593,
  "snr_wm": 13.401372647498276,
  "snrd_csf": 41.35225632998419,
  "snrd_gm": 73.96900222572951,
  "snrd_total": 68.40394323652536,
  "snrd_wm": 89.89057115386237,
  "spacing_x": 1.2000023126602173,
  "spacing_y": 0.9375,
  "spacing_z": 0.9375,
  "summary_bg_k": 543.4863694443674,
  "summary_bg_mad": 0.0,
  "summary_bg_mean": 2.4361624182800816,
  "summary_bg_median": 0.0,
  "summary_bg_n": 2802783.0,
  "summary_bg_p05": 0.0,
  "summary_bg_p95": 15.28548551723361,
  "summary_bg_stdv": 6.890531708894659,
  "summary_csf_k": -0.1759703998489992,
  "summary_csf_mad": 145.70112263597824,
  "summary_csf_mean": 453.8237896079629,
  "summary_csf_median": 434.93085329420865,
  "summary_csf_n": 314636.67790567805,
  "summary_csf_p05": 213.40889395214617,
  "summary_csf_p95": 755.3381458669901,
  "summary_csf_stdv": 168.78974569662444,
  "summary_gm_k": -0.4537237608354987,
  "summary_gm_mad": 69.59067738248686,
  "summary_gm_mean": 777.0376454193005,
  "summary_gm_median": 777.9841805640608,
  "summary_gm_n": 434670.30636277614,
  "summary_gm_p05": 586.7509986776859,
  "summary_gm_p95": 974.57904044725,
  "summary_gm_stdv": 112.56802479664205,
  "summary_wm_k": -0.7623107408676959,
  "summary_wm_mad": 61.29279100120836,
  "summary_wm_mean": 929.6357690789632,
  "summary_wm_median": 945.4425534382463,
  "summary_wm_n": 434050.0167396531,
  "summary_wm_p05": 798.0904730521142,
  "summary_wm_p95": 1021.8699810244143,
  "summary_wm_stdv": 70.54810646729483,
  "tpm_overlap_csf": 0.20125155610641451,
  "tpm_overlap_gm": 0.5194520956956965,
  "tpm_overlap_wm": 0.544862348185046,
  "wm2max": 0.718069620818375
}