{
  "bids_meta": {
    "InstitutionName": "HH",
    "dataset": "<unset>",
    "modality": "T1w",
    "subject_id": "0636"
  },
  "cjv": 0.630531977985141,
  "cnr": 1.5148090654587754,
  "efc": 0.611642650855575,
  "fber": -1.0,
  "fwhm_avg": 4.7976027348178745,
  "fwhm_x": 4.082450871120291,
  "fwhm_y": 5.477738666666666,
  "fwhm_z": 4.832618666666666,
  "icvs_csf": 0.2712455803029753,
  "icvs_gm": 0.37250947772806153,
  "icvs_wm": 0.35624494196896317,
  "inu_med": 0.3745822459459305,
  "inu_range": 0.16037864387035372,
  "provenance": {
    "md5sum": "8cd6c6c379b4a87f455f7a0da2502dce",
    "settings": {
      "testing": false
    },
    "software": "mriqc",
    "version": "23.1.0",
    "warnings": {
      "large_rot_frame": true,
      "small_air_mask": false
    }
  },
  "qi_1": 0.0,
  "qi_2": 0.002419679442988249,
  "rpve_csf": 7.136279841934262,
  "rpve_gm": 7.035148821717682,
  "rpve_wm": 7.108751518589793,
  "size_x": 150,
  "size_y": 256,
  "size_z": 256,
  "snr_csf": 2.2321606132894494,
  "snr_gm": 7.1640940203330565,
  "snr_total": 8.265818609837682,
  "snr_wm": 15.401201195890543,
  "snrd_csf": 80.3629561983798,
  "snrd_gm": 138.7852403031507,
  "snrd_total": 130.61841103438803,
  "snrd_wm": 172.70703660163358,
  "spacing_x": 1.2000021934509277,
  "spacing_y": 0.9375,
  "spacing_z": 0.9375,
  "summary_bg_k": 29.989197530689395,
  "summary_bg_mad": 0.0,
  "summary_bg_mean": 1.263496955524957,
  "summary_bg_median": 0.0,
  "summary_bg_n": 2697952.0,
  "summary_bg_p05": 0.0,
  "summary_bg_p95": 8.830599738284945,
  "summary_bg_stdv": 3.6793936837278256,
  "summary_csf_k": -0.13452547067829945,
  "summary_csf_mad": 150.4022666919047,
  "summary_csf_mean": 458.4775911527044,
  "summary_csf_median": 451.33647503331304,
  "summary_csf_n": 369371.38167363196,
  "summary_csf_p05": 86.68745080009103,
  "summary_csf_p95": 792.4213651940227,
  "summary_csf_stdv": 202.1968586819742,
  "summary_gm_k": -0.2576317300785411,
  "summary_gm_mad": 70.8958596396144,
  "summary_gm_mean": 779.0778940225605,
  "summary_gm_median": 779.4491903763264,
  "summary_gm_n": 507268.50672091055,
  "summary_gm_p05": 592.9831031803042,
  "summary_gm_p95": 976.3168195821345,
  "summary_gm_stdv": 108.79930105370501,
  "summary_wm_k": -0.5159599199309328,
  "summary_wm_mad": 49.22833459296271,
  "summary_wm_mean": 954.560488556145,
  "summary_wm_median": 969.9616440292448,
  "summary_wm_n": 485120.1124911946,
  "summary_wm_p05": 829.0766848623753,
  "summary_wm_p95": 1033.5848060250282,
  "summary_wm_stdv": 62.97954503540069,
  "tpm_overlap_csf": 0.1994456671446918,
  "tpm_overlap_gm": 0.5193050256305157,
  "tpm_overlap_wm": 0.5573742190731686,
  "wm2max": 0.7293139361824459
}