{
  "bids_meta": {
    "InstitutionName": "HH",
    "dataset": "<unset>",
    "modality": "T1w",
    "subject_id": "0640"
  },
  "cjv": 0.819472056854086,
  "cnr": 1.093145022455947,
  "efc": 0.6144867536719586,
  "fber": -1.0,
  "fwhm_avg": 4.59503621139318,
  "fwhm_x": 4.026366972979567,
  "fwhm_y": 5.156896327866639,
  "fwhm_z": 4.601845333333333,
  "icvs_csf": 0.26445772289604896,
  "icvs_gm": 0.36050903433864306,
  "icvs_wm": 0.37503324276530786,
  "inu_med": 0.3811971843242645,
  "inu_range": 0.16465118229389192,
  "provenance": {
    "md5sum": "f1cf5348a77a8ffcc24d0fe16b16658f",
    "settings": {
      "testing": false
    },
    "software": "mriqc",
    "version": "23.1.0",
    "warnings": {
      "large_rot_frame": true,
      "small_air_mask": false
    }
  },
  "qi_1": 0.0,
  "qi_2": 0.002208765581432183,
  "rpve_csf": 6.981103652878539,
  "rpve_gm": 6.834182989422805,
  "rpve_wm": 6.898818358993872,
  "size_x": 150,
  "size_y": 256,
  "size_z": 256,
  "snr_csf": 2.5233601576355964,
  "snr_gm": 7.026987236586403,
  "snr_total": 7.94922416133399,
  "snr_wm": 14.297325089779969,
  "snrd_csf": 84.67409653195588,
  "snrd_gm": 149.79389321428408,
  "snrd_total": 137.06953623634618,
  "snrd_wm": 176.74061896279852,
  "spacing_x": 1.1999974250793457,
  "spacing_y": 0.9374999403953552,
  "spacing_z": 0.9375,
  "summary_bg_k": 38.96541435966577,
  "summary_bg_mad": 0.0,
  "summary_bg_mean": 1.0250578889414996,
  "summary_bg_median": 0.0,
  "summary_bg_n": 3220292.0,
  "summary_bg_p05": 0.0,
  "summary_bg_p95": 8.13456860370934,
  "summary_bg_stdv": 3.5960290014610288,
  "summary_csf_k": 0.23619722150002032,
  "summary_csf_mad": 152.05264927845428,
  "summary_csf_mean": 481.21138906427973,
  "summary_csf_median": 464.7742161806673,
  "summary_csf_n": 368564.9437462457,
  "summary_csf_p05": 177.61674573644996,
  "summary_csf_p95": 806.6420595347881,
  "summary_csf_stdv": 184.18836655366073,
  "summary_gm_k": 0.7016711544176419,
  "summary_gm_mad": 63.07659035346266,
  "summary_gm_mean": 821.3475869856246,
  "summary_gm_median": 822.215319192037,
  "summary_gm_n": 502428.10270760464,
  "summary_gm_p05": 619.8829225357622,
  "summary_gm_p95": 1015.3333372529596,
  "summary_gm_stdv": 117.0081107688591,
  "summary_wm_k": -0.40879285928726583,
  "summary_wm_mad": 58.13149951356909,
  "summary_wm_mean": 960.1966562040934,
  "summary_wm_median": 970.125292269513,
  "summary_wm_n": 522669.9546116105,
  "summary_wm_p05": 836.2048575282097,
  "summary_wm_p95": 1056.9660113751888,
  "summary_wm_stdv": 67.8535570905386,
  "tpm_overlap_csf": 0.1997003887321369,
  "tpm_overlap_gm": 0.5057221549040793,
  "tpm_overlap_wm": 0.5440239478627171,
  "wm2max": 0.6873833163250082
}