{
  "bids_meta": {
    "InstitutionName": "HH",
    "dataset": "<unset>",
    "modality": "T1w",
    "subject_id": "1030"
  },
  "cjv": 0.649656741350669,
  "cnr": 1.4646275666870847,
  "efc": 0.6390901501932122,
  "fber": -1.0,
  "fwhm_avg": 5.279460114322357,
  "fwhm_x": 4.722561676300406,
  "fwhm_y": 5.911712,
  "fwhm_z": 5.204106666666666,
  "icvs_csf": 0.2701913998478485,
  "icvs_gm": 0.3728338553825512,
  "icvs_wm": 0.3569747447696002,
  "inu_med": 0.41100767254829407,
  "inu_range": 0.21719157695770264,
  "provenance": {
    "md5sum": "7899784c32a85e83527dba7ce529fd55",
    "settings": {
      "testing": false
    },
    "software": "mriqc",
    "version": "23.1.0",
    "warnings": {
      "large_rot_frame": true,
      "small_air_mask": false
    }
  },
  "qi_1": 0.0,
  "qi_2": 0.0011632862297829608,
  "rpve_csf": 6.680074174802501,
  "rpve_gm": 6.563957647680215,
  "rpve_wm": 6.630361964813426,
  "size_x": 150,
  "size_y": 256,
  "size_z": 256,
  "snr_csf": 2.3035213691044616,
  "snr_gm": 7.138004955480048,
  "snr_total": 7.7747576798635585,
  "snr_wm": 13.882746715006165,
  "snrd_csf": 71.33129237164337,
  "snrd_gm": 128.08251831165268,
  "snrd_total": 119.56854832246559,
  "snrd_wm": 159.29183428410076,
  "spacing_x": 1.2000033855438232,
  "spacing_y": 0.9375,
  "spacing_z": 0.9375,
  "summary_bg_k": 181.88713380191086,
  "summary_bg_mad": 0.0,
  "summary_bg_mean": 1.1284018977156665,
  "summary_bg_median": 0.0,
  "summary_bg_n": 2725099.0,
  "summary_bg_p05": 0.0,
  "summary_bg_p95": 8.771703280508518,
  "summary_bg_stdv": 3.942610502326946,
  "summary_csf_k": -0.2611407198270035,
  "summary_csf_mad": 155.52386311796175,
  "summary_csf_mean": 443.34405103970585,
  "summary_csf_median": 429.2716790717095,
  "summary_csf_n": 393303.0307459298,
  "summary_csf_p05": 137.2771563399583,
  "summary_csf_p95": 766.2856789343059,
  "summary_csf_stdv": 186.35430914707302,
  "summary_gm_k": -0.3220412934660306,
  "summary_gm_mad": 68.4672196215326,
  "summary_gm_mean": 773.9060321051063,
  "summary_gm_median": 770.8005262110382,
  "summary_gm_n": 542714.1106979047,
  "summary_gm_p05": 593.3799277991056,
  "summary_gm_p95": 972.3175095170736,
  "summary_gm_stdv": 107.98532935788825,
  "summary_wm_k": -0.5418889130906446,
  "summary_wm_mad": 53.54978070957857,
  "summary_wm_mean": 940.81768715368,
  "summary_wm_median": 958.618172923103,
  "summary_wm_n": 519628.8597516458,
  "summary_wm_p05": 804.0298021677881,
  "summary_wm_p95": 1026.3666812013835,
  "summary_wm_stdv": 69.05097890173816,
  "tpm_overlap_csf": 0.18807192445421314,
  "tpm_overlap_gm": 0.5234498108600277,
  "tpm_overlap_wm": 0.5505836513136646,
  "wm2max": 0.7380650572854561
}