{
  "bids_meta": {
    "InstitutionName": "HH",
    "dataset": "<unset>",
    "modality": "T1w",
    "subject_id": "0856"
  },
  "cjv": 0.7190292158045556,
  "cnr": 1.2894531149206867,
  "efc": 0.6767557831645228,
  "fber": 36636.48399951697,
  "fwhm_avg": 5.188230528437088,
  "fwhm_x": 4.432851585311265,
  "fwhm_y": 6.070368,
  "fwhm_z": 5.061471999999999,
  "icvs_csf": 0.26848967499394993,
  "icvs_gm": 0.37466194712677037,
  "icvs_wm": 0.3568483778792798,
  "inu_med": 0.45761407911777496,
  "inu_range": 0.2848457500338554,
  "provenance": {
    "md5sum": "479c3a0ed32e32cf2c25795964351900",
    "settings": {
      "testing": false
    },
    "software": "mriqc",
    "version": "23.1.0",
    "warnings": {
      "large_rot_frame": true,
      "small_air_mask": false
    }
  },
  "qi_1": 0.0,
  "qi_2": 0.0014311385105011225,
  "rpve_csf": 5.720291269614828,
  "rpve_gm": 5.581499214312887,
  "rpve_wm": 5.647015915300829,
  "size_x": 150,
  "size_y": 256,
  "size_z": 256,
  "snr_csf": 2.36708656537546,
  "snr_gm": 7.434154002503467,
  "snr_total": 7.237925787309915,
  "snr_wm": 11.912536794050816,
  "snrd_csf": 13.514293208853246,
  "snrd_gm": 23.74519026014444,
  "snrd_total": 22.08368155396994,
  "snrd_wm": 28.99156119291213,
  "spacing_x": 1.1999995708465576,
  "spacing_y": 0.9375,
  "spacing_z": 0.9375,
  "summary_bg_k": 951.8186558048714,
  "summary_bg_mad": 0.0,
  "summary_bg_mean": 1.8990779556656643,
  "summary_bg_median": 0.0,
  "summary_bg_n": 2271385.0,
  "summary_bg_p05": 0.0,
  "summary_bg_p95": 8.774899883195758,
  "summary_bg_stdv": 21.46066213682157,
  "summary_csf_k": -0.06755042787476517,
  "summary_csf_mad": 148.96299667858665,
  "summary_csf_mean": 454.36896841427176,
  "summary_csf_median": 442.6951098628342,
  "summary_csf_n": 455514.74999295466,
  "summary_csf_p05": 123.92077262699604,
  "summary_csf_p95": 777.0441890135407,
  "summary_csf_stdv": 187.0208848335658,
  "summary_gm_k": -0.21733968252447156,
  "summary_gm_mad": 61.32540104768549,
  "summary_gm_mean": 777.9274628604908,
  "summary_gm_median": 777.83421215415,
  "summary_gm_n": 635644.7158765793,
  "summary_gm_p05": 599.9661450684071,
  "summary_gm_p95": 969.979125995189,
  "summary_gm_stdv": 104.62973998726646,
  "summary_wm_k": -0.6526175381783825,
  "summary_wm_mad": 62.245700381279676,
  "summary_wm_mean": 928.2870066097183,
  "summary_wm_median": 949.6924603488296,
  "summary_wm_n": 605422.5349214431,
  "summary_wm_p05": 780.3453571368009,
  "summary_wm_p95": 1030.0490997936577,
  "summary_wm_stdv": 79.72203506651573,
  "tpm_overlap_csf": 0.1955560718822692,
  "tpm_overlap_gm": 0.5314363070919745,
  "tpm_overlap_wm": 0.564848146552008,
  "wm2max": 0.6779664430882028
}