{
  "bids_meta": {
    "InstitutionName": "HH",
    "dataset": "<unset>",
    "modality": "T1w",
    "subject_id": "1184"
  },
  "cjv": 0.8336267928597408,
  "cnr": 1.0683017932092553,
  "efc": 0.5965332193274533,
  "fber": -1.0,
  "fwhm_avg": 4.726023741781231,
  "fwhm_x": 4.138348902167944,
  "fwhm_y": 5.402644989842416,
  "fwhm_z": 4.637077333333334,
  "icvs_csf": 0.26659797236760086,
  "icvs_gm": 0.35610385615370754,
  "icvs_wm": 0.3772981714786915,
  "inu_med": 0.45537999272346497,
  "inu_range": 0.2033571928739547,
  "provenance": {
    "md5sum": "cc30d92163ffa0f8a832da912aefcc99",
    "settings": {
      "testing": false
    },
    "software": "mriqc",
    "version": "23.1.0",
    "warnings": {
      "large_rot_frame": true,
      "small_air_mask": false
    }
  },
  "qi_1": 0.0,
  "qi_2": 0.0014204566440152407,
  "rpve_csf": 6.971196640579494,
  "rpve_gm": 6.824248732958632,
  "rpve_wm": 6.897427067828999,
  "size_x": 150,
  "size_y": 256,
  "size_z": 256,
  "snr_csf": 2.428531626914831,
  "snr_gm": 5.893771885435182,
  "snr_total": 7.115914600591185,
  "snr_wm": 13.02544028942354,
  "snrd_csf": 44.844813658855884,
  "snrd_gm": 83.19687367851418,
  "snrd_total": 76.14481916402991,
  "snrd_wm": 100.39277015471967,
  "spacing_x": 1.199997901916504,
  "spacing_y": 0.9375000596046448,
  "spacing_z": 0.9375,
  "summary_bg_k": 44.975482079603175,
  "summary_bg_mad": 0.0,
  "summary_bg_mean": 2.4655161478252476,
  "summary_bg_median": 0.0,
  "summary_bg_n": 2499877.0,
  "summary_bg_p05": 0.0,
  "summary_bg_p95": 14.5694040954113,
  "summary_bg_stdv": 6.273064969027061,
  "summary_csf_k": 0.16498910430697888,
  "summary_csf_mad": 133.746371740287,
  "summary_csf_mean": 450.1156064797313,
  "summary_csf_median": 429.3982590585947,
  "summary_csf_n": 371682.3622974407,
  "summary_csf_p05": 148.5380684658885,
  "summary_csf_p95": 769.5838656425476,
  "summary_csf_stdv": 176.81370778040105,
  "summary_gm_k": -0.02862303109524733,
  "summary_gm_mad": 70.46096188198196,
  "summary_gm_mean": 790.0424682292723,
  "summary_gm_median": 796.6270746141672,
  "summary_gm_n": 496468.6014038237,
  "summary_gm_p05": 551.4419659674168,
  "summary_gm_p95": 1010.1037712655962,
  "summary_gm_stdv": 135.16408300241352,
  "summary_wm_k": -0.70381250864004,
  "summary_wm_mad": 66.79921110701281,
  "summary_wm_mean": 947.991832742248,
  "summary_wm_median": 961.2812989801168,
  "summary_wm_n": 526017.0376402586,
  "summary_wm_p05": 813.7660825140774,
  "summary_wm_p95": 1049.670680332929,
  "summary_wm_stdv": 73.80022201816325,
  "tpm_overlap_csf": 0.20304872779709904,
  "tpm_overlap_gm": 0.5006137901138737,
  "tpm_overlap_wm": 0.5267319436943974,
  "wm2max": 0.6946582775964953
}