{
  "bids_meta": {
    "InstitutionName": "HH",
    "dataset": "<unset>",
    "modality": "T1w",
    "subject_id": "1114"
  },
  "cjv": 0.6389572993932724,
  "cnr": 1.4506697172079313,
  "efc": 0.6213035450768742,
  "fber": -1.0,
  "fwhm_avg": 5.131845435451634,
  "fwhm_x": 4.426362973021569,
  "fwhm_y": 5.832032,
  "fwhm_z": 5.137141333333333,
  "icvs_csf": 0.2699113533244088,
  "icvs_gm": 0.3752646212257597,
  "icvs_wm": 0.3548240254498315,
  "inu_med": 0.4317965805530548,
  "inu_range": 0.21454041898250586,
  "provenance": {
    "md5sum": "fffbd5cbe45593ddcc2a7d66e70559fe",
    "settings": {
      "testing": false
    },
    "software": "mriqc",
    "version": "23.1.0",
    "warnings": {
      "large_rot_frame": true,
      "small_air_mask": false
    }
  },
  "qi_1": 0.0,
  "qi_2": 0.0015963416812917663,
  "rpve_csf": 6.402928626179525,
  "rpve_gm": 6.284530355681917,
  "rpve_wm": 6.345684781621265,
  "size_x": 150,
  "size_y": 256,
  "size_z": 256,
  "snr_csf": 2.047473146134915,
  "snr_gm": 7.5833989930423,
  "snr_total": 7.663358675405941,
  "snr_wm": 13.359203887040609,
  "snrd_csf": 90.2518104498352,
  "snrd_gm": 164.15824148409564,
  "snrd_total": 152.3055482849903,
  "snrd_wm": 202.5065929210401,
  "spacing_x": 1.2000010013580322,
  "spacing_y": 0.9375,
  "spacing_z": 0.9375,
  "summary_bg_k": 31.170138357770888,
  "summary_bg_mad": 0.0,
  "summary_bg_mean": 0.9571041365745954,
  "summary_bg_median": 0.0,
  "summary_bg_n": 2714339.0,
  "summary_bg_p05": 0.0,
  "summary_bg_p95": 7.4537708424031734,
  "summary_bg_stdv": 3.0916285784662088,
  "summary_csf_k": -0.5437497979434962,
  "summary_csf_mad": 162.76125634218454,
  "summary_csf_mean": 426.9074719772063,
  "summary_csf_median": 425.90379109606147,
  "summary_csf_n": 409932.72626407456,
  "summary_csf_p05": 58.071887120604515,
  "summary_csf_p95": 775.8414507843554,
  "summary_csf_stdv": 208.0140940649855,
  "summary_gm_k": -0.19179607565319223,
  "summary_gm_mad": 61.3772043078879,
  "summary_gm_mean": 776.3561183367415,
  "summary_gm_median": 774.6727410703897,
  "summary_gm_n": 569939.8982473977,
  "summary_gm_p05": 600.8466496132314,
  "summary_gm_p95": 965.0945104658604,
  "summary_gm_stdv": 102.15367306556004,
  "summary_wm_k": -0.5397337979127421,
  "summary_wm_mad": 54.25375211406151,
  "summary_wm_mean": 936.8126483470944,
  "summary_wm_median": 955.6409474462271,
  "summary_wm_n": 538895.3754821139,
  "summary_wm_p05": 795.6835445947945,
  "summary_wm_p95": 1025.7115876302123,
  "summary_wm_stdv": 71.53420734197796,
  "tpm_overlap_csf": 0.187492774793072,
  "tpm_overlap_gm": 0.53728190002806,
  "tpm_overlap_wm": 0.5652484546688469,
  "wm2max": 0.7228394893719321
}