{
  "bids_meta": {
    "InstitutionName": "HH",
    "dataset": "<unset>",
    "modality": "T1w",
    "subject_id": "0030"
  },
  "cjv": 0.6470778986709388,
  "cnr": 1.5350308621155075,
  "efc": 0.6189045968415398,
  "fber": -1.0,
  "fwhm_avg": 4.744160420449194,
  "fwhm_x": 4.096225261347579,
  "fwhm_y": 5.4244373333333336,
  "fwhm_z": 4.711818666666667,
  "icvs_csf": 0.257091702691371,
  "icvs_gm": 0.3782920394922588,
  "icvs_wm": 0.36461625781637014,
  "inu_med": 0.3517819941043854,
  "inu_range": 0.17767074704170227,
  "provenance": {
    "md5sum": "c21bbc7cfa431ecfe3affdc9516df73e",
    "settings": {
      "testing": false
    },
    "software": "mriqc",
    "version": "23.1.0",
    "warnings": {
      "large_rot_frame": true,
      "small_air_mask": false
    }
  },
  "qi_1": 0.0,
  "qi_2": 0.002721480301271739,
  "rpve_csf": 6.067737157840907,
  "rpve_gm": 5.973810563253288,
  "rpve_wm": 6.050830413676584,
  "size_x": 150,
  "size_y": 256,
  "size_z": 256,
  "snr_csf": 2.700593140678711,
  "snr_gm": 8.484935265760553,
  "snr_total": 9.841115429366566,
  "snr_wm": 18.33781788166043,
  "snrd_csf": 122.88557495051268,
  "snrd_gm": 183.31704547965737,
  "snrd_total": 175.84034407706062,
  "snrd_wm": 221.3184118010118,
  "spacing_x": 1.1999950408935547,
  "spacing_y": 0.9375,
  "spacing_z": 0.9375,
  "summary_bg_k": 47.98223457483454,
  "summary_bg_mad": 0.0,
  "summary_bg_mean": 0.8716979635447308,
  "summary_bg_median": 0.0,
  "summary_bg_n": 2690546.0,
  "summary_bg_p05": 0.0,
  "summary_bg_p95": 5.557319596409798,
  "summary_bg_stdv": 2.8714769562251523,
  "summary_csf_k": 0.20173450836093387,
  "summary_csf_mad": 141.5589240961677,
  "summary_csf_mean": 537.237134378035,
  "summary_csf_median": 538.6101225987077,
  "summary_csf_n": 410297.01919924445,
  "summary_csf_p05": 191.17179411649704,
  "summary_csf_p95": 845.5329448804259,
  "summary_csf_stdv": 199.4411739107165,
  "summary_gm_k": -0.5027230568294434,
  "summary_gm_mad": 64.50190443849769,
  "summary_gm_mean": 806.2906821847523,
  "summary_gm_median": 803.4825599342585,
  "summary_gm_n": 603722.6972540728,
  "summary_gm_p05": 648.9096848741174,
  "summary_gm_p95": 976.818004488945,
  "summary_gm_stdv": 94.6951119045317,
  "summary_wm_k": -0.30121328005294945,
  "summary_wm_mad": 43.27591277108453,
  "summary_wm_mean": 962.079429873464,
  "summary_wm_median": 970.043367266655,
  "summary_wm_n": 581897.2847724699,
  "summary_wm_p05": 859.2939267382026,
  "summary_wm_p95": 1034.7464454248548,
  "summary_wm_stdv": 52.89847134531404,
  "tpm_overlap_csf": 0.2159411925930404,
  "tpm_overlap_gm": 0.5150719588416154,
  "tpm_overlap_wm": 0.5520663797150148,
  "wm2max": 0.7176559285225232
}