{
  "bids_meta": {
    "InstitutionName": "HH",
    "dataset": "<unset>",
    "modality": "T1w",
    "subject_id": "0572"
  },
  "cjv": 0.6460881227432669,
  "cnr": 1.5623626607173224,
  "efc": 0.6284010488185715,
  "fber": -1.0,
  "fwhm_avg": 5.231491430458872,
  "fwhm_x": 4.543018291376615,
  "fwhm_y": 6.0833493333333335,
  "fwhm_z": 5.068106666666667,
  "icvs_csf": 0.24711433734165997,
  "icvs_gm": 0.3925665960465449,
  "icvs_wm": 0.36031906661179514,
  "inu_med": 0.3989814519882202,
  "inu_range": 0.20986882746219626,
  "provenance": {
    "md5sum": "c4c08ece403f942b4210691825cdf282",
    "settings": {
      "testing": false
    },
    "software": "mriqc",
    "version": "23.1.0",
    "warnings": {
      "large_rot_frame": true,
      "small_air_mask": false
    }
  },
  "qi_1": 0.0,
  "qi_2": 0.002191021154605589,
  "rpve_csf": 7.015845100668341,
  "rpve_gm": 6.904574811481369,
  "rpve_wm": 6.972482751185971,
  "size_x": 150,
  "size_y": 256,
  "size_z": 256,
  "snr_csf": 2.321623242465428,
  "snr_gm": 8.729628606240666,
  "snr_total": 8.399676265027185,
  "snr_wm": 14.147776946375462,
  "snrd_csf": 68.25591957567634,
  "snrd_gm": 105.35079091983427,
  "snrd_total": 100.87047190678607,
  "snrd_wm": 129.00470522484758,
  "spacing_x": 1.1999995708465576,
  "spacing_y": 0.9375,
  "spacing_z": 0.9375,
  "summary_bg_k": 88.82554558658214,
  "summary_bg_mad": 0.0,
  "summary_bg_mean": 1.3157125248936588,
  "summary_bg_median": 0.0,
  "summary_bg_n": 2725198.0,
  "summary_bg_p05": 0.0,
  "summary_bg_p95": 9.830431450158358,
  "summary_bg_stdv": 4.882678853366042,
  "summary_csf_k": -0.38274604018570857,
  "summary_csf_mad": 161.2200195603607,
  "summary_csf_mean": 506.00931559271214,
  "summary_csf_median": 508.70587427169085,
  "summary_csf_n": 342059.125539884,
  "summary_csf_p05": 108.53908246383071,
  "summary_csf_p95": 839.9585618004203,
  "summary_csf_stdv": 219.11614312469047,
  "summary_gm_k": -0.47249928138276864,
  "summary_gm_mad": 63.01930581002247,
  "summary_gm_mean": 791.3489166079524,
  "summary_gm_median": 785.1709644123912,
  "summary_gm_n": 543396.1784831339,
  "summary_gm_p05": 648.783204678446,
  "summary_gm_p95": 961.9418332912028,
  "summary_gm_stdv": 89.9431439024051,
  "summary_wm_k": -0.4285961928081816,
  "summary_wm_mad": 50.88003406064835,
  "summary_wm_mean": 945.1171352431629,
  "summary_wm_median": 961.4616836830974,
  "summary_wm_n": 498758.69674923783,
  "summary_wm_p05": 811.3517535701394,
  "summary_wm_p95": 1031.2855451144278,
  "summary_wm_stdv": 67.9584307465617,
  "tpm_overlap_csf": 0.20217411938009217,
  "tpm_overlap_gm": 0.5356221578958954,
  "tpm_overlap_wm": 0.5406692462490141,
  "wm2max": 0.7524950578078344
}