{
  "bids_meta": {
    "InstitutionName": "HH",
    "dataset": "<unset>",
    "modality": "T1w",
    "subject_id": "0887"
  },
  "cjv": 0.6681087751087417,
  "cnr": 1.448491440043908,
  "efc": 0.6351444981305643,
  "fber": -1.0,
  "fwhm_avg": 4.952316991070435,
  "fwhm_x": 4.236438973211306,
  "fwhm_y": 5.812384,
  "fwhm_z": 4.808128,
  "icvs_csf": 0.2601781466335541,
  "icvs_gm": 0.38386494305877206,
  "icvs_wm": 0.35595691030767374,
  "inu_med": 0.4068661779165268,
  "inu_range": 0.23199288398027412,
  "provenance": {
    "md5sum": "ddd93ac762d5b3e00c71313d943c35d9",
    "settings": {
      "testing": false
    },
    "software": "mriqc",
    "version": "23.1.0",
    "warnings": {
      "large_rot_frame": true,
      "small_air_mask": false
    }
  },
  "qi_1": 0.0,
  "qi_2": 0.0016597740659658451,
  "rpve_csf": 5.923271306682912,
  "rpve_gm": 5.806001839787526,
  "rpve_wm": 5.876752703228083,
  "size_x": 150,
  "size_y": 256,
  "size_z": 256,
  "snr_csf": 2.450952808951357,
  "snr_gm": 8.348662442838975,
  "snr_total": 8.053065488330986,
  "snr_wm": 13.359581213202627,
  "snrd_csf": 20.840262607603712,
  "snrd_gm": 32.453454584774384,
  "snrd_total": 30.96373602264642,
  "snrd_wm": 39.59749087556117,
  "spacing_x": 1.2000007629394531,
  "spacing_y": 0.9375,
  "spacing_z": 0.9375,
  "summary_bg_k": 1507.6831222386197,
  "summary_bg_mad": 0.0,
  "summary_bg_mean": 1.4059003796113259,
  "summary_bg_median": 0.0,
  "summary_bg_n": 2574280.0,
  "summary_bg_p05": 0.0,
  "summary_bg_p95": 7.448194921016693,
  "summary_bg_stdv": 15.812120194428628,
  "summary_csf_k": -0.07623384411031298,
  "summary_csf_mad": 144.93557286811978,
  "summary_csf_mean": 499.3495249865685,
  "summary_csf_median": 502.9925634339452,
  "summary_csf_n": 425659.25343153416,
  "summary_csf_p05": 119.86273683607578,
  "summary_csf_p95": 817.3861911892891,
  "summary_csf_stdv": 205.2230343877359,
  "summary_gm_k": -0.3770406366144101,
  "summary_gm_mad": 60.971536232411744,
  "summary_gm_mean": 784.9865808065525,
  "summary_gm_median": 783.2840987294912,
  "summary_gm_n": 628014.5630796143,
  "summary_gm_p05": 628.2818422839046,
  "summary_gm_p95": 958.7422905117273,
  "summary_gm_stdv": 93.82143313049211,
  "summary_wm_k": -0.4388070819600718,
  "summary_wm_mad": 54.22759529079311,
  "summary_wm_mean": 938.3663822546964,
  "summary_wm_median": 955.7098111510277,
  "summary_wm_n": 582356.1842369568,
  "summary_wm_p05": 800.5745512247086,
  "summary_wm_p95": 1029.8193506151438,
  "summary_wm_stdv": 71.53734651890399,
  "tpm_overlap_csf": 0.2017347589805862,
  "tpm_overlap_gm": 0.5387889949005896,
  "tpm_overlap_wm": 0.5600285864483328,
  "wm2max": 0.6799651765774631
}