{
  "bids_meta": {
    "InstitutionName": "HH",
    "dataset": "<unset>",
    "modality": "T1w",
    "subject_id": "0838"
  },
  "cjv": 0.7675623942238592,
  "cnr": 1.2666744211260885,
  "efc": 0.6357066947830585,
  "fber": -1.0,
  "fwhm_avg": 5.145849742087436,
  "fwhm_x": 4.620578559595642,
  "fwhm_y": 5.830752,
  "fwhm_z": 4.986218666666667,
  "icvs_csf": 0.2633381374988102,
  "icvs_gm": 0.3716734157201052,
  "icvs_wm": 0.36498844678108455,
  "inu_med": 0.4445722848176956,
  "inu_range": 0.25043935328722,
  "provenance": {
    "md5sum": "9deb67ecf84f89a9c9f30ead5f0b982d",
    "settings": {
      "testing": false
    },
    "software": "mriqc",
    "version": "23.1.0",
    "warnings": {
      "large_rot_frame": true,
      "small_air_mask": false
    }
  },
  "qi_1": 0.0,
  "qi_2": 0.001726125677362343,
  "rpve_csf": 7.023556680574402,
  "rpve_gm": 6.886582444290064,
  "rpve_wm": 6.946066706888897,
  "size_x": 150,
  "size_y": 256,
  "size_z": 256,
  "snr_csf": 2.292432276825947,
  "snr_gm": 7.625034890651418,
  "snr_total": 7.893342104986012,
  "snr_wm": 13.762559147480676,
  "snrd_csf": 31.78068016701733,
  "snrd_gm": 58.18500876912868,
  "snrd_total": 53.26243866060444,
  "snrd_wm": 69.82162704566733,
  "spacing_x": 1.2000012397766113,
  "spacing_y": 0.9375,
  "spacing_z": 0.9375,
  "summary_bg_k": 1742.4472505153478,
  "summary_bg_mad": 0.0,
  "summary_bg_mean": 1.6351980946130233,
  "summary_bg_median": 0.0,
  "summary_bg_n": 2341886.0,
  "summary_bg_p05": 0.0,
  "summary_bg_p95": 10.008669264614582,
  "summary_bg_stdv": 8.975805681099974,
  "summary_csf_k": -0.26024351239972665,
  "summary_csf_mad": 167.86234213487566,
  "summary_csf_mean": 450.54474759170114,
  "summary_csf_median": 435.4165172204375,
  "summary_csf_n": 365114.6411622659,
  "summary_csf_p05": 129.5347720310092,
  "summary_csf_p95": 780.2558910697699,
  "summary_csf_stdv": 189.93621986041623,
  "summary_gm_k": -0.3789534050479255,
  "summary_gm_mad": 64.41863431347664,
  "summary_gm_mean": 798.3082009401081,
  "summary_gm_median": 797.1734317690134,
  "summary_gm_n": 515319.9878267272,
  "summary_gm_p05": 622.4026269987226,
  "summary_gm_p95": 983.6604215577245,
  "summary_gm_stdv": 104.54675548721764,
  "summary_wm_k": -0.6175823927722326,
  "summary_wm_mad": 57.95340257463921,
  "summary_wm_mean": 942.7319750972841,
  "summary_wm_median": 956.602864228189,
  "summary_wm_n": 506051.37197589007,
  "summary_wm_p05": 812.8825767040253,
  "summary_wm_p95": 1036.5671404525638,
  "summary_wm_stdv": 69.50756097124895,
  "tpm_overlap_csf": 0.1968000070833116,
  "tpm_overlap_gm": 0.530001231112233,
  "tpm_overlap_wm": 0.5597695282995154,
  "wm2max": 0.6867204307569212
}