{
  "bids_meta": {
    "InstitutionName": "HH",
    "dataset": "<unset>",
    "modality": "T1w",
    "subject_id": "0176"
  },
  "cjv": 0.8775625516809863,
  "cnr": 0.9675928834079218,
  "efc": 0.6896744508635099,
  "fber": 9930.330105251736,
  "fwhm_avg": 4.772045438083549,
  "fwhm_x": 4.085682980917316,
  "fwhm_y": 5.446186666666667,
  "fwhm_z": 4.7842666666666664,
  "icvs_csf": 0.2657690239278534,
  "icvs_gm": 0.34610704107663987,
  "icvs_wm": 0.3881239349955069,
  "inu_med": 0.5125412940979004,
  "inu_range": 0.2436191439628601,
  "provenance": {
    "md5sum": "82609bf206be7bd6c27a90183eab3e49",
    "settings": {
      "testing": false
    },
    "software": "mriqc",
    "version": "23.1.0",
    "warnings": {
      "large_rot_frame": true,
      "small_air_mask": false
    }
  },
  "qi_1": 0.0,
  "qi_2": 0.0010480609445750778,
  "rpve_csf": 7.143189521136153,
  "rpve_gm": 7.001350182762606,
  "rpve_wm": 7.083875362871644,
  "size_x": 150,
  "size_y": 256,
  "size_z": 256,
  "snr_csf": 2.7037870581799552,
  "snr_gm": 5.013194606308341,
  "snr_total": 6.952140526893938,
  "snr_wm": 13.139439916193519,
  "snrd_csf": 26.630975100157702,
  "snrd_gm": 48.32578947922955,
  "snrd_total": 44.526666463547606,
  "snrd_wm": 58.623234811255564,
  "spacing_x": 1.2000025510787964,
  "spacing_y": 0.9375,
  "spacing_z": 0.9375,
  "summary_bg_k": 50.049282268150776,
  "summary_bg_mad": 0.0,
  "summary_bg_mean": 3.168115519079739,
  "summary_bg_median": 0.0,
  "summary_bg_n": 2632255.0,
  "summary_bg_p05": 0.0,
  "summary_bg_p95": 22.36798744648695,
  "summary_bg_stdv": 10.6582538922148,
  "summary_csf_k": 0.2472254892406589,
  "summary_csf_mad": 123.12971405902375,
  "summary_csf_mean": 447.1166042927706,
  "summary_csf_median": 433.25282187759876,
  "summary_csf_n": 361339.8311464689,
  "summary_csf_p05": 192.44702818989754,
  "summary_csf_p95": 735.5637196972966,
  "summary_csf_stdv": 160.23903252944027,
  "summary_gm_k": 2.2141658301459133,
  "summary_gm_mad": 77.47487626185764,
  "summary_gm_mean": 775.0541353710897,
  "summary_gm_median": 786.2004520148039,
  "summary_gm_n": 470567.479734534,
  "summary_gm_p05": 489.2962947189808,
  "summary_gm_p95": 1018.6902945414186,
  "summary_gm_stdv": 156.82607167298528,
  "summary_wm_k": -0.5163603217122508,
  "summary_wm_mad": 69.54021193882075,
  "summary_wm_mean": 947.7043863819318,
  "summary_wm_median": 953.7270721048117,
  "summary_wm_n": 527693.6907938934,
  "summary_wm_p05": 820.6718535274267,
  "summary_wm_p95": 1057.22361279279,
  "summary_wm_stdv": 72.58499407224282,
  "tpm_overlap_csf": 0.20782241060559561,
  "tpm_overlap_gm": 0.4873234473729772,
  "tpm_overlap_wm": 0.5331273192176768,
  "wm2max": 0.6178436811037622
}