{
  "bids_meta": {
    "InstitutionName": "HH",
    "dataset": "<unset>",
    "modality": "T1w",
    "subject_id": "1172"
  },
  "cjv": 0.8032495649059818,
  "cnr": 1.1693166584911057,
  "efc": 0.6164966155154596,
  "fber": -1.0,
  "fwhm_avg": 5.009139093609354,
  "fwhm_x": 4.37222794749473,
  "fwhm_y": 5.5850773333333334,
  "fwhm_z": 5.070112,
  "icvs_csf": 0.25973797875336474,
  "icvs_gm": 0.3628194081260495,
  "icvs_wm": 0.37744261312058563,
  "inu_med": 0.3955546021461487,
  "inu_range": 0.16912183165550232,
  "provenance": {
    "md5sum": "4765dd707911382be7e6fb11a3ac25fb",
    "settings": {
      "testing": false
    },
    "software": "mriqc",
    "version": "23.1.0",
    "warnings": {
      "large_rot_frame": true,
      "small_air_mask": false
    }
  },
  "qi_1": 0.0,
  "qi_2": 0.0014066062340344918,
  "rpve_csf": 7.955497492387967,
  "rpve_gm": 7.818491428877181,
  "rpve_wm": 7.874724011315539,
  "size_x": 150,
  "size_y": 256,
  "size_z": 256,
  "snr_csf": 2.4077603868179596,
  "snr_gm": 7.413360198872846,
  "snr_total": 8.50652818206244,
  "snr_wm": 15.69846396049651,
  "snrd_csf": 36.20011891890526,
  "snrd_gm": 67.13462824203003,
  "snrd_total": 60.87271985222778,
  "snrd_wm": 79.28341239574803,
  "spacing_x": 1.2000014781951904,
  "spacing_y": 0.9375,
  "spacing_z": 0.9375,
  "summary_bg_k": 127.99454631114475,
  "summary_bg_mad": 0.0,
  "summary_bg_mean": 2.4709482002090533,
  "summary_bg_median": 0.0,
  "summary_bg_n": 2701410.0,
  "summary_bg_p05": 0.0,
  "summary_bg_p95": 15.522085539996624,
  "summary_bg_stdv": 7.965591768951043,
  "summary_csf_k": -0.2974772075829839,
  "summary_csf_mad": 158.2917384698191,
  "summary_csf_mean": 455.80659899337104,
  "summary_csf_median": 440.1455472409725,
  "summary_csf_n": 318473.82684254856,
  "summary_csf_p05": 159.61954729631543,
  "summary_csf_p95": 782.0229357294738,
  "summary_csf_stdv": 182.80259889108294,
  "summary_gm_k": 0.3834260504776963,
  "summary_gm_mad": 65.76140817361338,
  "summary_gm_mean": 816.1524565934399,
  "summary_gm_median": 816.2682490795851,
  "summary_gm_n": 444865.57535111555,
  "summary_gm_p05": 627.6541829481721,
  "summary_gm_p95": 1000.0690869055688,
  "summary_gm_stdv": 110.10760434528808,
  "summary_wm_k": -0.31818299316755994,
  "summary_wm_mad": 52.889107612111694,
  "summary_wm_mean": 955.484589178489,
  "summary_wm_median": 963.9813895151019,
  "summary_wm_n": 462795.5988219426,
  "summary_wm_p05": 842.7064600586891,
  "summary_wm_p95": 1043.6875290609896,
  "summary_wm_stdv": 61.40602994432389,
  "tpm_overlap_csf": 0.19160075328175968,
  "tpm_overlap_gm": 0.5155177956690437,
  "tpm_overlap_wm": 0.5567920807861457,
  "wm2max": 0.7731008625307058
}