{
  "bids_meta": {
    "InstitutionName": "HH",
    "dataset": "<unset>",
    "modality": "T1w",
    "subject_id": "0888"
  },
  "cjv": 0.7189876979374993,
  "cnr": 1.3100681097485771,
  "efc": 0.6107104418430993,
  "fber": -1.0,
  "fwhm_avg": 4.886711496896688,
  "fwhm_x": 4.2018415146761825,
  "fwhm_y": 5.620148976013884,
  "fwhm_z": 4.838144,
  "icvs_csf": 0.2773259556716438,
  "icvs_gm": 0.36341039756504295,
  "icvs_wm": 0.3592636467633132,
  "inu_med": 0.4159597158432007,
  "inu_range": 0.18819167464971548,
  "provenance": {
    "md5sum": "3648a5820b5586b0503a716f6182727d",
    "settings": {
      "testing": false
    },
    "software": "mriqc",
    "version": "23.1.0",
    "warnings": {
      "large_rot_frame": true,
      "small_air_mask": false
    }
  },
  "qi_1": 0.0,
  "qi_2": 0.0015747844731228665,
  "rpve_csf": 7.894209545563978,
  "rpve_gm": 7.763881223745373,
  "rpve_wm": 7.824908765613526,
  "size_x": 150,
  "size_y": 256,
  "size_z": 256,
  "snr_csf": 2.3998069612751185,
  "snr_gm": 6.859087828195167,
  "snr_total": 7.552164606160136,
  "snr_wm": 13.397599029010122,
  "snrd_csf": 69.21426003537488,
  "snrd_gm": 129.70383615858267,
  "snrd_total": 119.29344989640514,
  "snrd_wm": 158.96225349525784,
  "spacing_x": 1.1999976634979248,
  "spacing_y": 0.9375000596046448,
  "spacing_z": 0.9375,
  "summary_bg_k": 43.52467859656621,
  "summary_bg_mad": 0.0,
  "summary_bg_mean": 1.2167836663947302,
  "summary_bg_median": 0.0,
  "summary_bg_n": 2696271.0,
  "summary_bg_p05": 0.0,
  "summary_bg_p95": 8.41306471824646,
  "summary_bg_stdv": 3.9443742075140547,
  "summary_csf_k": -0.2935800095079957,
  "summary_csf_mad": 148.77032659401993,
  "summary_csf_mean": 428.5762889749323,
  "summary_csf_median": 416.71771264076233,
  "summary_csf_n": 342508.0939512945,
  "summary_csf_p05": 143.75264644622803,
  "summary_csf_p95": 742.1642777919769,
  "summary_csf_stdv": 173.6460936367354,
  "summary_gm_k": -0.33422095509378114,
  "summary_gm_mad": 67.92144549055301,
  "summary_gm_mean": 780.0716812260697,
  "summary_gm_median": 780.9067943096161,
  "summary_gm_n": 448825.65099481604,
  "summary_gm_p05": 583.8949706554413,
  "summary_gm_p95": 981.5477831363678,
  "summary_gm_stdv": 113.84982142299413,
  "summary_wm_k": -0.6822088459494777,
  "summary_wm_mad": 58.73248450083314,
  "summary_wm_mean": 938.8839238239086,
  "summary_wm_median": 957.0627012252808,
  "summary_wm_n": 443704.25617350655,
  "summary_wm_p05": 802.5403892993927,
  "summary_wm_p95": 1029.3632125854492,
  "summary_wm_stdv": 71.43530871916987,
  "tpm_overlap_csf": 0.18602028028335393,
  "tpm_overlap_gm": 0.5152962884945104,
  "tpm_overlap_wm": 0.5546840487366225,
  "wm2max": 0.7541857872953007
}