{
  "bids_meta": {
    "InstitutionName": "HH",
    "dataset": "<unset>",
    "modality": "T1w",
    "subject_id": "0667"
  },
  "cjv": 0.7712365116301491,
  "cnr": 1.1536906279711259,
  "efc": 0.6487114190420917,
  "fber": -1.0,
  "fwhm_avg": 4.94278800852897,
  "fwhm_x": 4.340993358920244,
  "fwhm_y": 5.595253333333333,
  "fwhm_z": 4.892117333333333,
  "icvs_csf": 0.26489027257931025,
  "icvs_gm": 0.3572633938692566,
  "icvs_wm": 0.3778463335514332,
  "inu_med": 0.4107252359390259,
  "inu_range": 0.19305935949087133,
  "provenance": {
    "md5sum": "d382e7217e5f862e281c1798935b652a",
    "settings": {
      "testing": false
    },
    "software": "mriqc",
    "version": "23.1.0",
    "warnings": {
      "large_rot_frame": true,
      "small_air_mask": false
    }
  },
  "qi_1": 0.0,
  "qi_2": 0.001057531680324389,
  "rpve_csf": 6.98937515800243,
  "rpve_gm": 6.855914113501955,
  "rpve_wm": 6.92077993768069,
  "size_x": 150,
  "size_y": 256,
  "size_z": 256,
  "snr_csf": 2.0825803206291673,
  "snr_gm": 6.415341607442085,
  "snr_total": 7.6437310014236495,
  "snr_wm": 14.433271076199697,
  "snrd_csf": 34.79999802926533,
  "snrd_gm": 66.91772447393059,
  "snrd_total": 60.768657251313776,
  "snrd_wm": 80.58824925074539,
  "spacing_x": 1.200001835823059,
  "spacing_y": 0.9375,
  "spacing_z": 0.9375,
  "summary_bg_k": 2020.3127326379388,
  "summary_bg_mad": 0.0,
  "summary_bg_mean": 1.6695869257000238,
  "summary_bg_median": 0.0,
  "summary_bg_n": 2157269.0,
  "summary_bg_p05": 0.0,
  "summary_bg_p95": 10.605491057038307,
  "summary_bg_stdv": 7.795568633146098,
  "summary_csf_k": -0.12742445689638737,
  "summary_csf_mad": 138.502595144162,
  "summary_csf_mean": 426.4038923113301,
  "summary_csf_median": 414.09052079916,
  "summary_csf_n": 368736.26591026597,
  "summary_csf_p05": 63.08136051893234,
  "summary_csf_p95": 779.8169937282801,
  "summary_csf_stdv": 198.83504861608097,
  "summary_gm_k": -0.13600516295123954,
  "summary_gm_mad": 67.69007669283924,
  "summary_gm_mean": 789.8875138126526,
  "summary_gm_median": 796.2642800956964,
  "summary_gm_n": 497322.79150543554,
  "summary_gm_p05": 568.7100559026003,
  "summary_gm_p95": 994.2083744108677,
  "summary_gm_stdv": 124.11864063806514,
  "summary_wm_k": -0.6429629815552782,
  "summary_wm_mad": 57.76517253194519,
  "summary_wm_mean": 946.0256575541439,
  "summary_wm_median": 958.9319538027048,
  "summary_wm_n": 525974.9433793388,
  "summary_wm_p05": 822.0133092105389,
  "summary_wm_p95": 1036.7807711362839,
  "summary_wm_stdv": 66.43892691850282,
  "tpm_overlap_csf": 0.19281479972183815,
  "tpm_overlap_gm": 0.5033525260731098,
  "tpm_overlap_wm": 0.5512091353871581,
  "wm2max": 0.6945311982962126
}