{
  "bids_meta": {
    "InstitutionName": "HH",
    "dataset": "<unset>",
    "modality": "T1w",
    "subject_id": "0910"
  },
  "cjv": 0.8138090095278594,
  "cnr": 1.2120442314835898,
  "efc": 0.6281999096638605,
  "fber": -1.0,
  "fwhm_avg": 4.8446756784346725,
  "fwhm_x": 4.100533391438709,
  "fwhm_y": 5.549248,
  "fwhm_z": 4.884245643865308,
  "icvs_csf": 0.25249248352044695,
  "icvs_gm": 0.36816813114071434,
  "icvs_wm": 0.3793393853388387,
  "inu_med": 0.3756384700536728,
  "inu_range": 0.1721412852406502,
  "provenance": {
    "md5sum": "26eb4f01a462b5ff2d87eb5607685619",
    "settings": {
      "testing": false
    },
    "software": "mriqc",
    "version": "23.1.0",
    "warnings": {
      "large_rot_frame": true,
      "small_air_mask": false
    }
  },
  "qi_1": 0.0,
  "qi_2": 0.0017102768790297634,
  "rpve_csf": 6.844284156754538,
  "rpve_gm": 6.722501735873522,
  "rpve_wm": 6.792158864065456,
  "size_x": 150,
  "size_y": 256,
  "size_z": 256,
  "snr_csf": 2.425737084833675,
  "snr_gm": 7.578277277221429,
  "snr_total": 9.020329944994808,
  "snr_wm": 17.056975472929324,
  "snrd_csf": 26.59534135892074,
  "snrd_gm": 42.748671695569016,
  "snrd_total": 39.951781059416824,
  "snrd_wm": 50.51133012376073,
  "spacing_x": 1.1999975442886353,
  "spacing_y": 0.9375,
  "spacing_z": 0.9374999403953552,
  "summary_bg_k": 62.4816444289534,
  "summary_bg_mad": 0.0,
  "summary_bg_mean": 4.393180481778757,
  "summary_bg_median": 0.0,
  "summary_bg_n": 2918620.0,
  "summary_bg_p05": 0.0,
  "summary_bg_p95": 27.98317052423954,
  "summary_bg_stdv": 12.673985144377282,
  "summary_csf_k": -0.24808116856535323,
  "summary_csf_mad": 157.31447989648368,
  "summary_csf_mean": 515.9488449033546,
  "summary_csf_median": 514.5019591227174,
  "summary_csf_n": 358209.06666812184,
  "summary_csf_p05": 144.9697526358068,
  "summary_csf_p95": 859.0634182468057,
  "summary_csf_stdv": 212.10099156262547,
  "summary_gm_k": 0.34187961087172214,
  "summary_gm_mad": 71.42269324253776,
  "summary_gm_mean": 828.3878781570243,
  "summary_gm_median": 826.9972940161824,
  "summary_gm_n": 522317.1826506359,
  "summary_gm_p05": 646.9489939883351,
  "summary_gm_p95": 1012.2488704137504,
  "summary_gm_stdv": 109.12724252510546,
  "summary_wm_k": -0.2920485260067127,
  "summary_wm_mad": 50.78947075024907,
  "summary_wm_mean": 972.4714323846327,
  "summary_wm_median": 977.1703230217099,
  "summary_wm_n": 538165.7516219907,
  "summary_wm_p05": 869.743827637285,
  "summary_wm_p95": 1058.729812912643,
  "summary_wm_stdv": 57.28855134375815,
  "tpm_overlap_csf": 0.21134434232559912,
  "tpm_overlap_gm": 0.520843144995335,
  "tpm_overlap_wm": 0.5527785910177756,
  "wm2max": 0.6922032343967691
}