{
  "bids_meta": {
    "InstitutionName": "HH",
    "dataset": "<unset>",
    "modality": "T1w",
    "subject_id": "0770"
  },
  "cjv": 0.7680457893553101,
  "cnr": 1.184496335018861,
  "efc": 0.6278872132149047,
  "fber": -1.0,
  "fwhm_avg": 4.787914106818935,
  "fwhm_x": 4.162654320456803,
  "fwhm_y": 5.570922666666666,
  "fwhm_z": 4.630165333333333,
  "icvs_csf": 0.2560745331350444,
  "icvs_gm": 0.3670424838729187,
  "icvs_wm": 0.37688298299203676,
  "inu_med": 0.37078794836997986,
  "inu_range": 0.19536501169204706,
  "provenance": {
    "md5sum": "c68dc82bfc30b4df9942763b1023210f",
    "settings": {
      "testing": false
    },
    "software": "mriqc",
    "version": "23.1.0",
    "warnings": {
      "large_rot_frame": true,
      "small_air_mask": false
    }
  },
  "qi_1": 0.0,
  "qi_2": 0.0027209861996155757,
  "rpve_csf": 5.99728352336101,
  "rpve_gm": 5.858843781513514,
  "rpve_wm": 5.9230030674063,
  "size_x": 150,
  "size_y": 256,
  "size_z": 256,
  "snr_csf": 2.420494135689418,
  "snr_gm": 7.579897718841287,
  "snr_total": 8.37666751622354,
  "snr_wm": 15.129610694139917,
  "snrd_csf": 19.499582062314595,
  "snrd_gm": 33.340069200706644,
  "snrd_total": 30.76190824262981,
  "snrd_wm": 39.446073464868185,
  "spacing_x": 1.1999963521957397,
  "spacing_y": 0.9375,
  "spacing_z": 0.9375,
  "summary_bg_k": 1440.535716701501,
  "summary_bg_mad": 0.0,
  "summary_bg_mean": 1.8805320782266388,
  "summary_bg_median": 0.0,
  "summary_bg_n": 2390754.0,
  "summary_bg_p05": 0.0,
  "summary_bg_p95": 9.447599686682224,
  "summary_bg_stdv": 16.04421794637994,
  "summary_csf_k": 0.174229271422071,
  "summary_csf_mad": 154.32611357486337,
  "summary_csf_mean": 487.6721015471829,
  "summary_csf_median": 477.542607113719,
  "summary_csf_n": 414566.4880846349,
  "summary_csf_p05": 126.12287450581789,
  "summary_csf_p95": 820.8053957298398,
  "summary_csf_stdv": 197.29113329298409,
  "summary_gm_k": -0.14889366547837968,
  "summary_gm_mad": 61.42428079049118,
  "summary_gm_mean": 816.3862499105147,
  "summary_gm_median": 816.4946057088673,
  "summary_gm_n": 594215.7217047883,
  "summary_gm_p05": 631.4662052877247,
  "summary_gm_p95": 1000.3872291184962,
  "summary_gm_stdv": 107.71832931775766,
  "summary_wm_k": -0.5127486959659193,
  "summary_wm_mad": 53.42572958475121,
  "summary_wm_mean": 954.3109022570404,
  "summary_wm_median": 966.0299745202065,
  "summary_wm_n": 610146.7911120742,
  "summary_wm_p05": 834.5895985513926,
  "summary_wm_p95": 1041.6882113553584,
  "summary_wm_stdv": 63.85023398233917,
  "tpm_overlap_csf": 0.21501328045326845,
  "tpm_overlap_gm": 0.5122767005708782,
  "tpm_overlap_wm": 0.5503736503099063,
  "wm2max": 0.6943382719621018
}