{
  "bids_meta": {
    "InstitutionName": "HH",
    "dataset": "<unset>",
    "modality": "T1w",
    "subject_id": "0341"
  },
  "cjv": 0.6400411871096086,
  "cnr": 1.53407936618542,
  "efc": 0.6302084362647515,
  "fber": -1.0,
  "fwhm_avg": 4.823761770232728,
  "fwhm_x": 4.127498328598418,
  "fwhm_y": 5.382453333333333,
  "fwhm_z": 4.9613336487664315,
  "icvs_csf": 0.24801905364229004,
  "icvs_gm": 0.38802070371434944,
  "icvs_wm": 0.3639602426433604,
  "inu_med": 0.3512135446071625,
  "inu_range": 0.1562435209751129,
  "provenance": {
    "md5sum": "9756b83e4cc9756ff4a74a00fc7316b0",
    "settings": {
      "testing": false
    },
    "software": "mriqc",
    "version": "23.1.0",
    "warnings": {
      "large_rot_frame": true,
      "small_air_mask": false
    }
  },
  "qi_1": 0.0,
  "qi_2": 0.0015239661855519458,
  "rpve_csf": 6.419957388010262,
  "rpve_gm": 6.318146177440041,
  "rpve_wm": 6.398672128071265,
  "size_x": 150,
  "size_y": 256,
  "size_z": 256,
  "snr_csf": 2.756383242274345,
  "snr_gm": 8.66511566084257,
  "snr_total": 8.969295248992315,
  "snr_wm": 15.48638684386003,
  "snrd_csf": 65.42023963813566,
  "snrd_gm": 92.92953825768113,
  "snrd_total": 90.39843289537608,
  "snrd_wm": 112.84552079031143,
  "spacing_x": 1.200002908706665,
  "spacing_y": 0.9375,
  "spacing_z": 0.9374999403953552,
  "summary_bg_k": 1021.7392249059474,
  "summary_bg_mad": 0.0,
  "summary_bg_mean": 1.3553500509730934,
  "summary_bg_median": 0.0,
  "summary_bg_n": 2565726.0,
  "summary_bg_p05": 0.0,
  "summary_bg_p95": 8.936372190713882,
  "summary_bg_stdv": 5.58445749599023,
  "summary_csf_k": 0.42306381510283186,
  "summary_csf_mad": 132.15777479165928,
  "summary_csf_mean": 551.2337090733885,
  "summary_csf_median": 557.6495942473412,
  "summary_csf_n": 373928.15861205664,
  "summary_csf_p05": 191.6327634304762,
  "summary_csf_p95": 854.3720976859331,
  "summary_csf_stdv": 202.3117975868384,
  "summary_gm_k": -0.5000762341442346,
  "summary_gm_mad": 61.50832307581567,
  "summary_gm_mean": 794.8126014780504,
  "summary_gm_median": 792.1419974863529,
  "summary_gm_n": 585002.9064804128,
  "summary_gm_p05": 644.4422370046377,
  "summary_gm_p95": 963.7303283214569,
  "summary_gm_stdv": 91.41728182863741,
  "summary_wm_k": -0.2975807575840417,
  "summary_wm_mad": 47.148979301196846,
  "summary_wm_mean": 949.8904863277426,
  "summary_wm_median": 961.9081071764231,
  "summary_wm_n": 548727.9357815571,
  "summary_wm_p05": 827.8625243157148,
  "summary_wm_p95": 1032.8998460322618,
  "summary_wm_stdv": 62.11308295377485,
  "tpm_overlap_csf": 0.2284572188508842,
  "tpm_overlap_gm": 0.5313738159404964,
  "tpm_overlap_wm": 0.5548238782879943,
  "wm2max": 0.7334830690751281
}