{
  "bids_meta": {
    "InstitutionName": "HH",
    "dataset": "<unset>",
    "modality": "T1w",
    "subject_id": "0964"
  },
  "cjv": 0.6681948948872624,
  "cnr": 1.5556481527660593,
  "efc": 0.5908378471396237,
  "fber": -1.0,
  "fwhm_avg": 5.004515896615664,
  "fwhm_x": 4.258721023180324,
  "fwhm_y": 5.757301333333333,
  "fwhm_z": 4.997525333333333,
  "icvs_csf": 0.2506464445784524,
  "icvs_gm": 0.38793341152973826,
  "icvs_wm": 0.36142014389180926,
  "inu_med": 0.3654939979314804,
  "inu_range": 0.16263582557439804,
  "provenance": {
    "md5sum": "a696210b3aead1e6648762653fe5209e",
    "settings": {
      "testing": false
    },
    "software": "mriqc",
    "version": "23.1.0",
    "warnings": {
      "large_rot_frame": true,
      "small_air_mask": false
    }
  },
  "qi_1": 0.0,
  "qi_2": 0.000715876896450785,
  "rpve_csf": 8.137064600580663,
  "rpve_gm": 8.030794633800452,
  "rpve_wm": 8.095845752666198,
  "size_x": 150,
  "size_y": 256,
  "size_z": 256,
  "snr_csf": 2.282142917561733,
  "snr_gm": 8.884172116443464,
  "snr_total": 8.810162928952161,
  "snr_wm": 15.264173752851292,
  "snrd_csf": 94.08795694546244,
  "snrd_gm": 149.48644986259774,
  "snrd_total": 141.7107564967031,
  "snrd_wm": 181.55786268204912,
  "spacing_x": 1.2000011205673218,
  "spacing_y": 0.9375,
  "spacing_z": 0.9375,
  "summary_bg_k": 57.72463877660963,
  "summary_bg_mad": 0.0,
  "summary_bg_mean": 0.8771954574074499,
  "summary_bg_median": 0.0,
  "summary_bg_n": 3262013.0,
  "summary_bg_p05": 0.0,
  "summary_bg_p95": 5.230467677116394,
  "summary_bg_stdv": 3.4533826946844295,
  "summary_csf_k": -0.5992714405179229,
  "summary_csf_mad": 165.9298722871282,
  "summary_csf_mean": 491.3837077102771,
  "summary_csf_median": 495.9604172408581,
  "summary_csf_n": 299854.85858249874,
  "summary_csf_p05": 111.14743813872337,
  "summary_csf_p95": 826.1570396609604,
  "summary_csf_stdv": 217.32188042335886,
  "summary_gm_k": -0.49271872298037156,
  "summary_gm_mad": 62.41843516246446,
  "summary_gm_mean": 792.80746708867,
  "summary_gm_median": 787.9792956784368,
  "summary_gm_n": 464094.82667633286,
  "summary_gm_p05": 648.7881446816027,
  "summary_gm_p95": 956.9187315888703,
  "summary_gm_stdv": 88.69463990656017,
  "summary_wm_k": -0.45381041651650467,
  "summary_wm_mad": 50.54404622140771,
  "summary_wm_mean": 944.948242505596,
  "summary_wm_median": 957.0354830995202,
  "summary_wm_n": 432376.31524281943,
  "summary_wm_p05": 823.3550034053624,
  "summary_wm_p95": 1027.4366440214217,
  "summary_wm_stdv": 62.69807929854133,
  "tpm_overlap_csf": 0.20469764612279587,
  "tpm_overlap_gm": 0.5419878566551689,
  "tpm_overlap_wm": 0.5578613743975166,
  "wm2max": 0.8108845933618848
}