{
  "bids_meta": {
    "InstitutionName": "HH",
    "dataset": "<unset>",
    "modality": "T1w",
    "subject_id": "0762"
  },
  "cjv": 0.7643667534144558,
  "cnr": 1.2793531163607266,
  "efc": 0.6523472951563447,
  "fber": -1.0,
  "fwhm_avg": 5.403423894676087,
  "fwhm_x": 4.643263684028262,
  "fwhm_y": 6.185098666666667,
  "fwhm_z": 5.381909333333334,
  "icvs_csf": 0.25972120551711875,
  "icvs_gm": 0.3653800684810434,
  "icvs_wm": 0.3748987260018379,
  "inu_med": 0.3591102957725525,
  "inu_range": 0.17467567920684807,
  "provenance": {
    "md5sum": "7a9e9ff9dd2b337ca814471b1c73e331",
    "settings": {
      "testing": false
    },
    "software": "mriqc",
    "version": "23.1.0",
    "warnings": {
      "large_rot_frame": true,
      "small_air_mask": false
    }
  },
  "qi_1": 0.0,
  "qi_2": 0.0014903375617286436,
  "rpve_csf": 6.002727235552259,
  "rpve_gm": 5.892132451522586,
  "rpve_wm": 5.964777360403416,
  "size_x": 150,
  "size_y": 256,
  "size_z": 256,
  "snr_csf": 2.439563318217343,
  "snr_gm": 7.303394695766725,
  "snr_total": 9.113995822189901,
  "snr_wm": 17.599029452585636,
  "snrd_csf": 14.457401142717364,
  "snrd_gm": 23.748432273816068,
  "snrd_total": 22.225231754744282,
  "snrd_wm": 28.469861847699406,
  "spacing_x": 1.1999986171722412,
  "spacing_y": 0.9375,
  "spacing_z": 0.9375,
  "summary_bg_k": 1038.9925604313069,
  "summary_bg_mad": 0.0,
  "summary_bg_mean": 2.1171468400189366,
  "summary_bg_median": 0.0,
  "summary_bg_n": 2732204.0,
  "summary_bg_p05": 0.0,
  "summary_bg_p95": 9.428402855992317,
  "summary_bg_stdv": 22.41741986249522,
  "summary_csf_k": -0.13009881750229813,
  "summary_csf_mad": 151.83866143056073,
  "summary_csf_mean": 498.4036360647803,
  "summary_csf_median": 494.7025253623724,
  "summary_csf_n": 419425.0737762947,
  "summary_csf_p05": 144.4084968045354,
  "summary_csf_p95": 834.8225375730544,
  "summary_csf_stdv": 202.78298658165536,
  "summary_gm_k": -0.2533718077795615,
  "summary_gm_mad": 74.8138824991349,
  "summary_gm_mean": 811.1487491194556,
  "summary_gm_median": 812.6224971748888,
  "summary_gm_n": 590054.1000259151,
  "summary_gm_p05": 622.0821721106768,
  "summary_gm_p95": 998.5929330997169,
  "summary_gm_stdv": 111.26631414917584,
  "summary_wm_k": -0.325361832271025,
  "summary_wm_mad": 48.67538113027605,
  "summary_wm_mean": 967.4007555043448,
  "summary_wm_median": 974.1801042761654,
  "summary_wm_n": 605425.8276634852,
  "summary_wm_p05": 864.983805892989,
  "summary_wm_p95": 1047.346434602514,
  "summary_wm_stdv": 55.35414906595644,
  "tpm_overlap_csf": 0.19628671789679417,
  "tpm_overlap_gm": 0.5082565498536065,
  "tpm_overlap_wm": 0.5415498909283365,
  "wm2max": 0.795940023974689
}