{
  "bids_meta": {
    "InstitutionName": "HH",
    "dataset": "<unset>",
    "modality": "T1w",
    "subject_id": "0436"
  },
  "cjv": 0.6316314234567804,
  "cnr": 1.502629037054053,
  "efc": 0.5702410973233538,
  "fber": -1.0,
  "fwhm_avg": 4.820135281025894,
  "fwhm_x": 4.097792509744348,
  "fwhm_y": 5.508458666666667,
  "fwhm_z": 4.854154666666667,
  "icvs_csf": 0.27229099661158335,
  "icvs_gm": 0.37180626383416054,
  "icvs_wm": 0.3559027395542563,
  "inu_med": 0.37340402603149414,
  "inu_range": 0.15893264859914774,
  "provenance": {
    "md5sum": "36ba2b74e0a31b0c338b5931c4c88ca0",
    "settings": {
      "testing": false
    },
    "software": "mriqc",
    "version": "23.1.0",
    "warnings": {
      "large_rot_frame": true,
      "small_air_mask": false
    }
  },
  "qi_1": 0.0,
  "qi_2": 0.0020327774514000752,
  "rpve_csf": 7.098545678138047,
  "rpve_gm": 6.99593147526071,
  "rpve_wm": 7.068897110679855,
  "size_x": 150,
  "size_y": 256,
  "size_z": 256,
  "snr_csf": 2.1975431257194002,
  "snr_gm": 7.075809579453982,
  "snr_total": 8.161774816245165,
  "snr_wm": 15.211971743562115,
  "snrd_csf": 76.0593335895533,
  "snrd_gm": 132.89713985062627,
  "snrd_total": 124.82834652110192,
  "snrd_wm": 165.52856612312615,
  "spacing_x": 1.2000021934509277,
  "spacing_y": 0.9375,
  "spacing_z": 0.9375,
  "summary_bg_k": 29.452666298716274,
  "summary_bg_mad": 0.0,
  "summary_bg_mean": 1.3770645240110209,
  "summary_bg_median": 0.0,
  "summary_bg_n": 2703656.0,
  "summary_bg_p05": 0.0,
  "summary_bg_p95": 9.52065934240818,
  "summary_bg_stdv": 3.83760131571785,
  "summary_csf_k": -0.2007448918683612,
  "summary_csf_mad": 151.0307495223852,
  "summary_csf_mean": 452.54993408777847,
  "summary_csf_median": 445.53378297388554,
  "summary_csf_n": 372789.2470309894,
  "summary_csf_p05": 82.16588881611824,
  "summary_csf_p95": 789.316995754838,
  "summary_csf_stdv": 202.74149808082686,
  "summary_gm_k": -0.2394967017963996,
  "summary_gm_mad": 71.1371642578767,
  "summary_gm_mean": 777.8926309726872,
  "summary_gm_median": 778.4733663797379,
  "summary_gm_n": 509034.0072237474,
  "summary_gm_p05": 589.1705293804407,
  "summary_gm_p95": 977.1787403970957,
  "summary_gm_stdv": 110.0188738801407,
  "summary_wm_k": -0.5243516043187215,
  "summary_wm_mad": 49.59636858156249,
  "summary_wm_mean": 953.6639919982161,
  "summary_wm_median": 969.6189116388559,
  "summary_wm_n": 487260.74657531816,
  "summary_wm_p05": 826.4782789945602,
  "summary_wm_p95": 1033.2868444621563,
  "summary_wm_stdv": 63.74044949692053,
  "tpm_overlap_csf": 0.19642543415814454,
  "tpm_overlap_gm": 0.5190898096909097,
  "tpm_overlap_wm": 0.5553117018505371,
  "wm2max": 0.7310569627017206
}