{
  "bids_meta": {
    "InstitutionName": "HH",
    "dataset": "<unset>",
    "modality": "T1w",
    "subject_id": "0013"
  },
  "cjv": 0.6957124954223314,
  "cnr": 1.3915011001464337,
  "efc": 0.599418421465087,
  "fber": -1.0,
  "fwhm_avg": 5.09372516002031,
  "fwhm_x": 4.466263480060932,
  "fwhm_y": 6.028437333333333,
  "fwhm_z": 4.786474666666667,
  "icvs_csf": 0.27205632311493655,
  "icvs_gm": 0.3656341455067596,
  "icvs_wm": 0.3623095313783038,
  "inu_med": 0.37504681944847107,
  "inu_range": 0.19300852715969086,
  "provenance": {
    "md5sum": "a5822cf1c75c7fa0c773c5e8bd770f4c",
    "settings": {
      "testing": false
    },
    "software": "mriqc",
    "version": "23.1.0",
    "warnings": {
      "large_rot_frame": true,
      "small_air_mask": false
    }
  },
  "qi_1": 0.0,
  "qi_2": 0.000880103429693769,
  "rpve_csf": 6.753539888566843,
  "rpve_gm": 6.643990744787988,
  "rpve_wm": 6.71282241687285,
  "size_x": 150,
  "size_y": 256,
  "size_z": 256,
  "snr_csf": 2.2713463425749603,
  "snr_gm": 7.202308633004655,
  "snr_total": 8.685831045291287,
  "snr_wm": 16.583838160294246,
  "snrd_csf": 80.69261134157098,
  "snrd_gm": 142.0381890876144,
  "snrd_total": 131.94369097857685,
  "snrd_wm": 173.10027250654517,
  "spacing_x": 1.1999986171722412,
  "spacing_y": 0.9375,
  "spacing_z": 0.9375,
  "summary_bg_k": 31.023949754215835,
  "summary_bg_mad": 0.0,
  "summary_bg_mean": 1.2088652989850701,
  "summary_bg_median": 0.0,
  "summary_bg_n": 2568888.0,
  "summary_bg_p05": 0.0,
  "summary_bg_p95": 8.609305450692773,
  "summary_bg_stdv": 3.6755326098638275,
  "summary_csf_k": -0.18672874714011511,
  "summary_csf_mad": 159.75928040318098,
  "summary_csf_mean": 462.34695622312813,
  "summary_csf_median": 452.71232732757926,
  "summary_csf_n": 391508.36533750524,
  "summary_csf_p05": 108.84803292527795,
  "summary_csf_p95": 800.8177840020508,
  "summary_csf_stdv": 199.3142748321132,
  "summary_gm_k": -0.32017918831693537,
  "summary_gm_mad": 72.93276600069798,
  "summary_gm_mean": 795.9877719745894,
  "summary_gm_median": 796.8813759051263,
  "summary_gm_n": 526173.4959141179,
  "summary_gm_p05": 606.7655629143119,
  "summary_gm_p95": 989.2574490290135,
  "summary_gm_stdv": 110.64238694396117,
  "summary_wm_k": -0.49282750388723917,
  "summary_wm_mad": 48.308073711355455,
  "summary_wm_mean": 958.4825670915432,
  "summary_wm_median": 971.1499717831612,
  "summary_wm_n": 521389.14013106993,
  "summary_wm_p05": 844.2706501558423,
  "summary_wm_p95": 1034.767405865714,
  "summary_wm_stdv": 58.55996851185849,
  "tpm_overlap_csf": 0.1802137341491126,
  "tpm_overlap_gm": 0.4974319074973601,
  "tpm_overlap_wm": 0.5312372932063706,
  "wm2max": 0.7585645989962508
}