{
  "bids_meta": {
    "InstitutionName": "HH",
    "dataset": "<unset>",
    "modality": "T1w",
    "subject_id": "0588"
  },
  "cjv": 0.6394120902192022,
  "cnr": 1.568531804191408,
  "efc": 0.6386100565399699,
  "fber": -1.0,
  "fwhm_avg": 5.158038379516053,
  "fwhm_x": 4.443352471881493,
  "fwhm_y": 6.014816,
  "fwhm_z": 5.015946666666666,
  "icvs_csf": 0.2633228367394823,
  "icvs_gm": 0.378087491259159,
  "icvs_wm": 0.35858967200135866,
  "inu_med": 0.36847008764743805,
  "inu_range": 0.18310675323009495,
  "provenance": {
    "md5sum": "2d8e99b247b70c102dfb6237516a3735",
    "settings": {
      "testing": false
    },
    "software": "mriqc",
    "version": "23.1.0",
    "warnings": {
      "large_rot_frame": true,
      "small_air_mask": false
    }
  },
  "qi_1": 0.0,
  "qi_2": 0.0026009922045324724,
  "rpve_csf": 6.654027461743277,
  "rpve_gm": 6.555218540220246,
  "rpve_wm": 6.619583572804321,
  "size_x": 150,
  "size_y": 256,
  "size_z": 256,
  "snr_csf": 2.3024611660397145,
  "snr_gm": 8.403495263367448,
  "snr_total": 9.232427247815783,
  "snr_wm": 16.99132531404019,
  "snrd_csf": 69.6643128425494,
  "snrd_gm": 118.50237387624257,
  "snrd_total": 110.83728493680121,
  "snrd_wm": 144.34516809161167,
  "spacing_x": 1.1999993324279785,
  "spacing_y": 0.9375,
  "spacing_z": 0.9375,
  "summary_bg_k": 33.13025760311157,
  "summary_bg_mad": 0.0,
  "summary_bg_mean": 1.366219433143837,
  "summary_bg_median": 0.0,
  "summary_bg_n": 2634274.0,
  "summary_bg_p05": 0.0,
  "summary_bg_p95": 10.114851154386997,
  "summary_bg_stdv": 4.402085783205182,
  "summary_csf_k": -0.35840261368017057,
  "summary_csf_mad": 169.79801625595385,
  "summary_csf_mean": 472.97820967898514,
  "summary_csf_median": 468.09837029501796,
  "summary_csf_n": 384767.32927492156,
  "summary_csf_p05": 120.03288882225752,
  "summary_csf_p95": 806.9209705404937,
  "summary_csf_stdv": 203.30321697116307,
  "summary_gm_k": -0.4932219125312236,
  "summary_gm_mad": 65.67345505831759,
  "summary_gm_mean": 798.2013479781068,
  "summary_gm_median": 796.2580240033567,
  "summary_gm_n": 552461.4425598333,
  "summary_gm_p05": 639.1290431395173,
  "summary_gm_p95": 972.0720747336745,
  "summary_gm_stdv": 94.75310908168058,
  "summary_wm_k": -0.45962976764202024,
  "summary_wm_mad": 45.35826929787064,
  "summary_wm_mean": 957.8265935254552,
  "summary_wm_median": 969.904606629163,
  "summary_wm_n": 523971.2290432169,
  "summary_wm_p05": 844.814292229712,
  "summary_wm_p95": 1031.7148177474737,
  "summary_wm_stdv": 57.08228541154249,
  "tpm_overlap_csf": 0.19632202404688168,
  "tpm_overlap_gm": 0.5344367946341628,
  "tpm_overlap_wm": 0.5618220184719614,
  "wm2max": 0.794302704657737
}