{
  "bids_meta": {
    "InstitutionName": "HH",
    "dataset": "<unset>",
    "modality": "T1w",
    "subject_id": "0378"
  },
  "cjv": 0.8301194631991207,
  "cnr": 1.1505790401134246,
  "efc": 0.5654710744787265,
  "fber": -1.0,
  "fwhm_avg": 5.30938928227752,
  "fwhm_x": 4.671122513499228,
  "fwhm_y": 6.067829333333333,
  "fwhm_z": 5.189216,
  "icvs_csf": 0.2634118950774727,
  "icvs_gm": 0.3632324222080405,
  "icvs_wm": 0.37335568271448677,
  "inu_med": 0.41447484493255615,
  "inu_range": 0.21759791523218158,
  "provenance": {
    "md5sum": "1b754632d3a16aefd67b89330f5278ad",
    "settings": {
      "testing": false
    },
    "software": "mriqc",
    "version": "23.1.0",
    "warnings": {
      "large_rot_frame": true,
      "small_air_mask": false
    }
  },
  "qi_1": 0.0,
  "qi_2": 0.0016789131776428238,
  "rpve_csf": 7.1958098450901185,
  "rpve_gm": 7.043859169465182,
  "rpve_wm": 7.089529030544152,
  "size_x": 150,
  "size_y": 256,
  "size_z": 256,
  "snr_csf": 2.3866650856811193,
  "snr_gm": 7.296305402803703,
  "snr_total": 7.828743312501879,
  "snr_wm": 13.803259449020814,
  "snrd_csf": 52.92662694832765,
  "snrd_gm": 109.54037625762824,
  "snrd_total": 97.47004456169758,
  "snrd_wm": 129.94313047913684,
  "spacing_x": 1.1999984979629517,
  "spacing_y": 0.9375,
  "spacing_z": 0.9375,
  "summary_bg_k": 28.599915458125235,
  "summary_bg_mad": 0.0,
  "summary_bg_mean": 1.7296346218695127,
  "summary_bg_median": 0.0,
  "summary_bg_n": 2541925.0,
  "summary_bg_p05": 0.0,
  "summary_bg_p95": 11.177615348249674,
  "summary_bg_stdv": 4.795619061320838,
  "summary_csf_k": -0.265614181590323,
  "summary_csf_mad": 146.24476741776184,
  "summary_csf_mean": 413.6856736952341,
  "summary_csf_median": 387.4245745539665,
  "summary_csf_n": 357463.11257441435,
  "summary_csf_p05": 198.42126048356295,
  "summary_csf_p95": 717.8705733083189,
  "summary_csf_stdv": 162.32861282862214,
  "summary_gm_k": -0.01961658243349662,
  "summary_gm_mad": 64.19336901478138,
  "summary_gm_mean": 802.929903206489,
  "summary_gm_median": 801.8390008024871,
  "summary_gm_n": 492924.55905319605,
  "summary_gm_p05": 617.7429324947298,
  "summary_gm_p95": 990.5696901082993,
  "summary_gm_stdv": 109.89646721001519,
  "summary_wm_k": -0.5664138116151256,
  "summary_wm_mad": 59.783979042386555,
  "summary_wm_mean": 938.5929874834648,
  "summary_wm_median": 951.1878036595881,
  "summary_wm_n": 506662.32973728626,
  "summary_wm_p05": 812.2978781349957,
  "summary_wm_p95": 1033.2478578016162,
  "summary_wm_stdv": 68.91030835810244,
  "tpm_overlap_csf": 0.17607914195491964,
  "tpm_overlap_gm": 0.5101568968148029,
  "tpm_overlap_wm": 0.5488345155437497,
  "wm2max": 0.7301829430851244
}