{
  "bids_meta": {
    "InstitutionName": "HH",
    "dataset": "<unset>",
    "modality": "T1w",
    "subject_id": "0803"
  },
  "cjv": 0.6850775069576555,
  "cnr": 1.3594281026046764,
  "efc": 0.6888569357531893,
  "fber": -1.0,
  "fwhm_avg": 5.152146635430419,
  "fwhm_x": 4.383895906291254,
  "fwhm_y": 5.870741333333333,
  "fwhm_z": 5.201802666666667,
  "icvs_csf": 0.25716234108368335,
  "icvs_gm": 0.38210830922878125,
  "icvs_wm": 0.3607293496875355,
  "inu_med": 0.37007391452789307,
  "inu_range": 0.1790819495916367,
  "provenance": {
    "md5sum": "4aa9afd54199c1deafb6c2d6d6f3d571",
    "settings": {
      "testing": false
    },
    "software": "mriqc",
    "version": "23.1.0",
    "warnings": {
      "large_rot_frame": true,
      "small_air_mask": false
    }
  },
  "qi_1": 0.0,
  "qi_2": 0.0018770315419802258,
  "rpve_csf": 6.135570401850853,
  "rpve_gm": 6.000173232221488,
  "rpve_wm": 6.059533649754252,
  "size_x": 150,
  "size_y": 256,
  "size_z": 256,
  "snr_csf": 2.3476384354133,
  "snr_gm": 8.526996947418056,
  "snr_total": 8.002277894302358,
  "snr_wm": 13.132198300075716,
  "snrd_csf": 97.16458082836202,
  "snrd_gm": 166.45209768128137,
  "snrd_total": 154.582210190679,
  "snrd_wm": 200.12995206239364,
  "spacing_x": 1.2000011205673218,
  "spacing_y": 0.9375,
  "spacing_z": 0.9375,
  "summary_bg_k": 134.7750836122036,
  "summary_bg_mad": 0.0,
  "summary_bg_mean": 0.7275735177690357,
  "summary_bg_median": 0.0,
  "summary_bg_n": 3041146.0,
  "summary_bg_p05": 0.0,
  "summary_bg_p95": 4.832262262701988,
  "summary_bg_stdv": 3.088782866927108,
  "summary_csf_k": -0.06036616737807954,
  "summary_csf_mad": 162.3788125101452,
  "summary_csf_mean": 474.2727267004889,
  "summary_csf_median": 458.103522464633,
  "summary_csf_n": 407357.2351494124,
  "summary_csf_p05": 132.29266686737537,
  "summary_csf_p95": 795.0715909302235,
  "summary_csf_stdv": 195.13352365797084,
  "summary_gm_k": -0.11195728832033458,
  "summary_gm_mad": 56.076767083083176,
  "summary_gm_mean": 791.1055258147265,
  "summary_gm_median": 784.7745713442564,
  "summary_gm_n": 605277.5212697312,
  "summary_gm_p05": 641.2487922012806,
  "summary_gm_p95": 962.7080817818642,
  "summary_gm_stdv": 92.03403354154622,
  "summary_wm_k": -0.31872839179580925,
  "summary_wm_mad": 52.700908195138375,
  "summary_wm_mean": 927.3469909676164,
  "summary_wm_median": 943.5561313480139,
  "summary_wm_n": 571412.2445251123,
  "summary_wm_p05": 789.2526363730431,
  "summary_wm_p95": 1021.757820636034,
  "summary_wm_stdv": 71.85052221660462,
  "tpm_overlap_csf": 0.18407893663230282,
  "tpm_overlap_gm": 0.5336686192201369,
  "tpm_overlap_wm": 0.5541626377903941,
  "wm2max": 0.6665677642985657
}