{
  "bids_meta": {
    "InstitutionName": "HH",
    "dataset": "<unset>",
    "modality": "T1w",
    "subject_id": "0154"
  },
  "cjv": 0.6928469816648847,
  "cnr": 1.30011393222929,
  "efc": 0.60085805802673,
  "fber": -1.0,
  "fwhm_avg": 4.9908649447749385,
  "fwhm_x": 4.3601785178819235,
  "fwhm_y": 5.6352,
  "fwhm_z": 4.977216316442892,
  "icvs_csf": 0.27103834950939304,
  "icvs_gm": 0.3626813262380685,
  "icvs_wm": 0.3662803242525385,
  "inu_med": 0.3718337267637253,
  "inu_range": 0.14012498706579213,
  "provenance": {
    "md5sum": "97321785bef6331a0483b03fa0937860",
    "settings": {
      "testing": false
    },
    "software": "mriqc",
    "version": "23.1.0",
    "warnings": {
      "large_rot_frame": true,
      "small_air_mask": false
    }
  },
  "qi_1": 0.0,
  "qi_2": 0.001211451116908316,
  "rpve_csf": 7.25251782208873,
  "rpve_gm": 7.120525902593191,
  "rpve_wm": 7.1753398940163535,
  "size_x": 150,
  "size_y": 256,
  "size_z": 256,
  "snr_csf": 2.4711934487206006,
  "snr_gm": 6.95436865458594,
  "snr_total": 7.757063546978036,
  "snr_wm": 13.845628537627569,
  "snrd_csf": 101.8025014557696,
  "snrd_gm": 197.9851213569099,
  "snrd_total": 180.3945247784004,
  "snrd_wm": 241.3959515225217,
  "spacing_x": 1.199994444847107,
  "spacing_y": 0.9375,
  "spacing_z": 0.9374999403953552,
  "summary_bg_k": 50.63190853572809,
  "summary_bg_mad": 0.0,
  "summary_bg_mean": 0.6885748304324911,
  "summary_bg_median": 0.0,
  "summary_bg_n": 3225193.0,
  "summary_bg_p05": 0.0,
  "summary_bg_p95": 4.638696014881134,
  "summary_bg_stdv": 2.6017453761471137,
  "summary_csf_k": -0.023612292345480235,
  "summary_csf_mad": 138.4227078219209,
  "summary_csf_mean": 425.7301343720987,
  "summary_csf_median": 404.2886144667864,
  "summary_csf_n": 364470.14759382856,
  "summary_csf_p05": 166.7304888367653,
  "summary_csf_p95": 730.3758159279823,
  "summary_csf_stdv": 163.60032843668085,
  "summary_gm_k": 0.16740435060238346,
  "summary_gm_mad": 63.81004600087144,
  "summary_gm_mean": 787.0138100573782,
  "summary_gm_median": 786.2589745223522,
  "summary_gm_n": 487704.1080820679,
  "summary_gm_p05": 592.4183707684278,
  "summary_gm_p95": 985.9854708611965,
  "summary_gm_stdv": 113.0596043282069,
  "summary_wm_k": -0.5530373819498258,
  "summary_wm_mad": 55.63509348830428,
  "summary_wm_mean": 941.5550787267348,
  "summary_wm_median": 958.6565495282412,
  "summary_wm_n": 492543.74549831596,
  "summary_wm_p05": 807.4613162130117,
  "summary_wm_p95": 1029.3747831135988,
  "summary_wm_stdv": 69.23886292005574,
  "tpm_overlap_csf": 0.18103595641174172,
  "tpm_overlap_gm": 0.5195012435803136,
  "tpm_overlap_wm": 0.5643716386719768,
  "wm2max": 0.8324087091993768
}