{
  "bids_meta": {
    "InstitutionName": "HH",
    "dataset": "<unset>",
    "modality": "T1w",
    "subject_id": "0957"
  },
  "cjv": 0.7955704614527908,
  "cnr": 1.213418296816632,
  "efc": 0.6152095006425161,
  "fber": -1.0,
  "fwhm_avg": 4.905881288558638,
  "fwhm_x": 4.256907865675916,
  "fwhm_y": 5.5836266666666665,
  "fwhm_z": 4.877109333333333,
  "icvs_csf": 0.2658262491218916,
  "icvs_gm": 0.3622926657269176,
  "icvs_wm": 0.3718810851511908,
  "inu_med": 0.4165491610765457,
  "inu_range": 0.18499006479978553,
  "provenance": {
    "md5sum": "8a471e26885ed057f9af0afd5aeed20d",
    "settings": {
      "testing": false
    },
    "software": "mriqc",
    "version": "23.1.0",
    "warnings": {
      "large_rot_frame": true,
      "small_air_mask": false
    }
  },
  "qi_1": 0.0,
  "qi_2": 0.001739013491832474,
  "rpve_csf": 7.934890194919408,
  "rpve_gm": 7.802140738284978,
  "rpve_wm": 7.862802519159131,
  "size_x": 150,
  "size_y": 256,
  "size_z": 256,
  "snr_csf": 2.361225260869153,
  "snr_gm": 7.048256771096758,
  "snr_total": 8.053030854746673,
  "snr_wm": 14.749610532274108,
  "snrd_csf": 51.74980389490077,
  "snrd_gm": 95.62076512243277,
  "snrd_total": 87.32627310752673,
  "snrd_wm": 114.60825030524666,
  "spacing_x": 1.1999977827072144,
  "spacing_y": 0.9375,
  "spacing_z": 0.9375,
  "summary_bg_k": 29.650639187554795,
  "summary_bg_mad": 0.0,
  "summary_bg_mean": 1.8200339284082616,
  "summary_bg_median": 0.0,
  "summary_bg_n": 3191512.0,
  "summary_bg_p05": 0.0,
  "summary_bg_p95": 12.38985449820757,
  "summary_bg_stdv": 5.460842752338348,
  "summary_csf_k": -0.12671442459863025,
  "summary_csf_mad": 148.64998218108272,
  "summary_csf_mean": 444.39747491408434,
  "summary_csf_median": 431.35680071264505,
  "summary_csf_n": 326603.16804045864,
  "summary_csf_p05": 120.51506801694632,
  "summary_csf_p95": 764.8605266064405,
  "summary_csf_stdv": 182.68318042006467,
  "summary_gm_k": -0.26350575615504734,
  "summary_gm_mad": 69.39886276625931,
  "summary_gm_mean": 797.0149182490421,
  "summary_gm_median": 797.0400701165199,
  "summary_gm_n": 445125.0874400186,
  "summary_gm_p05": 604.5713480785489,
  "summary_gm_p95": 989.2166934236884,
  "summary_gm_stdv": 113.08316378108002,
  "summary_wm_k": -0.4633675018141803,
  "summary_wm_mad": 56.51514253352162,
  "summary_wm_mean": 945.9223557765088,
  "summary_wm_median": 955.308899089694,
  "summary_wm_n": 456905.7455609265,
  "summary_wm_p05": 826.2499431967735,
  "summary_wm_p95": 1037.7050827369094,
  "summary_wm_stdv": 64.76834432932567,
  "tpm_overlap_csf": 0.19780700345852015,
  "tpm_overlap_gm": 0.5176315060908029,
  "tpm_overlap_wm": 0.5520185882748055,
  "wm2max": 0.6568917901079588
}