{
  "bids_meta": {
    "InstitutionName": "HH",
    "dataset": "<unset>",
    "modality": "T1w",
    "subject_id": "0261"
  },
  "cjv": 0.6379559353350805,
  "cnr": 1.6315595059286345,
  "efc": 0.6304028939049268,
  "fber": -1.0,
  "fwhm_avg": 5.234705164661509,
  "fwhm_x": 4.444766160651195,
  "fwhm_y": 6.225525333333334,
  "fwhm_z": 5.033824,
  "icvs_csf": 0.25962744194428544,
  "icvs_gm": 0.38215064383137337,
  "icvs_wm": 0.35822191422434113,
  "inu_med": 0.3769151270389557,
  "inu_range": 0.17705725580453874,
  "provenance": {
    "md5sum": "5894dff4decb4026f4c1a9bd91cadccf",
    "settings": {
      "testing": false
    },
    "software": "mriqc",
    "version": "23.1.0",
    "warnings": {
      "large_rot_frame": true,
      "small_air_mask": false
    }
  },
  "qi_1": 0.0,
  "qi_2": 0.0008528479249596129,
  "rpve_csf": 7.91799147022877,
  "rpve_gm": 7.820546363566359,
  "rpve_wm": 7.885441406484425,
  "size_x": 150,
  "size_y": 256,
  "size_z": 256,
  "snr_csf": 2.0609548614286735,
  "snr_gm": 7.978327953334289,
  "snr_total": 8.607010829257154,
  "snr_wm": 15.781749673008497,
  "snrd_csf": 98.41110664882795,
  "snrd_gm": 170.93968663115925,
  "snrd_total": 160.52540541938694,
  "snrd_wm": 212.22542297817367,
  "spacing_x": 1.1999956369400024,
  "spacing_y": 0.9375,
  "spacing_z": 0.9375,
  "summary_bg_k": 49.395678102441224,
  "summary_bg_mad": 0.0,
  "summary_bg_mean": 0.7439703058880655,
  "summary_bg_median": 0.0,
  "summary_bg_n": 3005234.0,
  "summary_bg_p05": 0.0,
  "summary_bg_p95": 5.036726251244545,
  "summary_bg_stdv": 2.9753383047237887,
  "summary_csf_k": -0.6451093000003567,
  "summary_csf_mad": 169.0896030808605,
  "summary_csf_mean": 447.60949405624393,
  "summary_csf_median": 446.9395002666861,
  "summary_csf_n": 319300.73249572096,
  "summary_csf_p05": 64.61466871388257,
  "summary_csf_p95": 795.9659749362618,
  "summary_csf_stdv": 216.86006266240014,
  "summary_gm_k": -0.5134369752478833,
  "summary_gm_mad": 69.69630746493861,
  "summary_gm_mean": 780.4016760391792,
  "summary_gm_median": 776.3320698272437,
  "summary_gm_n": 469984.91216985404,
  "summary_gm_p05": 620.1236015073955,
  "summary_gm_p95": 960.1492598205805,
  "summary_gm_stdv": 97.30500531639181,
  "summary_wm_k": -0.6061521043186238,
  "summary_wm_mad": 49.92136308500564,
  "summary_wm_mean": 950.2982303745835,
  "summary_wm_median": 963.8335318006575,
  "summary_wm_n": 440556.3554887886,
  "summary_wm_p05": 830.3836043197662,
  "summary_wm_p95": 1028.0284733269364,
  "summary_wm_stdv": 61.07259701161362,
  "tpm_overlap_csf": 0.18856242028975861,
  "tpm_overlap_gm": 0.5327028193626573,
  "tpm_overlap_wm": 0.5539314932156918,
  "wm2max": 0.8135845351858055
}