{
  "bids_meta": {
    "InstitutionName": "HH",
    "dataset": "<unset>",
    "modality": "T1w",
    "subject_id": "0694"
  },
  "cjv": 0.7125652201657592,
  "cnr": 1.3305157333067035,
  "efc": 0.6243092556896027,
  "fber": -1.0,
  "fwhm_avg": 5.127825532029426,
  "fwhm_x": 4.384244221982083,
  "fwhm_y": 5.884181707439531,
  "fwhm_z": 5.115050666666666,
  "icvs_csf": 0.26666047940198073,
  "icvs_gm": 0.36413959754793285,
  "icvs_wm": 0.3691999230500864,
  "inu_med": 0.3821743130683899,
  "inu_range": 0.18723070621490479,
  "provenance": {
    "md5sum": "a0f98cdeb2fba05955279230f38aee74",
    "settings": {
      "testing": false
    },
    "software": "mriqc",
    "version": "23.1.0",
    "warnings": {
      "large_rot_frame": true,
      "small_air_mask": false
    }
  },
  "qi_1": 0.0,
  "qi_2": 0.0003673756031357136,
  "rpve_csf": 7.111654047893781,
  "rpve_gm": 6.989749202261538,
  "rpve_wm": 7.041201545033493,
  "size_x": 150,
  "size_y": 256,
  "size_z": 256,
  "snr_csf": 2.1277834662622395,
  "snr_gm": 7.305174821828119,
  "snr_total": 8.50001658837499,
  "snr_wm": 16.067091477034612,
  "snrd_csf": 57.02476962832083,
  "snrd_gm": 116.04447430355908,
  "snrd_total": 104.41425608597655,
  "snrd_wm": 140.17352432604974,
  "spacing_x": 1.2000038623809814,
  "spacing_y": 0.9374999403953552,
  "spacing_z": 0.9375,
  "summary_bg_k": 67.60174687578838,
  "summary_bg_mad": 0.0,
  "summary_bg_mean": 1.3686073575927549,
  "summary_bg_median": 0.0,
  "summary_bg_n": 2421577.0,
  "summary_bg_p05": 0.0,
  "summary_bg_p95": 8.743771687150002,
  "summary_bg_stdv": 4.547123531623408,
  "summary_csf_k": -0.33465585862091984,
  "summary_csf_mad": 158.7233952391563,
  "summary_csf_mean": 414.8729985741397,
  "summary_csf_median": 395.79341319203377,
  "summary_csf_n": 365778.44648204633,
  "summary_csf_p05": 91.86949156224728,
  "summary_csf_p95": 753.5214751213789,
  "summary_csf_stdv": 186.01181860767178,
  "summary_gm_k": -0.31871524672674045,
  "summary_gm_mad": 69.25724339144212,
  "summary_gm_mean": 805.1224028377592,
  "summary_gm_median": 805.4331278502941,
  "summary_gm_n": 499490.65040453494,
  "summary_gm_p05": 615.9448153972626,
  "summary_gm_p95": 996.6222835630178,
  "summary_gm_stdv": 110.25503718114615,
  "summary_wm_k": -0.5588107959652175,
  "summary_wm_mad": 50.07831445227353,
  "summary_wm_mean": 960.1271089474559,
  "summary_wm_median": 972.9063000828028,
  "summary_wm_n": 506431.9039604508,
  "summary_wm_p05": 842.3246577084064,
  "summary_wm_p95": 1039.814120143652,
  "summary_wm_stdv": 60.55267320304825,
  "tpm_overlap_csf": 0.17844318577184318,
  "tpm_overlap_gm": 0.509223703908989,
  "tpm_overlap_wm": 0.5549487131726891,
  "wm2max": 0.8010485169463356
}