{
  "bids_meta": {
    "InstitutionName": "HH",
    "dataset": "<unset>",
    "modality": "T1w",
    "subject_id": "0267"
  },
  "cjv": 0.6420137208641905,
  "cnr": 1.6389587773856795,
  "efc": 0.5328535608407499,
  "fber": -1.0,
  "fwhm_avg": 5.342527404171682,
  "fwhm_x": 4.5405955458483795,
  "fwhm_y": 6.113312,
  "fwhm_z": 5.373674666666667,
  "icvs_csf": 0.26384428960453216,
  "icvs_gm": 0.3763183366931947,
  "icvs_wm": 0.3598373737022732,
  "inu_med": 0.34017807245254517,
  "inu_range": 0.13497247695922854,
  "provenance": {
    "md5sum": "9c8ef90ecfdaf265fda09bd0ea055f27",
    "settings": {
      "testing": false
    },
    "software": "mriqc",
    "version": "23.1.0",
    "warnings": {
      "large_rot_frame": true,
      "small_air_mask": false
    }
  },
  "qi_1": 0.0,
  "qi_2": 0.0008263619283103831,
  "rpve_csf": 7.154907104869406,
  "rpve_gm": 7.064981447442556,
  "rpve_wm": 7.127119468998522,
  "size_x": 150,
  "size_y": 256,
  "size_z": 256,
  "snr_csf": 2.093010128331685,
  "snr_gm": 7.7571237185111945,
  "snr_total": 9.230670849665758,
  "snr_wm": 17.841878702154393,
  "snrd_csf": 76.91124357666547,
  "snrd_gm": 142.00571653358142,
  "snrd_total": 131.67552626386242,
  "snrd_wm": 176.10961868134038,
  "spacing_x": 1.1999989748001099,
  "spacing_y": 0.9375,
  "spacing_z": 0.9375,
  "summary_bg_k": 27.140787115397227,
  "summary_bg_mad": 0.0,
  "summary_bg_mean": 1.2312599122030625,
  "summary_bg_median": 0.0,
  "summary_bg_n": 2847644.0,
  "summary_bg_p05": 0.0,
  "summary_bg_p95": 8.660224601626396,
  "summary_bg_stdv": 3.622288552144738,
  "summary_csf_k": -0.6821115737798666,
  "summary_csf_mad": 178.0159909801084,
  "summary_csf_mean": 436.5048641338089,
  "summary_csf_median": 425.24689078330994,
  "summary_csf_n": 359066.48546645744,
  "summary_csf_p05": 97.1608942374587,
  "summary_csf_p95": 781.4039601758122,
  "summary_csf_stdv": 203.17450588051253,
  "summary_gm_k": -0.601501281711815,
  "summary_gm_mad": 76.46876286905349,
  "summary_gm_mean": 787.663155003151,
  "summary_gm_median": 785.1581462100148,
  "summary_gm_n": 512132.7536614132,
  "summary_gm_p05": 620.507225766778,
  "summary_gm_p95": 972.6968031004071,
  "summary_gm_stdv": 101.2175914867435,
  "summary_wm_k": -0.48037505547356085,
  "summary_wm_mad": 44.59096594101134,
  "summary_wm_mean": 962.8632718014579,
  "summary_wm_median": 973.720672018826,
  "summary_wm_n": 489703.7616710128,
  "summary_wm_p05": 855.9970770031214,
  "summary_wm_p95": 1035.2594601362944,
  "summary_wm_stdv": 54.57495222782578,
  "tpm_overlap_csf": 0.18234403671895028,
  "tpm_overlap_gm": 0.5255777704370128,
  "tpm_overlap_wm": 0.5499368683838456,
  "wm2max": 0.9081486491863288
}