{
  "bids_meta": {
    "InstitutionName": "HH",
    "dataset": "<unset>",
    "modality": "T1w",
    "subject_id": "0906"
  },
  "cjv": 0.7456805026812463,
  "cnr": 1.4410958901495077,
  "efc": 0.6466036290155204,
  "fber": -1.0,
  "fwhm_avg": 5.152780130380306,
  "fwhm_x": 4.426159057807584,
  "fwhm_y": 5.761077333333334,
  "fwhm_z": 5.271103999999999,
  "icvs_csf": 0.24026574600337874,
  "icvs_gm": 0.38595064285481423,
  "icvs_wm": 0.3737836111418071,
  "inu_med": 0.3326801359653473,
  "inu_range": 0.15432049334049225,
  "provenance": {
    "md5sum": "ef655a1646f27fa4fca5f98005d946c3",
    "settings": {
      "testing": false
    },
    "software": "mriqc",
    "version": "23.1.0",
    "warnings": {
      "large_rot_frame": true,
      "small_air_mask": false
    }
  },
  "qi_1": 0.0,
  "qi_2": 0.0010611109524252583,
  "rpve_csf": 5.964977967619925,
  "rpve_gm": 5.867228479662622,
  "rpve_wm": 5.940136883481854,
  "size_x": 150,
  "size_y": 256,
  "size_z": 256,
  "snr_csf": 2.351271403513294,
  "snr_gm": 8.367291173940911,
  "snr_total": 9.506514193482671,
  "snr_wm": 17.800980002993807,
  "snrd_csf": 66.52605867166706,
  "snrd_gm": 95.5934516337744,
  "snrd_total": 92.21036110924358,
  "snrd_wm": 114.51157302228924,
  "spacing_x": 1.1999975442886353,
  "spacing_y": 0.9375,
  "spacing_z": 0.9375,
  "summary_bg_k": 3525.370303284974,
  "summary_bg_mad": 0.0,
  "summary_bg_mean": 1.078347851440671,
  "summary_bg_median": 0.0,
  "summary_bg_n": 2870764.0,
  "summary_bg_p05": 0.0,
  "summary_bg_p95": 7.926426529884338,
  "summary_bg_stdv": 5.510093625627657,
  "summary_csf_k": -0.3159037831396083,
  "summary_csf_mad": 144.74976742148172,
  "summary_csf_mean": 537.0921543078811,
  "summary_csf_median": 559.5244163274765,
  "summary_csf_n": 389559.9130608961,
  "summary_csf_p05": 96.33656859397888,
  "summary_csf_p95": 895.5591718107462,
  "summary_csf_stdv": 237.96644544802203,
  "summary_gm_k": -0.7172524169115637,
  "summary_gm_mad": 71.15074438177959,
  "summary_gm_mean": 806.5951171380782,
  "summary_gm_median": 803.9987833052874,
  "summary_gm_n": 625769.1800736509,
  "summary_gm_p05": 650.7037266343832,
  "summary_gm_p95": 975.3315413743258,
  "summary_gm_stdv": 96.08822307995926,
  "summary_wm_k": -0.2614031233777885,
  "summary_wm_mad": 47.49660596369723,
  "summary_wm_mean": 958.0349461007106,
  "summary_wm_median": 963.1116338074207,
  "summary_wm_n": 606041.9076880917,
  "summary_wm_p05": 859.6870107203722,
  "summary_wm_p95": 1038.285659775138,
  "summary_wm_stdv": 54.1043717286072,
  "tpm_overlap_csf": 0.2150149831518345,
  "tpm_overlap_gm": 0.5254841507557768,
  "tpm_overlap_wm": 0.5411704831454262,
  "wm2max": 0.7060668416213771
}