{
  "bids_meta": {
    "InstitutionName": "HH",
    "dataset": "<unset>",
    "modality": "T1w",
    "subject_id": "0867"
  },
  "cjv": 0.7020341200943114,
  "cnr": 1.3855812268151237,
  "efc": 0.6144956331971702,
  "fber": -1.0,
  "fwhm_avg": 4.88324190058641,
  "fwhm_x": 4.203699035092564,
  "fwhm_y": 5.7408106666666665,
  "fwhm_z": 4.705215999999999,
  "icvs_csf": 0.26867280259044235,
  "icvs_gm": 0.36336769146816217,
  "icvs_wm": 0.3679595059413955,
  "inu_med": 0.3742126524448395,
  "inu_range": 0.18749295026063917,
  "provenance": {
    "md5sum": "e4cab1725951e2c49638c711f6fc9458",
    "settings": {
      "testing": false
    },
    "software": "mriqc",
    "version": "23.1.0",
    "warnings": {
      "large_rot_frame": true,
      "small_air_mask": false
    }
  },
  "qi_1": 0.0,
  "qi_2": 0.002256171462416884,
  "rpve_csf": 7.258553895926507,
  "rpve_gm": 7.154214945186741,
  "rpve_wm": 7.2353713693277015,
  "size_x": 150,
  "size_y": 256,
  "size_z": 256,
  "snr_csf": 2.4116507936864595,
  "snr_gm": 6.554563801347258,
  "snr_total": 8.513808035841526,
  "snr_wm": 16.575209512490865,
  "snrd_csf": 59.145992113713945,
  "snrd_gm": 100.26075049376729,
  "snrd_total": 94.42444701876279,
  "snrd_wm": 123.86659844880715,
  "spacing_x": 1.199995517730713,
  "spacing_y": 0.9375,
  "spacing_z": 0.9375,
  "summary_bg_k": 1835.5551125267757,
  "summary_bg_mad": 0.0,
  "summary_bg_mean": 1.2053244521693132,
  "summary_bg_median": 0.0,
  "summary_bg_n": 2558195.0,
  "summary_bg_p05": 0.0,
  "summary_bg_p95": 8.598409242928028,
  "summary_bg_stdv": 5.143020794725209,
  "summary_csf_k": 0.10454600803532887,
  "summary_csf_mad": 142.6967741563592,
  "summary_csf_mean": 476.2515299697672,
  "summary_csf_median": 464.3140991181135,
  "summary_csf_n": 359375.12911421293,
  "summary_csf_p05": 149.17991527542472,
  "summary_csf_p95": 802.485061481595,
  "summary_csf_stdv": 192.52930578971586,
  "summary_gm_k": -0.537858699401411,
  "summary_gm_mad": 80.20936672821946,
  "summary_gm_mean": 783.7920553335553,
  "summary_gm_median": 787.0775073468685,
  "summary_gm_n": 486038.4444508327,
  "summary_gm_p05": 576.6649898327887,
  "summary_gm_p95": 989.8856513686478,
  "summary_gm_stdv": 120.08071345620277,
  "summary_wm_k": -0.5437603651015417,
  "summary_wm_mad": 49.88676276987099,
  "summary_wm_mean": 959.919938367241,
  "summary_wm_median": 972.3906221576035,
  "summary_wm_n": 492180.4279462825,
  "summary_wm_p05": 846.5456961281598,
  "summary_wm_p95": 1037.0526477359235,
  "summary_wm_stdv": 58.6652997408409,
  "tpm_overlap_csf": 0.19632339794602766,
  "tpm_overlap_gm": 0.5009808785931884,
  "tpm_overlap_wm": 0.537781539079546,
  "wm2max": 0.7788446532545463
}