{
  "bids_meta": {
    "InstitutionName": "HH",
    "dataset": "<unset>",
    "modality": "T1w",
    "subject_id": "0554"
  },
  "cjv": 0.6687034904350754,
  "cnr": 1.4840163499312489,
  "efc": 0.6285362940996595,
  "fber": -1.0,
  "fwhm_avg": 4.798067031129821,
  "fwhm_x": 4.020643449593328,
  "fwhm_y": 5.490399999999999,
  "fwhm_z": 4.883157643796135,
  "icvs_csf": 0.2519173912564271,
  "icvs_gm": 0.3850643120784678,
  "icvs_wm": 0.36301829666510516,
  "inu_med": 0.337727352976799,
  "inu_range": 0.15309012979269027,
  "provenance": {
    "md5sum": "ef81b89fc83dd105b90de32110d202c7",
    "settings": {
      "testing": false
    },
    "software": "mriqc",
    "version": "23.1.0",
    "warnings": {
      "large_rot_frame": true,
      "small_air_mask": false
    }
  },
  "qi_1": 0.0,
  "qi_2": 0.0025843503783867404,
  "rpve_csf": 5.982012245386027,
  "rpve_gm": 5.876286387175193,
  "rpve_wm": 5.94999973520786,
  "size_x": 150,
  "size_y": 256,
  "size_z": 256,
  "snr_csf": 2.5813871855770434,
  "snr_gm": 8.838241600024935,
  "snr_total": 8.996584723791948,
  "snr_wm": 15.570125385773864,
  "snrd_csf": 58.804132873597,
  "snrd_gm": 86.44087984825386,
  "snrd_total": 83.09708938472397,
  "snrd_wm": 104.04625543232105,
  "spacing_x": 1.2000019550323486,
  "spacing_y": 0.9375,
  "spacing_z": 0.9374999403953552,
  "summary_bg_k": 917.262282071138,
  "summary_bg_mad": 0.0,
  "summary_bg_mean": 1.7834359591854645,
  "summary_bg_median": 0.0,
  "summary_bg_n": 3194766.0,
  "summary_bg_p05": 0.0,
  "summary_bg_p95": 11.15640938282013,
  "summary_bg_stdv": 6.020210102220176,
  "summary_csf_k": 0.0978356587885778,
  "summary_csf_mad": 141.08301190666896,
  "summary_csf_mean": 531.6419890451263,
  "summary_csf_median": 540.3656929731369,
  "summary_csf_n": 407727.79419404734,
  "summary_csf_p05": 133.07130753993988,
  "summary_csf_p95": 843.9323246479034,
  "summary_csf_stdv": 209.33125930776404,
  "summary_gm_k": -0.4609083364784232,
  "summary_gm_mad": 59.57481723919371,
  "summary_gm_mean": 797.2955511712106,
  "summary_gm_median": 794.326583147049,
  "summary_gm_n": 623225.8193988281,
  "summary_gm_p05": 648.7806034088135,
  "summary_gm_p95": 961.3553643226624,
  "summary_gm_stdv": 89.87375338034137,
  "summary_wm_k": -0.3810716377964156,
  "summary_wm_mad": 48.608128525052955,
  "summary_wm_mean": 946.0264251750436,
  "summary_wm_median": 956.1067253351212,
  "summary_wm_n": 587544.3875198014,
  "summary_wm_p05": 827.0878553390503,
  "summary_wm_p95": 1030.0515043735504,
  "summary_wm_stdv": 61.40643623602245,
  "tpm_overlap_csf": 0.21812989113872336,
  "tpm_overlap_gm": 0.5309048904816674,
  "tpm_overlap_wm": 0.5625458347047858,
  "wm2max": 0.6970597657779518
}