{
  "bids_meta": {
    "InstitutionName": "HH",
    "dataset": "<unset>",
    "modality": "T1w",
    "subject_id": "0961"
  },
  "cjv": 0.8134463350530976,
  "cnr": 1.105920874186788,
  "efc": 0.5793378849092773,
  "fber": -1.0,
  "fwhm_avg": 4.607284884762399,
  "fwhm_x": 4.035283658779365,
  "fwhm_y": 5.172224328841167,
  "fwhm_z": 4.614346666666666,
  "icvs_csf": 0.26607386697836194,
  "icvs_gm": 0.3603442993660149,
  "icvs_wm": 0.3735818336556231,
  "inu_med": 0.37820571660995483,
  "inu_range": 0.16211406886577606,
  "provenance": {
    "md5sum": "d64a29d766051be6231fe3d46cf989a3",
    "settings": {
      "testing": false
    },
    "software": "mriqc",
    "version": "23.1.0",
    "warnings": {
      "large_rot_frame": true,
      "small_air_mask": false
    }
  },
  "qi_1": 0.0,
  "qi_2": 0.0027841453941235043,
  "rpve_csf": 6.969168528137674,
  "rpve_gm": 6.823766327849345,
  "rpve_wm": 6.887824890839048,
  "size_x": 150,
  "size_y": 256,
  "size_z": 256,
  "snr_csf": 2.4931543870620976,
  "snr_gm": 7.065881155362066,
  "snr_total": 7.974550246431636,
  "snr_wm": 14.36461519687074,
  "snrd_csf": 84.46730944822704,
  "snrd_gm": 149.9995878858905,
  "snrd_total": 137.20929669959216,
  "snrd_wm": 177.16099276465894,
  "spacing_x": 1.1999974250793457,
  "spacing_y": 0.9374999403953552,
  "spacing_z": 0.9375,
  "summary_bg_k": 38.513925805816726,
  "summary_bg_mad": 0.0,
  "summary_bg_mean": 1.0373631745152496,
  "summary_bg_median": 0.0,
  "summary_bg_n": 3220190.0,
  "summary_bg_p05": 0.0,
  "summary_bg_p95": 8.123012451454997,
  "summary_bg_stdv": 3.583587265004787,
  "summary_csf_k": 0.20906883629057615,
  "summary_csf_mad": 152.64133234175495,
  "summary_csf_mean": 477.7425848759326,
  "summary_csf_median": 462.0350425466895,
  "summary_csf_n": 371484.61723171314,
  "summary_csf_p05": 162.4364278782159,
  "summary_csf_p95": 804.0114846378565,
  "summary_csf_stdv": 185.32122321326182,
  "summary_gm_k": 0.5552271496115675,
  "summary_gm_mad": 63.253268446109004,
  "summary_gm_mean": 819.7556009164389,
  "summary_gm_median": 820.4957210496068,
  "summary_gm_n": 503102.261194633,
  "summary_gm_p05": 620.0407363604754,
  "summary_gm_p95": 1012.8276932872832,
  "summary_gm_stdv": 116.12067731852902,
  "summary_wm_k": -0.4005680445175148,
  "summary_wm_mad": 57.60250186242534,
  "summary_wm_mean": 959.0374672884144,
  "summary_wm_median": 969.0682391133159,
  "summary_wm_n": 521584.12269614864,
  "summary_wm_p05": 835.431582653895,
  "summary_wm_p95": 1055.0387726537883,
  "summary_wm_stdv": 67.46211415099981,
  "tpm_overlap_csf": 0.198282392727885,
  "tpm_overlap_gm": 0.5054838789347003,
  "tpm_overlap_wm": 0.5442252533687272,
  "wm2max": 0.6914304167516486
}