{
  "bids_meta": {
    "InstitutionName": "HH",
    "dataset": "<unset>",
    "modality": "T1w",
    "subject_id": "0075"
  },
  "cjv": 0.6418884855570589,
  "cnr": 1.4952570632562374,
  "efc": 0.5738879600964552,
  "fber": -1.0,
  "fwhm_avg": 4.735726480024599,
  "fwhm_x": 4.162315133692214,
  "fwhm_y": 5.225898666666667,
  "fwhm_z": 4.818965639714918,
  "icvs_csf": 0.2646077976363576,
  "icvs_gm": 0.3766444006124328,
  "icvs_wm": 0.3587478017512095,
  "inu_med": 0.3644496649503708,
  "inu_range": 0.14671219289302828,
  "provenance": {
    "md5sum": "bd989b934860cf0ec4c569a426583c1e",
    "settings": {
      "testing": false
    },
    "software": "mriqc",
    "version": "23.1.0",
    "warnings": {
      "large_rot_frame": true,
      "small_air_mask": false
    }
  },
  "qi_1": 0.0,
  "qi_2": 0.0013857668014974876,
  "rpve_csf": 6.762316766900347,
  "rpve_gm": 6.655050291232763,
  "rpve_wm": 6.737861962335035,
  "size_x": 150,
  "size_y": 256,
  "size_z": 256,
  "snr_csf": 2.5344277554373007,
  "snr_gm": 7.064031928385154,
  "snr_total": 7.966363698660409,
  "snr_wm": 14.300631412158774,
  "snrd_csf": 95.58884943523738,
  "snrd_gm": 152.1822389186664,
  "snrd_total": 145.9381297262821,
  "snrd_wm": 190.04330082494255,
  "spacing_x": 1.1999956369400024,
  "spacing_y": 0.9375,
  "spacing_z": 0.9374999403953552,
  "summary_bg_k": 106.89734394132681,
  "summary_bg_mad": 0.0,
  "summary_bg_mean": 0.9935119121077082,
  "summary_bg_median": 0.0,
  "summary_bg_n": 3028140.0,
  "summary_bg_p05": 0.0,
  "summary_bg_p95": 7.965909115970135,
  "summary_bg_stdv": 3.3266793903211918,
  "summary_csf_k": 0.23357737982755733,
  "summary_csf_mad": 134.57998312671464,
  "summary_csf_mean": 493.2513908905179,
  "summary_csf_median": 485.38511271961033,
  "summary_csf_n": 379373.49191314727,
  "summary_csf_p05": 156.76994795165956,
  "summary_csf_p95": 801.2805193830281,
  "summary_csf_stdv": 191.51639732421873,
  "summary_gm_k": -0.39871844185588845,
  "summary_gm_mad": 70.67115886767323,
  "summary_gm_mean": 774.4565960592245,
  "summary_gm_median": 772.7574254516512,
  "summary_gm_n": 540002.6104530783,
  "summary_gm_p05": 590.3552376832813,
  "summary_gm_p95": 974.881662402302,
  "summary_gm_stdv": 109.39315079161842,
  "summary_wm_k": -0.47930925391203116,
  "summary_wm_mad": 52.73351072740576,
  "summary_wm_mean": 948.7036784483932,
  "summary_wm_median": 965.0099309440702,
  "summary_wm_n": 514343.8987144252,
  "summary_wm_p05": 815.4778251461685,
  "summary_wm_p95": 1033.4696391262114,
  "summary_wm_stdv": 67.48016678656381,
  "tpm_overlap_csf": 0.20430985331583879,
  "tpm_overlap_gm": 0.5253859658506118,
  "tpm_overlap_wm": 0.548016128232647,
  "wm2max": 0.8366534371209412
}