{
  "bids_meta": {
    "InstitutionName": "HH",
    "dataset": "<unset>",
    "modality": "T1w",
    "subject_id": "0691"
  },
  "cjv": 0.6039454581748421,
  "cnr": 1.7215122038991375,
  "efc": 0.5515636533612495,
  "fber": -1.0,
  "fwhm_avg": 5.325796575509693,
  "fwhm_x": 4.570925726529078,
  "fwhm_y": 6.080885333333333,
  "fwhm_z": 5.325578666666667,
  "icvs_csf": 0.25801509211608453,
  "icvs_gm": 0.3888746480341976,
  "icvs_wm": 0.3531102598497179,
  "inu_med": 0.3773019015789032,
  "inu_range": 0.1717403739690781,
  "provenance": {
    "md5sum": "0b69c070e36077b82e574cb9735771b3",
    "settings": {
      "testing": false
    },
    "software": "mriqc",
    "version": "23.1.0",
    "warnings": {
      "large_rot_frame": true,
      "small_air_mask": false
    }
  },
  "qi_1": 0.0,
  "qi_2": 0.0010645707070751878,
  "rpve_csf": 7.14654064905506,
  "rpve_gm": 7.0545837666876245,
  "rpve_wm": 7.115953383062949,
  "size_x": 150,
  "size_y": 256,
  "size_z": 256,
  "snr_csf": 1.9433904881229394,
  "snr_gm": 8.473192954538023,
  "snr_total": 8.599029404719595,
  "snr_wm": 15.380504771497824,
  "snrd_csf": 59.779392547183136,
  "snrd_gm": 105.31048347294369,
  "snrd_total": 98.79379249298547,
  "snrd_wm": 131.29150145882963,
  "spacing_x": 1.1999998092651367,
  "spacing_y": 0.9375,
  "spacing_z": 0.9375,
  "summary_bg_k": 30.037067985818574,
  "summary_bg_mad": 0.0,
  "summary_bg_mean": 1.8259909673076964,
  "summary_bg_median": 0.0,
  "summary_bg_n": 2742285.0,
  "summary_bg_p05": 0.0,
  "summary_bg_p95": 11.771964529529214,
  "summary_bg_stdv": 4.839697652958395,
  "summary_csf_k": -0.9434851150380199,
  "summary_csf_mad": 187.1181586607932,
  "summary_csf_mean": 436.5384596922644,
  "summary_csf_median": 441.6090844683349,
  "summary_csf_n": 351375.78912108415,
  "summary_csf_p05": 59.30404772423208,
  "summary_csf_p95": 798.963479410857,
  "summary_csf_stdv": 227.2360901047911,
  "summary_gm_k": -0.49649041323338494,
  "summary_gm_mad": 67.6537886906153,
  "summary_gm_mean": 780.08846564865,
  "summary_gm_median": 777.9615049567074,
  "summary_gm_n": 529585.8284937972,
  "summary_gm_p05": 627.2951664812863,
  "summary_gm_p95": 950.2221179883927,
  "summary_gm_stdv": 91.81435789678055,
  "summary_wm_k": -0.5992512901333753,
  "summary_wm_mad": 48.26141010433833,
  "summary_wm_mean": 953.5363711386007,
  "summary_wm_median": 969.8914172127843,
  "summary_wm_n": 480880.382553835,
  "summary_wm_p05": 827.5666385088116,
  "summary_wm_p95": 1031.2191569525748,
  "summary_wm_stdv": 63.05972548805262,
  "tpm_overlap_csf": 0.19128930522884285,
  "tpm_overlap_gm": 0.5460635518469511,
  "tpm_overlap_wm": 0.5601532548438627,
  "wm2max": 0.799596327964751
}