{
  "bids_meta": {
    "InstitutionName": "HH",
    "dataset": "<unset>",
    "modality": "T1w",
    "subject_id": "0492"
  },
  "cjv": 0.6709081822492619,
  "cnr": 1.5973464478613804,
  "efc": 0.6174548240949388,
  "fber": -1.0,
  "fwhm_avg": 5.216954633068749,
  "fwhm_x": 4.514821232539579,
  "fwhm_y": 6.034090666666667,
  "fwhm_z": 5.101952,
  "icvs_csf": 0.25682919185379144,
  "icvs_gm": 0.37893245012642274,
  "icvs_wm": 0.3642383580197859,
  "inu_med": 0.3229086399078369,
  "inu_range": 0.15306348800659175,
  "provenance": {
    "md5sum": "b8ff468fc13119d6c4236d586b5edd1a",
    "settings": {
      "testing": false
    },
    "software": "mriqc",
    "version": "23.1.0",
    "warnings": {
      "large_rot_frame": true,
      "small_air_mask": false
    }
  },
  "qi_1": 0.0,
  "qi_2": 0.0010658896143780686,
  "rpve_csf": 5.9910285928198785,
  "rpve_gm": 5.904740777665311,
  "rpve_wm": 5.9718924958022095,
  "size_x": 150,
  "size_y": 256,
  "size_z": 256,
  "snr_csf": 2.318072544026519,
  "snr_gm": 8.812145773729245,
  "snr_total": 10.248385992060145,
  "snr_wm": 19.614939658424667,
  "snrd_csf": 86.20602380955835,
  "snrd_gm": 137.30212713175035,
  "snrd_total": 129.71259801879003,
  "snrd_wm": 165.62964311506136,
  "spacing_x": 1.2000010013580322,
  "spacing_y": 0.9375,
  "spacing_z": 0.9375,
  "summary_bg_k": 36.88161570252266,
  "summary_bg_mad": 0.0,
  "summary_bg_mean": 1.1205306886468573,
  "summary_bg_median": 0.0,
  "summary_bg_n": 3284044.0,
  "summary_bg_p05": 0.0,
  "summary_bg_p95": 8.689572528004646,
  "summary_bg_stdv": 3.8374028204410897,
  "summary_csf_k": -0.3989442354367698,
  "summary_csf_mad": 167.6294161255844,
  "summary_csf_mean": 501.05725350373734,
  "summary_csf_median": 504.94406799227,
  "summary_csf_n": 415813.3962695305,
  "summary_csf_p05": 109.86815840005875,
  "summary_csf_p95": 840.7411121204495,
  "summary_csf_stdv": 217.82901579884356,
  "summary_gm_k": -0.63093344327313,
  "summary_gm_mad": 68.26604313948269,
  "summary_gm_mean": 806.8049748979856,
  "summary_gm_median": 804.23491948843,
  "summary_gm_n": 613501.8683292884,
  "summary_gm_p05": 656.362366296351,
  "summary_gm_p95": 971.0847000405192,
  "summary_gm_stdv": 91.26429415631762,
  "summary_wm_k": -0.39079946257215425,
  "summary_wm_mad": 43.054993585259425,
  "summary_wm_mean": 963.8202407765057,
  "summary_wm_median": 970.1608087085187,
  "summary_wm_n": 589711.7364527053,
  "summary_wm_p05": 870.2307246364653,
  "summary_wm_p95": 1033.6845802925527,
  "summary_wm_stdv": 49.46025850859107,
  "tpm_overlap_csf": 0.19287302809989892,
  "tpm_overlap_gm": 0.5268551877610755,
  "tpm_overlap_wm": 0.5536427902967437,
  "wm2max": 0.7766871901487286
}