{
  "bids_meta": {
    "InstitutionName": "HH",
    "dataset": "<unset>",
    "modality": "T1w",
    "subject_id": "0507"
  },
  "cjv": 0.640606630479951,
  "cnr": 1.6304175494106006,
  "efc": 0.6470415003789313,
  "fber": -1.0,
  "fwhm_avg": 5.089174531330915,
  "fwhm_x": 4.372227593992745,
  "fwhm_y": 5.9113066666666665,
  "fwhm_z": 4.983989333333333,
  "icvs_csf": 0.25307262742171266,
  "icvs_gm": 0.39066942387912384,
  "icvs_wm": 0.35625794869916344,
  "inu_med": 0.3791133463382721,
  "inu_range": 0.18321393281221393,
  "provenance": {
    "md5sum": "41bf354b6795bbf00a9cd90b6b571cc0",
    "settings": {
      "testing": false
    },
    "software": "mriqc",
    "version": "23.1.0",
    "warnings": {
      "large_rot_frame": true,
      "small_air_mask": false
    }
  },
  "qi_1": 0.0,
  "qi_2": 0.0013979420336409155,
  "rpve_csf": 7.793296024291857,
  "rpve_gm": 7.691300305240898,
  "rpve_wm": 7.7562369666835576,
  "size_x": 150,
  "size_y": 256,
  "size_z": 256,
  "snr_csf": 2.3466638218030362,
  "snr_gm": 9.116473149007733,
  "snr_total": 8.639174309310823,
  "snr_wm": 14.454385957121694,
  "snrd_csf": 75.78981742477006,
  "snrd_gm": 119.95087556488397,
  "snrd_total": 114.27746111189354,
  "snrd_wm": 147.09169034602658,
  "spacing_x": 1.2000038623809814,
  "spacing_y": 0.9375,
  "spacing_z": 0.9375,
  "summary_bg_k": 54.16154768933976,
  "summary_bg_mad": 0.0,
  "summary_bg_mean": 1.178901441469939,
  "summary_bg_median": 0.0,
  "summary_bg_n": 3160245.0,
  "summary_bg_p05": 0.0,
  "summary_bg_p95": 9.011560585349798,
  "summary_bg_stdv": 4.273430833182705,
  "summary_csf_k": -0.5752556910604034,
  "summary_csf_mad": 164.60209570157895,
  "summary_csf_mean": 491.856706251926,
  "summary_csf_median": 494.37421371228993,
  "summary_csf_n": 316014.32079897914,
  "summary_csf_p05": 130.0754402205348,
  "summary_csf_p95": 818.7646474689245,
  "summary_csf_stdv": 210.67075177798276,
  "summary_gm_k": -0.50378389256305,
  "summary_gm_mad": 62.222035248973484,
  "summary_gm_mean": 787.0580661469636,
  "summary_gm_median": 782.4351846519858,
  "summary_gm_n": 487832.81661815016,
  "summary_gm_p05": 648.7808675132692,
  "summary_gm_p95": 947.4497326277196,
  "summary_gm_stdv": 85.82643418267558,
  "summary_wm_k": -0.4832499626174216,
  "summary_wm_mad": 51.190030226302724,
  "summary_wm_mean": 945.2912276217492,
  "summary_wm_median": 959.4737291801721,
  "summary_wm_n": 444862.86341746233,
  "summary_wm_p05": 815.2630124986172,
  "summary_wm_p95": 1031.3602353353053,
  "summary_wm_stdv": 66.37934351781524,
  "tpm_overlap_csf": 0.1878425299370927,
  "tpm_overlap_gm": 0.548547966054255,
  "tpm_overlap_wm": 0.5556777137248845,
  "wm2max": 0.6901462642451254
}