{
  "bids_meta": {
    "InstitutionName": "HH",
    "dataset": "<unset>",
    "modality": "T1w",
    "subject_id": "0503"
  },
  "cjv": 0.6630208375830258,
  "cnr": 1.452809318723178,
  "efc": 0.599568440643745,
  "fber": 31881.31595814874,
  "fwhm_avg": 5.053134187141715,
  "fwhm_x": 4.279957228091811,
  "fwhm_y": 5.953866666666667,
  "fwhm_z": 4.9255786666666665,
  "icvs_csf": 0.2635868410365754,
  "icvs_gm": 0.37804694840281544,
  "icvs_wm": 0.35836621056060913,
  "inu_med": 0.40782448649406433,
  "inu_range": 0.21549708843231202,
  "provenance": {
    "md5sum": "0692d7d536b8293cc33d9321ed358add",
    "settings": {
      "testing": false
    },
    "software": "mriqc",
    "version": "23.1.0",
    "warnings": {
      "large_rot_frame": true,
      "small_air_mask": false
    }
  },
  "qi_1": 0.0,
  "qi_2": 0.002165196321257207,
  "rpve_csf": 6.69743748759711,
  "rpve_gm": 6.581953291912612,
  "rpve_wm": 6.649204996620809,
  "size_x": 150,
  "size_y": 256,
  "size_z": 256,
  "snr_csf": 2.083394241277379,
  "snr_gm": 7.529198541686719,
  "snr_total": 7.874133276623915,
  "snr_wm": 14.00980704690765,
  "snrd_csf": 53.79617662665027,
  "snrd_gm": 94.08644366365445,
  "snrd_total": 87.92035983087784,
  "snrd_wm": 115.87845920232883,
  "spacing_x": 1.1999956369400024,
  "spacing_y": 0.9375,
  "spacing_z": 0.9375,
  "summary_bg_k": 37.88133751057757,
  "summary_bg_mad": 0.0,
  "summary_bg_mean": 1.8974293750022475,
  "summary_bg_median": 0.0,
  "summary_bg_n": 2408892.0,
  "summary_bg_p05": 0.0,
  "summary_bg_p95": 11.872929766774178,
  "summary_bg_stdv": 5.440347620736708,
  "summary_csf_k": -0.567354260099592,
  "summary_csf_mad": 164.06275869390262,
  "summary_csf_mean": 449.6174501308401,
  "summary_csf_median": 446.7312478981912,
  "summary_csf_n": 382420.4874111011,
  "summary_csf_p05": 72.14521992579103,
  "summary_csf_p95": 798.1846875026822,
  "summary_csf_stdv": 214.42444975756263,
  "summary_gm_k": -0.38584203956516694,
  "summary_gm_mad": 67.24718262580934,
  "summary_gm_mean": 783.0643735976902,
  "summary_gm_median": 781.3074650242925,
  "summary_gm_n": 548482.9883917576,
  "summary_gm_p05": 608.0460953079164,
  "summary_gm_p95": 972.4518219307065,
  "summary_gm_stdv": 103.77024174008692,
  "summary_wm_k": -0.39329883828061085,
  "summary_wm_mad": 52.735757061884016,
  "summary_wm_mean": 945.470985435711,
  "summary_wm_median": 962.2715205810964,
  "summary_wm_n": 519929.52446074795,
  "summary_wm_p05": 811.2350979074836,
  "summary_wm_p95": 1032.5523961633444,
  "summary_wm_stdv": 68.6854995198921,
  "tpm_overlap_csf": 0.19675335208815825,
  "tpm_overlap_gm": 0.5348510213463054,
  "tpm_overlap_wm": 0.5550072442055421,
  "wm2max": 0.7612783704982726
}