{
  "bids_meta": {
    "InstitutionName": "HH",
    "dataset": "<unset>",
    "modality": "T1w",
    "subject_id": "0987"
  },
  "cjv": 0.603058714320793,
  "cnr": 1.6634348579365215,
  "efc": 0.6266127056420706,
  "fber": -1.0,
  "fwhm_avg": 5.181793416023179,
  "fwhm_x": 4.428270914736207,
  "fwhm_y": 6.049610666666666,
  "fwhm_z": 5.067498666666666,
  "icvs_csf": 0.26550247478316463,
  "icvs_gm": 0.37961749951571455,
  "icvs_wm": 0.35488002570112076,
  "inu_med": 0.3886599987745285,
  "inu_range": 0.1825780227780342,
  "provenance": {
    "md5sum": "1762954a22574f86468e31ada706323e",
    "settings": {
      "testing": false
    },
    "software": "mriqc",
    "version": "23.1.0",
    "warnings": {
      "large_rot_frame": true,
      "small_air_mask": false
    }
  },
  "qi_1": 0.0,
  "qi_2": 0.0011494815688928596,
  "rpve_csf": 6.54456842452943,
  "rpve_gm": 6.450675350741805,
  "rpve_wm": 6.519111662480845,
  "size_x": 150,
  "size_y": 256,
  "size_z": 256,
  "snr_csf": 2.229653006737046,
  "snr_gm": 7.753705271805142,
  "snr_total": 8.52855783197547,
  "snr_wm": 15.602315217384218,
  "snrd_csf": 88.44642512471361,
  "snrd_gm": 154.94009686272278,
  "snrd_total": 145.83253091288148,
  "snrd_wm": 194.11107075120802,
  "spacing_x": 1.1999965906143188,
  "spacing_y": 0.9375,
  "spacing_z": 0.9375,
  "summary_bg_k": 62.332638061547925,
  "summary_bg_mad": 0.0,
  "summary_bg_mean": 0.8855863358266578,
  "summary_bg_median": 0.0,
  "summary_bg_n": 2778283.0,
  "summary_bg_p05": 0.0,
  "summary_bg_p95": 5.570031588897109,
  "summary_bg_stdv": 3.278158772613591,
  "summary_csf_k": -0.3118030357588797,
  "summary_csf_mad": 161.40590121505903,
  "summary_csf_mean": 454.5768576016832,
  "summary_csf_median": 442.5665013100952,
  "summary_csf_n": 394204.79972245265,
  "summary_csf_p05": 110.22925174422562,
  "summary_csf_p95": 784.8246225900948,
  "summary_csf_stdv": 198.49094842635313,
  "summary_gm_k": -0.5308637531725888,
  "summary_gm_mad": 70.38913478548687,
  "summary_gm_mean": 777.9089791414756,
  "summary_gm_median": 775.2862423155457,
  "summary_gm_n": 563637.0828179548,
  "summary_gm_p05": 612.8947204984725,
  "summary_gm_p95": 965.4083935022354,
  "summary_gm_stdv": 99.98904103066316,
  "summary_wm_k": -0.5044587748555482,
  "summary_wm_mad": 47.81215650836948,
  "summary_wm_mean": 955.8593987108619,
  "summary_wm_median": 971.289199385792,
  "summary_wm_n": 526908.1185448891,
  "summary_wm_p05": 830.460632475093,
  "summary_wm_p95": 1032.6073582936078,
  "summary_wm_stdv": 62.25283005535543,
  "tpm_overlap_csf": 0.20185809240459954,
  "tpm_overlap_gm": 0.5321420505315847,
  "tpm_overlap_wm": 0.5629326675549293,
  "wm2max": 0.8243553066731593
}