{
  "bids_meta": {
    "InstitutionName": "HH",
    "dataset": "<unset>",
    "modality": "T1w",
    "subject_id": "0778"
  },
  "cjv": 0.8923167033464738,
  "cnr": 1.0124349964182986,
  "efc": 0.5836847210108368,
  "fber": -1.0,
  "fwhm_avg": 4.876284286559641,
  "fwhm_x": 4.187018193012255,
  "fwhm_y": 5.64384,
  "fwhm_z": 4.797994666666667,
  "icvs_csf": 0.2704278070932934,
  "icvs_gm": 0.3485367862993375,
  "icvs_wm": 0.3810354066073691,
  "inu_med": 0.4361730366945267,
  "inu_range": 0.22386474311351778,
  "provenance": {
    "md5sum": "a598c8694805c5026522d86242fe2a46",
    "settings": {
      "testing": false
    },
    "software": "mriqc",
    "version": "23.1.0",
    "warnings": {
      "large_rot_frame": true,
      "small_air_mask": false
    }
  },
  "qi_1": 0.0,
  "qi_2": 0.0025520778925443924,
  "rpve_csf": 7.700050432062495,
  "rpve_gm": 7.550645957943735,
  "rpve_wm": 7.609465230419106,
  "size_x": 150,
  "size_y": 256,
  "size_z": 256,
  "snr_csf": 2.4305839171504124,
  "snr_gm": 6.508814819217257,
  "snr_total": 7.726606126560358,
  "snr_wm": 14.240419643313404,
  "snrd_csf": 61.047520079695964,
  "snrd_gm": 117.63023218033537,
  "snrd_total": 105.69807619193602,
  "snrd_wm": 138.41647631577672,
  "spacing_x": 1.2000043392181396,
  "spacing_y": 0.9375,
  "spacing_z": 0.9375,
  "summary_bg_k": 44.77839418233317,
  "summary_bg_mad": 0.0,
  "summary_bg_mean": 1.5241508814096791,
  "summary_bg_median": 0.0,
  "summary_bg_n": 2570695.0,
  "summary_bg_p05": 0.0,
  "summary_bg_p95": 9.744214296340942,
  "summary_bg_stdv": 4.475576801156049,
  "summary_csf_k": 0.12203287066740653,
  "summary_csf_mad": 138.74941481404016,
  "summary_csf_mean": 432.30732063711224,
  "summary_csf_median": 417.04729677177966,
  "summary_csf_n": 342420.5574587834,
  "summary_csf_p05": 128.4764504749328,
  "summary_csf_p95": 741.3469288218766,
  "summary_csf_stdv": 171.5829208196421,
  "summary_gm_k": 0.017235636189973924,
  "summary_gm_mad": 64.33337834382014,
  "summary_gm_mean": 795.6644846049716,
  "summary_gm_median": 803.5931727513671,
  "summary_gm_n": 441323.5530114676,
  "summary_gm_p05": 576.3804258517921,
  "summary_gm_p95": 993.9352337848395,
  "summary_gm_stdv": 123.4621485839243,
  "summary_wm_k": -0.6817290446939253,
  "summary_wm_mad": 62.37704169242912,
  "summary_wm_mean": 936.3640974906128,
  "summary_wm_median": 945.5947956740856,
  "summary_wm_n": 482473.89107074303,
  "summary_wm_p05": 818.8692587055266,
  "summary_wm_p95": 1032.5314575992525,
  "summary_wm_stdv": 66.40210326762214,
  "tpm_overlap_csf": 0.18880381101053345,
  "tpm_overlap_gm": 0.497283926521849,
  "tpm_overlap_wm": 0.5441117942188582,
  "wm2max": 0.6992025518341308
}