{
  "bids_meta": {
    "InstitutionName": "HH",
    "dataset": "<unset>",
    "modality": "T1w",
    "subject_id": "0892"
  },
  "cjv": 0.6365310934013653,
  "cnr": 1.5436562528125897,
  "efc": 0.6118757410497437,
  "fber": -1.0,
  "fwhm_avg": 5.210461797667375,
  "fwhm_x": 4.536601393002127,
  "fwhm_y": 5.981930666666667,
  "fwhm_z": 5.112853333333334,
  "icvs_csf": 0.26135093808098825,
  "icvs_gm": 0.38095625949999157,
  "icvs_wm": 0.35769280241902024,
  "inu_med": 0.40153756737709045,
  "inu_range": 0.22231544405221937,
  "provenance": {
    "md5sum": "d99e8084799505c687b399f500eb6120",
    "settings": {
      "testing": false
    },
    "software": "mriqc",
    "version": "23.1.0",
    "warnings": {
      "large_rot_frame": true,
      "small_air_mask": false
    }
  },
  "qi_1": 0.0,
  "qi_2": 0.000523900861544458,
  "rpve_csf": 6.773947018268966,
  "rpve_gm": 6.667510405148267,
  "rpve_wm": 6.736449796077066,
  "size_x": 150,
  "size_y": 256,
  "size_z": 256,
  "snr_csf": 2.26524389665429,
  "snr_gm": 7.942933918807282,
  "snr_total": 8.292290354600672,
  "snr_wm": 14.668693248340444,
  "snrd_csf": 82.37395977913977,
  "snrd_gm": 137.4702593228038,
  "snrd_total": 129.82031677154546,
  "snrd_wm": 169.61673121269288,
  "spacing_x": 1.200001835823059,
  "spacing_y": 0.9375,
  "spacing_z": 0.9375,
  "summary_bg_k": 98.66925431309068,
  "summary_bg_mad": 0.0,
  "summary_bg_mean": 0.8725983330096476,
  "summary_bg_median": 0.0,
  "summary_bg_n": 2751678.0,
  "summary_bg_p05": 0.0,
  "summary_bg_p95": 6.000000089406967,
  "summary_bg_stdv": 3.723886119878273,
  "summary_csf_k": -0.1837229070264872,
  "summary_csf_mad": 158.897895136101,
  "summary_csf_mean": 474.3416512040047,
  "summary_csf_median": 468.2250069770962,
  "summary_csf_n": 374813.31185273896,
  "summary_csf_p05": 98.45000146701932,
  "summary_csf_p95": 805.4750120025128,
  "summary_csf_stdv": 206.69932410248322,
  "summary_gm_k": -0.39054317121600235,
  "summary_gm_mad": 65.30862869834615,
  "summary_gm_mean": 784.7277919824144,
  "summary_gm_median": 781.4000116437674,
  "summary_gm_n": 546343.8484004058,
  "summary_gm_p05": 621.3000092580914,
  "summary_gm_p95": 967.3750144150108,
  "summary_gm_stdv": 98.37665836244942,
  "summary_wm_k": -0.4784377032069367,
  "summary_wm_mad": 51.00151707657452,
  "summary_wm_mean": 948.7159006107456,
  "summary_wm_median": 964.125014366582,
  "summary_wm_n": 512980.840570065,
  "summary_wm_p05": 818.5500121973455,
  "summary_wm_p95": 1031.8500153757632,
  "summary_wm_stdv": 65.72665051449677,
  "tpm_overlap_csf": 0.19627402198588892,
  "tpm_overlap_gm": 0.5341510079060053,
  "tpm_overlap_wm": 0.5580772889143925,
  "wm2max": 0.7907881758989741
}