{
  "bids_meta": {
    "InstitutionName": "HH",
    "dataset": "<unset>",
    "modality": "T1w",
    "subject_id": "0600"
  },
  "cjv": 0.6360361807154613,
  "cnr": 1.5535105848943005,
  "efc": 0.49969136715050566,
  "fber": -1.0,
  "fwhm_avg": 4.932912080304512,
  "fwhm_x": 4.322149574246872,
  "fwhm_y": 5.556266666666667,
  "fwhm_z": 4.92032,
  "icvs_csf": 0.2706496417933322,
  "icvs_gm": 0.3748283453427653,
  "icvs_wm": 0.35452201286390256,
  "inu_med": 0.37276656925678253,
  "inu_range": 0.1413976475596428,
  "provenance": {
    "md5sum": "b8466021aea23282c821bcfb76cc471a",
    "settings": {
      "testing": false
    },
    "software": "mriqc",
    "version": "23.1.0",
    "warnings": {
      "large_rot_frame": true,
      "small_air_mask": false
    }
  },
  "qi_1": 0.0,
  "qi_2": 0.0019871980964057978,
  "rpve_csf": 7.476112498204723,
  "rpve_gm": 7.36637497508881,
  "rpve_wm": 7.425773983769353,
  "size_x": 150,
  "size_y": 256,
  "size_z": 256,
  "snr_csf": 2.056520409657969,
  "snr_gm": 7.34045720885718,
  "snr_total": 7.952296126918429,
  "snr_wm": 14.459910762240137,
  "snrd_csf": 70.73612590492421,
  "snrd_gm": 134.4694453733253,
  "snrd_total": 124.46710351315808,
  "snrd_wm": 168.19573926122473,
  "spacing_x": 1.2000024318695068,
  "spacing_y": 0.9375,
  "spacing_z": 0.9375,
  "summary_bg_k": 46.561779656520855,
  "summary_bg_mad": 0.0,
  "summary_bg_mean": 1.3969983253038547,
  "summary_bg_median": 0.0,
  "summary_bg_n": 3126541.0,
  "summary_bg_p05": 0.0,
  "summary_bg_p95": 8.36314882338047,
  "summary_bg_stdv": 3.7655666222312054,
  "summary_csf_k": -0.5551668339423217,
  "summary_csf_mad": 160.2284619125923,
  "summary_csf_mean": 416.7422567667481,
  "summary_csf_median": 406.57425643503666,
  "summary_csf_n": 352806.96458390297,
  "summary_csf_p05": 77.99642539024353,
  "summary_csf_p95": 757.0662207603455,
  "summary_csf_stdv": 197.69980318500302,
  "summary_gm_k": -0.4170001217786843,
  "summary_gm_mad": 71.37841475228869,
  "summary_gm_mean": 777.9799313290833,
  "summary_gm_median": 772.8980639874935,
  "summary_gm_n": 488609.7387166242,
  "summary_gm_p05": 604.0027082040906,
  "summary_gm_p95": 974.2173924818635,
  "summary_gm_stdv": 105.2927973122653,
  "summary_wm_k": -0.5303185478154822,
  "summary_wm_mad": 51.917602183968455,
  "summary_wm_mean": 949.1191870751995,
  "summary_wm_median": 966.7486980780959,
  "summary_wm_n": 462139.29716632765,
  "summary_wm_p05": 816.2343806177378,
  "summary_wm_p95": 1031.0152481272817,
  "summary_wm_stdv": 66.85709670163271,
  "tpm_overlap_csf": 0.18662937523424222,
  "tpm_overlap_gm": 0.5345959976860898,
  "tpm_overlap_wm": 0.5554607555134844,
  "wm2max": 0.8484112115089597
}