{
  "bids_meta": {
    "InstitutionName": "HH",
    "dataset": "<unset>",
    "modality": "T1w",
    "subject_id": "1086"
  },
  "cjv": 0.7725476621004543,
  "cnr": 1.1267704361979416,
  "efc": 0.6494721392799127,
  "fber": -1.0,
  "fwhm_avg": 5.151772831823062,
  "fwhm_x": 4.445174495469186,
  "fwhm_y": 6.076757333333333,
  "fwhm_z": 4.933386666666666,
  "icvs_csf": 0.27455418024576655,
  "icvs_gm": 0.35146663473561696,
  "icvs_wm": 0.3739791850186165,
  "inu_med": 0.4290821850299835,
  "inu_range": 0.208778515458107,
  "provenance": {
    "md5sum": "86c0e4ff082e667621a0e6acbadff716",
    "settings": {
      "testing": false
    },
    "software": "mriqc",
    "version": "23.1.0",
    "warnings": {
      "large_rot_frame": true,
      "small_air_mask": false
    }
  },
  "qi_1": 0.0,
  "qi_2": 0.001042035071188009,
  "rpve_csf": 6.463424189147334,
  "rpve_gm": 6.330323702561465,
  "rpve_wm": 6.399844299657981,
  "size_x": 150,
  "size_y": 256,
  "size_z": 256,
  "snr_csf": 2.1891365620923158,
  "snr_gm": 5.7115033145641405,
  "snr_total": 7.23020937851881,
  "snr_wm": 13.789988258899974,
  "snrd_csf": 33.11274686622791,
  "snrd_gm": 64.97857863875859,
  "snrd_total": 59.151583925185854,
  "snrd_wm": 79.36342627057107,
  "spacing_x": 1.1999956369400024,
  "spacing_y": 0.9375,
  "spacing_z": 0.9375,
  "summary_bg_k": 29.309322020482647,
  "summary_bg_mad": 0.0,
  "summary_bg_mean": 2.7106972515911822,
  "summary_bg_median": 0.0,
  "summary_bg_n": 2601673.0,
  "summary_bg_p05": 0.0,
  "summary_bg_p95": 19.217098712921143,
  "summary_bg_stdv": 7.9718158010432445,
  "summary_csf_k": 0.15294229401936033,
  "summary_csf_mad": 131.80866444140358,
  "summary_csf_mean": 420.7596433849299,
  "summary_csf_median": 402.92177122831345,
  "summary_csf_n": 412777.38455404143,
  "summary_csf_p05": 86.84461829066277,
  "summary_csf_p95": 757.6292144358158,
  "summary_csf_stdv": 184.05488727532241,
  "summary_gm_k": 0.025651482324136943,
  "summary_gm_mad": 72.97264907591354,
  "summary_gm_mean": 782.9989616027708,
  "summary_gm_median": 790.6708586513996,
  "summary_gm_n": 528411.1067415284,
  "summary_gm_p05": 531.8283045589924,
  "summary_gm_p95": 1006.7406611442566,
  "summary_gm_stdv": 138.43467594180416,
  "summary_wm_k": -0.6783291682633354,
  "summary_wm_mad": 62.25206567083659,
  "summary_wm_mean": 951.9408844725383,
  "summary_wm_median": 965.7082335352898,
  "summary_wm_n": 562257.5104536831,
  "summary_wm_p05": 820.9672030508518,
  "summary_wm_p95": 1046.44946205616,
  "summary_wm_stdv": 70.02960094140145,
  "tpm_overlap_csf": 0.18187790978659285,
  "tpm_overlap_gm": 0.5011050626320734,
  "tpm_overlap_wm": 0.537169083937759,
  "wm2max": 0.7556774589535062
}