{
  "bids_meta": {
    "InstitutionName": "HH",
    "dataset": "<unset>",
    "modality": "T1w",
    "subject_id": "0997"
  },
  "cjv": 0.7765330809695963,
  "cnr": 1.2155592614985355,
  "efc": 0.575411992015258,
  "fber": -1.0,
  "fwhm_avg": 4.97595651144461,
  "fwhm_x": 4.383133534333832,
  "fwhm_y": 5.682432,
  "fwhm_z": 4.862304,
  "icvs_csf": 0.26856385839916114,
  "icvs_gm": 0.3615081381917004,
  "icvs_wm": 0.3699280034091385,
  "inu_med": 0.42724719643592834,
  "inu_range": 0.18678367137908936,
  "provenance": {
    "md5sum": "884f2d07fe98383a0d1fd9d2f16091e3",
    "settings": {
      "testing": false
    },
    "software": "mriqc",
    "version": "23.1.0",
    "warnings": {
      "large_rot_frame": true,
      "small_air_mask": false
    }
  },
  "qi_1": 0.0,
  "qi_2": 0.0019678365397858746,
  "rpve_csf": 7.786387815471555,
  "rpve_gm": 7.650477386456644,
  "rpve_wm": 7.712546421512457,
  "size_x": 150,
  "size_y": 256,
  "size_z": 256,
  "snr_csf": 2.3064246108953186,
  "snr_gm": 6.595090226169089,
  "snr_total": 7.586595586633748,
  "snr_wm": 13.858271922836835,
  "snrd_csf": 81.96209931028902,
  "snrd_gm": 155.2381463275303,
  "snrd_total": 141.82818054946202,
  "snrd_wm": 188.28429601056672,
  "spacing_x": 1.1999976634979248,
  "spacing_y": 0.9375,
  "spacing_z": 0.9375,
  "summary_bg_k": 46.44543979525685,
  "summary_bg_mad": 0.0,
  "summary_bg_mean": 0.940232602952374,
  "summary_bg_median": 0.0,
  "summary_bg_n": 2749387.0,
  "summary_bg_p05": 0.0,
  "summary_bg_p95": 7.478305757045746,
  "summary_bg_stdv": 3.3842602921179297,
  "summary_csf_k": -0.12915159118896202,
  "summary_csf_mad": 146.43673385361257,
  "summary_csf_mean": 438.08603331815783,
  "summary_csf_median": 423.39439260959625,
  "summary_csf_n": 336156.2791829749,
  "summary_csf_p05": 120.19377586245537,
  "summary_csf_p95": 766.5968901515007,
  "summary_csf_stdv": 183.57147285490703,
  "summary_gm_k": -0.27843603242202253,
  "summary_gm_mad": 71.54480425419358,
  "summary_gm_mean": 801.0438095665478,
  "summary_gm_median": 801.918950676918,
  "summary_gm_n": 452492.86837497377,
  "summary_gm_p05": 592.0090224146843,
  "summary_gm_p95": 1008.0662093758583,
  "summary_gm_stdv": 121.59319085312765,
  "summary_wm_k": -0.5958053169015041,
  "summary_wm_mad": 61.01530577233857,
  "summary_wm_mean": 958.7794608841585,
  "summary_wm_median": 972.6265654265881,
  "summary_wm_n": 463031.8537008004,
  "summary_wm_p05": 827.5756537616253,
  "summary_wm_p95": 1053.5004443526268,
  "summary_wm_stdv": 70.1837516655191,
  "tpm_overlap_csf": 0.19183032287487378,
  "tpm_overlap_gm": 0.5176000111537131,
  "tpm_overlap_wm": 0.5444068297866261,
  "wm2max": 0.808127576182644
}