{
  "bids_meta": {
    "InstitutionName": "HH",
    "dataset": "<unset>",
    "modality": "T1w",
    "subject_id": "0116"
  },
  "cjv": 0.8022908103355609,
  "cnr": 1.1347886385310657,
  "efc": 0.6083787615268381,
  "fber": -1.0,
  "fwhm_avg": 4.706871901594973,
  "fwhm_x": 4.071025732515865,
  "fwhm_y": 5.361173674187575,
  "fwhm_z": 4.6884162980814805,
  "icvs_csf": 0.26611039317463775,
  "icvs_gm": 0.35649251543179195,
  "icvs_wm": 0.37739709139357036,
  "inu_med": 0.4328538179397583,
  "inu_range": 0.20619213283061982,
  "provenance": {
    "md5sum": "36d29603e3c3edd58620b5d699ad7455",
    "settings": {
      "testing": false
    },
    "software": "mriqc",
    "version": "23.1.0",
    "warnings": {
      "large_rot_frame": true,
      "small_air_mask": false
    }
  },
  "qi_1": 0.0,
  "qi_2": 0.0023289480952554745,
  "rpve_csf": 7.851965623406802,
  "rpve_gm": 7.71855255950204,
  "rpve_wm": 7.785492268640487,
  "size_x": 150,
  "size_y": 256,
  "size_z": 256,
  "snr_csf": 2.19210134539065,
  "snr_gm": 6.214909485927902,
  "snr_total": 7.707779116431979,
  "snr_wm": 14.716326517977386,
  "snrd_csf": 47.92264958872285,
  "snrd_gm": 90.55432608844052,
  "snrd_total": 82.53284910957095,
  "snrd_wm": 109.12157165154947,
  "spacing_x": 1.2000046968460083,
  "spacing_y": 0.9374999403953552,
  "spacing_z": 0.9374999403953552,
  "summary_bg_k": 36.096839316000995,
  "summary_bg_mad": 0.0,
  "summary_bg_mean": 1.9262823832188096,
  "summary_bg_median": 0.0,
  "summary_bg_n": 2728454.0,
  "summary_bg_p05": 0.0,
  "summary_bg_p95": 12.788334786891937,
  "summary_bg_stdv": 5.771530616361997,
  "summary_csf_k": -0.42910704832356616,
  "summary_csf_mad": 150.29797638117503,
  "summary_csf_mean": 428.2757431229094,
  "summary_csf_median": 422.1823719739914,
  "summary_csf_n": 330074.55035495496,
  "summary_csf_p05": 94.82490485906601,
  "summary_csf_p95": 768.0649969577789,
  "summary_csf_stdv": 192.5922509629616,
  "summary_gm_k": 0.11140586875492398,
  "summary_gm_mad": 72.6505191184647,
  "summary_gm_mean": 791.3854960980202,
  "summary_gm_median": 797.7530564069748,
  "summary_gm_n": 442181.5522959826,
  "summary_gm_p05": 564.025322675705,
  "summary_gm_p95": 1000.7170763611794,
  "summary_gm_stdv": 128.36102539348553,
  "summary_wm_k": -0.5817096359855096,
  "summary_wm_mad": 58.58112590381569,
  "summary_wm_mean": 950.3235592696665,
  "summary_wm_median": 961.3242245316505,
  "summary_wm_n": 468110.89849185536,
  "summary_wm_p05": 829.3772936463356,
  "summary_wm_p95": 1040.5640933513641,
  "summary_wm_stdv": 65.32358442470515,
  "tpm_overlap_csf": 0.19023853642901617,
  "tpm_overlap_gm": 0.5072952031028329,
  "tpm_overlap_wm": 0.5388876855872182,
  "wm2max": 0.7727202859009338
}