{
  "bids_meta": {
    "InstitutionName": "HH",
    "dataset": "<unset>",
    "modality": "T1w",
    "subject_id": "0669"
  },
  "cjv": 0.6680297343800629,
  "cnr": 1.4851377751830541,
  "efc": 0.6062294356462938,
  "fber": -1.0,
  "fwhm_avg": 4.797344918337991,
  "fwhm_x": 4.023618444746485,
  "fwhm_y": 5.488330666666667,
  "fwhm_z": 4.880085643600823,
  "icvs_csf": 0.2519814584671979,
  "icvs_gm": 0.3850727347048711,
  "icvs_wm": 0.36294580682793104,
  "inu_med": 0.3363783657550812,
  "inu_range": 0.15212781429290767,
  "provenance": {
    "md5sum": "d807a3d22ff928c25735409f3d574018",
    "settings": {
      "testing": false
    },
    "software": "mriqc",
    "version": "23.1.0",
    "warnings": {
      "large_rot_frame": true,
      "small_air_mask": false
    }
  },
  "qi_1": 0.0,
  "qi_2": 0.001731929742495723,
  "rpve_csf": 5.979184252303677,
  "rpve_gm": 5.873522531706838,
  "rpve_wm": 5.947184134793408,
  "size_x": 150,
  "size_y": 256,
  "size_z": 256,
  "snr_csf": 2.5774753512370854,
  "snr_gm": 8.827728758590467,
  "snr_total": 8.995142278913148,
  "snr_wm": 15.580222726911888,
  "snrd_csf": 58.566671559127265,
  "snrd_gm": 86.14891714919423,
  "snrd_total": 82.81194302455097,
  "snrd_wm": 103.72024036533142,
  "spacing_x": 1.2000019550323486,
  "spacing_y": 0.9375,
  "spacing_z": 0.9374999403953552,
  "summary_bg_k": 899.7178043937333,
  "summary_bg_mad": 0.0,
  "summary_bg_mean": 1.795879570316262,
  "summary_bg_median": 0.0,
  "summary_bg_n": 3194990.0,
  "summary_bg_p05": 0.0,
  "summary_bg_p95": 11.162291657179594,
  "summary_bg_stdv": 6.040054108116331,
  "summary_csf_k": 0.09138276725509531,
  "summary_csf_mad": 141.21053180721916,
  "summary_csf_mean": 531.2180496552766,
  "summary_csf_median": 539.9575800541788,
  "summary_csf_n": 408027.2764287186,
  "summary_csf_p05": 132.38770367205143,
  "summary_csf_p95": 843.9228672776371,
  "summary_csf_stdv": 209.4906234995148,
  "summary_gm_k": -0.4586053269779149,
  "summary_gm_mad": 59.65675230647872,
  "summary_gm_mean": 797.261028416824,
  "summary_gm_median": 794.2531065847725,
  "summary_gm_n": 623538.6529006873,
  "summary_gm_p05": 648.4852760136127,
  "summary_gm_p95": 961.5656223632395,
  "summary_gm_stdv": 89.97245966806295,
  "summary_wm_k": -0.37720846939508057,
  "summary_wm_mad": 48.563703876382434,
  "summary_wm_mean": 946.1303494728097,
  "summary_wm_median": 956.2525665089488,
  "summary_wm_n": 587709.0717391121,
  "summary_wm_p05": 827.1794297918677,
  "summary_wm_p95": 1030.0260530728847,
  "summary_wm_stdv": 61.376000184798386,
  "tpm_overlap_csf": 0.21764117871024366,
  "tpm_overlap_gm": 0.5309761708842642,
  "tpm_overlap_wm": 0.5624919732515847,
  "wm2max": 0.6981171565351602
}