{
  "bids_meta": {
    "InstitutionName": "HH",
    "dataset": "<unset>",
    "modality": "T1w",
    "subject_id": "0248"
  },
  "cjv": 0.644520447749552,
  "cnr": 1.4683755042482738,
  "efc": 0.6468740367437746,
  "fber": -1.0,
  "fwhm_avg": 4.900455240156817,
  "fwhm_x": 4.096363053803784,
  "fwhm_y": 5.781045333333334,
  "fwhm_z": 4.823957333333333,
  "icvs_csf": 0.26243418616418607,
  "icvs_gm": 0.37652129002599394,
  "icvs_wm": 0.36104452380982,
  "inu_med": 0.3908798098564148,
  "inu_range": 0.20842859148979187,
  "provenance": {
    "md5sum": "0a0477baac3ef9579aa84c31497054f8",
    "settings": {
      "testing": false
    },
    "software": "mriqc",
    "version": "23.1.0",
    "warnings": {
      "large_rot_frame": true,
      "small_air_mask": false
    }
  },
  "qi_1": 0.0,
  "qi_2": 0.0011567255387795483,
  "rpve_csf": 6.274534761468361,
  "rpve_gm": 6.1592392919744166,
  "rpve_wm": 6.223952723364929,
  "size_x": 150,
  "size_y": 256,
  "size_z": 256,
  "snr_csf": 2.3711010004204716,
  "snr_gm": 8.060195071502315,
  "snr_total": 8.335498830032742,
  "snr_wm": 14.575200418175442,
  "snrd_csf": 77.53700242192521,
  "snrd_gm": 131.91638193918888,
  "snrd_total": 123.45825939780347,
  "snrd_wm": 160.92139383229633,
  "spacing_x": 1.1999986171722412,
  "spacing_y": 0.9375,
  "spacing_z": 0.9375,
  "summary_bg_k": 93.1685039317473,
  "summary_bg_mad": 0.0,
  "summary_bg_mean": 0.9439589377019952,
  "summary_bg_median": 0.0,
  "summary_bg_n": 2658389.0,
  "summary_bg_p05": 0.0,
  "summary_bg_p95": 6.50233194231987,
  "summary_bg_stdv": 3.9142787133975068,
  "summary_csf_k": -0.06649247359742194,
  "summary_csf_mad": 159.77730905799763,
  "summary_csf_mean": 471.2255765279813,
  "summary_csf_median": 463.2645019888878,
  "summary_csf_n": 406399.2824876902,
  "summary_csf_p05": 124.26382724195719,
  "summary_csf_p95": 793.924070596695,
  "summary_csf_stdv": 195.37924868832326,
  "summary_gm_k": -0.32872924376057355,
  "summary_gm_mad": 61.35859568918652,
  "summary_gm_mean": 791.5926129302604,
  "summary_gm_median": 788.1679078936577,
  "summary_gm_n": 583071.8335307549,
  "summary_gm_p05": 627.9280637577176,
  "summary_gm_p95": 972.2585187852383,
  "summary_gm_stdv": 97.7851311321906,
  "summary_wm_k": -0.31049035142085435,
  "summary_wm_mad": 50.33538371411696,
  "summary_wm_mean": 946.3972614575468,
  "summary_wm_median": 961.4657137170434,
  "summary_wm_n": 559104.884798139,
  "summary_wm_p05": 816.0160098597407,
  "summary_wm_p95": 1030.246528238058,
  "summary_wm_stdv": 65.96580673373165,
  "tpm_overlap_csf": 0.21584895707311688,
  "tpm_overlap_gm": 0.5339558898884021,
  "tpm_overlap_wm": 0.5760596260650457,
  "wm2max": 0.7961155106035978
}