{
  "bids_meta": {
    "InstitutionName": "HH",
    "dataset": "<unset>",
    "modality": "T1w",
    "subject_id": "0035"
  },
  "cjv": 0.603701890557857,
  "cnr": 1.6586746338033886,
  "efc": 0.6266127056420706,
  "fber": -1.0,
  "fwhm_avg": 5.181793416023179,
  "fwhm_x": 4.428270914736207,
  "fwhm_y": 6.049610666666666,
  "fwhm_z": 5.067498666666666,
  "icvs_csf": 0.2643465873075729,
  "icvs_gm": 0.37989502086556753,
  "icvs_wm": 0.3557583918268595,
  "inu_med": 0.3886599987745285,
  "inu_range": 0.1825780227780342,
  "provenance": {
    "md5sum": "1762954a22574f86468e31ada706323e",
    "settings": {
      "testing": false
    },
    "software": "mriqc",
    "version": "23.1.0",
    "warnings": {
      "large_rot_frame": true,
      "small_air_mask": false
    }
  },
  "qi_1": 0.0,
  "qi_2": 0.0018238620045625251,
  "rpve_csf": 6.544838204067976,
  "rpve_gm": 6.450209645878289,
  "rpve_wm": 6.518482771024032,
  "size_x": 150,
  "size_y": 256,
  "size_z": 256,
  "snr_csf": 2.22762364132755,
  "snr_gm": 7.726915078268845,
  "snr_total": 8.492234541432907,
  "snr_wm": 15.522164904702327,
  "snrd_csf": 87.82763487992074,
  "snrd_gm": 154.19421974206716,
  "snrd_total": 145.08088378593786,
  "snrd_wm": 193.22079673582562,
  "spacing_x": 1.1999965906143188,
  "spacing_y": 0.9375,
  "spacing_z": 0.9375,
  "summary_bg_k": 62.77524825503487,
  "summary_bg_mad": 0.0,
  "summary_bg_mean": 0.8893526545873194,
  "summary_bg_median": 0.0,
  "summary_bg_n": 2785585.0,
  "summary_bg_p05": 0.0,
  "summary_bg_p95": 5.569898786023259,
  "summary_bg_stdv": 3.292617154687215,
  "summary_csf_k": -0.3158099193585189,
  "summary_csf_mad": 160.83498377609533,
  "summary_csf_mean": 453.55790082940734,
  "summary_csf_median": 441.4085025060922,
  "summary_csf_n": 392488.59576192475,
  "summary_csf_p05": 109.74852071516216,
  "summary_csf_p95": 783.8736098390073,
  "summary_csf_stdv": 198.1519373364677,
  "summary_gm_k": -0.529616757820186,
  "summary_gm_mad": 70.42289836119468,
  "summary_gm_mean": 777.5101130624918,
  "summary_gm_median": 774.9569907523692,
  "summary_gm_n": 564049.1325994971,
  "summary_gm_p05": 611.7804709523916,
  "summary_gm_p95": 965.552711872384,
  "summary_gm_stdv": 100.29310480877224,
  "summary_wm_k": -0.5092597887760029,
  "summary_wm_mad": 47.98822565730126,
  "summary_wm_mean": 955.5019586941786,
  "summary_wm_median": 971.0987055134028,
  "summary_wm_n": 528212.272610809,
  "summary_wm_p05": 829.4368162173778,
  "summary_wm_p95": 1032.5588333196938,
  "summary_wm_stdv": 62.56200679760165,
  "tpm_overlap_csf": 0.20415264317139106,
  "tpm_overlap_gm": 0.533986562122467,
  "tpm_overlap_wm": 0.5641011904302893,
  "wm2max": 0.8242132813926594
}