{
  "bids_meta": {
    "InstitutionName": "HH",
    "dataset": "<unset>",
    "modality": "T1w",
    "subject_id": "0356"
  },
  "cjv": 0.680906417909096,
  "cnr": 1.3915026197946627,
  "efc": 0.5806714122811638,
  "fber": -1.0,
  "fwhm_avg": 4.909556604572943,
  "fwhm_x": 4.255987147052162,
  "fwhm_y": 5.5717973333333335,
  "fwhm_z": 4.900885333333333,
  "icvs_csf": 0.2674455737549209,
  "icvs_gm": 0.3703398937004693,
  "icvs_wm": 0.36221453254460984,
  "inu_med": 0.3675249367952347,
  "inu_range": 0.15685206949710845,
  "provenance": {
    "md5sum": "4d94a765e696ddbef6243f765216355f",
    "settings": {
      "testing": false
    },
    "software": "mriqc",
    "version": "23.1.0",
    "warnings": {
      "large_rot_frame": true,
      "small_air_mask": false
    }
  },
  "qi_1": 0.0,
  "qi_2": 0.001328583103564956,
  "rpve_csf": 7.8132737854082706,
  "rpve_gm": 7.690705026101576,
  "rpve_wm": 7.749096125038517,
  "size_x": 150,
  "size_y": 256,
  "size_z": 256,
  "snr_csf": 2.312316413005251,
  "snr_gm": 7.8309456976060625,
  "snr_total": 8.322374627500114,
  "snr_wm": 14.823861771889028,
  "snrd_csf": 44.950901711792945,
  "snrd_gm": 81.29682117840757,
  "snrd_total": 74.90625126169759,
  "snrd_wm": 98.47103089489227,
  "spacing_x": 1.2000036239624023,
  "spacing_y": 0.9375,
  "spacing_z": 0.9375,
  "summary_bg_k": 1674.0713245496165,
  "summary_bg_mad": 0.0,
  "summary_bg_mean": 1.9896098938865594,
  "summary_bg_median": 0.0,
  "summary_bg_n": 2763900.0,
  "summary_bg_p05": 0.0,
  "summary_bg_p95": 12.764621503651142,
  "summary_bg_stdv": 6.390348606236837,
  "summary_csf_k": -0.03219940466025362,
  "summary_csf_mad": 152.91559549074333,
  "summary_csf_mean": 449.5407620209699,
  "summary_csf_median": 438.461261048913,
  "summary_csf_n": 333718.5871525059,
  "summary_csf_p05": 99.90815774351358,
  "summary_csf_p95": 778.0373941287398,
  "summary_csf_stdv": 189.61963927157012,
  "summary_gm_k": -0.3201724702477775,
  "summary_gm_mad": 62.738138817212096,
  "summary_gm_mean": 794.3769776207224,
  "summary_gm_median": 792.987579241395,
  "summary_gm_n": 462110.11966563103,
  "summary_gm_p05": 621.2115798443556,
  "summary_gm_p95": 977.156189315021,
  "summary_gm_stdv": 101.26321288068598,
  "summary_wm_k": -0.6065660959333967,
  "summary_wm_mad": 51.328070713642205,
  "summary_wm_mean": 944.82538436183,
  "summary_wm_median": 960.508704803884,
  "summary_wm_n": 451971.2940086317,
  "summary_wm_p05": 818.7725796923041,
  "summary_wm_p95": 1027.9124165326357,
  "summary_wm_stdv": 64.79469769797949,
  "tpm_overlap_csf": 0.19717061031243568,
  "tpm_overlap_gm": 0.5262664021993556,
  "tpm_overlap_wm": 0.5690473699335624,
  "wm2max": 0.7216701828384302
}