{
  "bids_meta": {
    "InstitutionName": "HH",
    "dataset": "<unset>",
    "modality": "T1w",
    "subject_id": "0795"
  },
  "cjv": 0.611114977588205,
  "cnr": 1.7070739651942641,
  "efc": 0.6211322818725163,
  "fber": -1.0,
  "fwhm_avg": 4.930887646499748,
  "fwhm_x": 4.288022939499247,
  "fwhm_y": 5.642741333333333,
  "fwhm_z": 4.861898666666666,
  "icvs_csf": 0.24265088377108948,
  "icvs_gm": 0.3895545219553747,
  "icvs_wm": 0.3677945942735359,
  "inu_med": 0.29748064279556274,
  "inu_range": 0.1422460198402405,
  "provenance": {
    "md5sum": "462e48631c21fd0fefe4030e839d1497",
    "settings": {
      "testing": false
    },
    "software": "mriqc",
    "version": "23.1.0",
    "warnings": {
      "large_rot_frame": true,
      "small_air_mask": false
    }
  },
  "qi_1": 0.0,
  "qi_2": 0.00035487164812485493,
  "rpve_csf": 6.1382213151675815,
  "rpve_gm": 6.067570473834582,
  "rpve_wm": 6.155838778047712,
  "size_x": 150,
  "size_y": 256,
  "size_z": 256,
  "snr_csf": 2.742683433435021,
  "snr_gm": 8.387075229403866,
  "snr_total": 10.682476485639569,
  "snr_wm": 20.91767079407982,
  "snrd_csf": 106.214578332661,
  "snrd_gm": 142.91688201879566,
  "snrd_total": 141.49530871501256,
  "snrd_wm": 175.35446579358097,
  "spacing_x": 1.200002908706665,
  "spacing_y": 0.9375,
  "spacing_z": 0.9375,
  "summary_bg_k": 34.67425970689477,
  "summary_bg_mad": 0.0,
  "summary_bg_mean": 1.312447099294059,
  "summary_bg_median": 0.0,
  "summary_bg_n": 2397555.0,
  "summary_bg_p05": 0.0,
  "summary_bg_p95": 8.95109036192298,
  "summary_bg_stdv": 3.654127182568395,
  "summary_csf_k": 0.17636729599139045,
  "summary_csf_mad": 134.17546278671244,
  "summary_csf_mean": 576.4369137644939,
  "summary_csf_median": 592.428657406941,
  "summary_csf_n": 381623.11156809377,
  "summary_csf_p05": 160.05637544952333,
  "summary_csf_p95": 898.1257020048797,
  "summary_csf_stdv": 216.0030114990224,
  "summary_gm_k": -0.6467302038438483,
  "summary_gm_mad": 71.15698723196962,
  "summary_gm_mean": 800.8451963062413,
  "summary_gm_median": 797.1415775902569,
  "summary_gm_n": 612662.1361671042,
  "summary_gm_p05": 646.431920805946,
  "summary_gm_p95": 975.7924832943827,
  "summary_gm_stdv": 95.0439700647638,
  "summary_wm_k": -0.29502518942705436,
  "summary_wm_mad": 39.40945969828302,
  "summary_wm_mean": 972.4003275302443,
  "summary_wm_median": 978.0673460382968,
  "summary_wm_n": 578439.7538687817,
  "summary_wm_p05": 881.7813077252358,
  "summary_wm_p95": 1038.2523016761988,
  "summary_wm_stdv": 46.75790675886111,
  "tpm_overlap_csf": 0.21611995969349534,
  "tpm_overlap_gm": 0.5056120917290171,
  "tpm_overlap_wm": 0.5145112463247539,
  "wm2max": 0.7056739297084733
}