{
  "bids_meta": {
    "InstitutionName": "HH",
    "dataset": "<unset>",
    "modality": "T1w",
    "subject_id": "1145"
  },
  "cjv": 0.6505387237126873,
  "cnr": 1.5056989362246773,
  "efc": 0.6673224745860954,
  "fber": -1.0,
  "fwhm_avg": 5.174747116947302,
  "fwhm_x": 4.461926684175239,
  "fwhm_y": 6.012671999999999,
  "fwhm_z": 5.049642666666667,
  "icvs_csf": 0.2618169678590811,
  "icvs_gm": 0.3835160208451281,
  "icvs_wm": 0.35466701129579087,
  "inu_med": 0.43479955196380615,
  "inu_range": 0.22784394919872286,
  "provenance": {
    "md5sum": "fa6716bb8491d4346ec68410e0b942f9",
    "settings": {
      "testing": false
    },
    "software": "mriqc",
    "version": "23.1.0",
    "warnings": {
      "large_rot_frame": true,
      "small_air_mask": false
    }
  },
  "qi_1": 0.0,
  "qi_2": 0.0020618498901100735,
  "rpve_csf": 7.713533304178463,
  "rpve_gm": 7.5986744178890575,
  "rpve_wm": 7.669574235477815,
  "size_x": 150,
  "size_y": 256,
  "size_z": 256,
  "snr_csf": 2.0035086868497873,
  "snr_gm": 7.233121430531983,
  "snr_total": 7.356110230984176,
  "snr_wm": 12.831700575570759,
  "snrd_csf": 92.69003780385977,
  "snrd_gm": 161.7370075288888,
  "snrd_total": 152.47267596182914,
  "snrd_wm": 202.99098255273887,
  "spacing_x": 1.1999973058700562,
  "spacing_y": 0.9375,
  "spacing_z": 0.9375,
  "summary_bg_k": 74.44436335213308,
  "summary_bg_mad": 0.0,
  "summary_bg_mean": 0.6873209015492402,
  "summary_bg_median": 0.0,
  "summary_bg_n": 2631904.0,
  "summary_bg_p05": 0.0,
  "summary_bg_p95": 4.944989915937185,
  "summary_bg_stdv": 3.0964563833999903,
  "summary_csf_k": -0.7823357510132767,
  "summary_csf_mad": 166.2380663210479,
  "summary_csf_mean": 436.60211094592086,
  "summary_csf_median": 438.0929822176695,
  "summary_csf_n": 330130.77480081026,
  "summary_csf_p05": 63.88264484703541,
  "summary_csf_p95": 788.1462157405913,
  "summary_csf_stdv": 218.6625501443156,
  "summary_gm_k": -0.417332902486947,
  "summary_gm_mad": 70.43807494675336,
  "summary_gm_mean": 765.7864269653879,
  "summary_gm_median": 764.4386564306915,
  "summary_gm_n": 483583.7881151841,
  "summary_gm_p05": 589.1399469226599,
  "summary_gm_p95": 963.2083228603005,
  "summary_gm_stdv": 105.68575038909796,
  "summary_wm_k": -0.6156396204777361,
  "summary_wm_mad": 56.40658591353556,
  "summary_wm_mean": 937.8372952128457,
  "summary_wm_median": 959.4226846471429,
  "summary_wm_n": 447207.43729026435,
  "summary_wm_p05": 790.8908034451306,
  "summary_wm_p95": 1028.0846977382898,
  "summary_wm_stdv": 74.76963839003278,
  "tpm_overlap_csf": 0.18695109486062386,
  "tpm_overlap_gm": 0.5442347903237513,
  "tpm_overlap_wm": 0.5485087304746091,
  "wm2max": 0.8122996794871795
}