{
  "bids_meta": {
    "InstitutionName": "HH",
    "dataset": "<unset>",
    "modality": "T1w",
    "subject_id": "0479"
  },
  "cjv": 0.6975684370126618,
  "cnr": 1.4710633274214322,
  "efc": 0.5924850664202502,
  "fber": -1.0,
  "fwhm_avg": 5.119659337187108,
  "fwhm_x": 4.430370011561323,
  "fwhm_y": 5.830026666666667,
  "fwhm_z": 5.098581333333333,
  "icvs_csf": 0.2626529998629671,
  "icvs_gm": 0.3763895505914937,
  "icvs_wm": 0.3609574495455392,
  "inu_med": 0.36889588832855225,
  "inu_range": 0.16059625148773193,
  "provenance": {
    "md5sum": "cc72f349eaac7db9ed58f82017b3af0c",
    "settings": {
      "testing": false
    },
    "software": "mriqc",
    "version": "23.1.0",
    "warnings": {
      "large_rot_frame": true,
      "small_air_mask": false
    }
  },
  "qi_1": 0.0,
  "qi_2": 0.0021532590946182076,
  "rpve_csf": 7.67318837825411,
  "rpve_gm": 7.563401550416258,
  "rpve_wm": 7.626140409439748,
  "size_x": 150,
  "size_y": 256,
  "size_z": 256,
  "snr_csf": 2.210124107005289,
  "snr_gm": 8.12482427281818,
  "snr_total": 8.72283232236729,
  "snr_wm": 15.833548587278399,
  "snrd_csf": 73.43771888549061,
  "snrd_gm": 127.117541638388,
  "snrd_total": 118.267486407408,
  "snrd_wm": 154.24719869834541,
  "spacing_x": 1.1999990940093994,
  "spacing_y": 0.9375,
  "spacing_z": 0.9375,
  "summary_bg_k": 239.5136358719589,
  "summary_bg_mad": 0.0,
  "summary_bg_mean": 1.285618310402737,
  "summary_bg_median": 0.0,
  "summary_bg_n": 2866466.0,
  "summary_bg_p05": 0.0,
  "summary_bg_p95": 8.810248387977481,
  "summary_bg_stdv": 4.078456159653204,
  "summary_csf_k": -0.5381306531293877,
  "summary_csf_mad": 172.64522314087986,
  "summary_csf_mean": 460.737950647916,
  "summary_csf_median": 457.1758139822632,
  "summary_csf_n": 333340.5392491687,
  "summary_csf_p05": 100.15215507335961,
  "summary_csf_p95": 800.8245832771063,
  "summary_csf_stdv": 206.85495750386752,
  "summary_gm_k": -0.5402093137362924,
  "summary_gm_mad": 67.63908742231732,
  "summary_gm_mean": 793.4700124492967,
  "summary_gm_median": 791.351725678891,
  "summary_gm_n": 477686.89421929163,
  "summary_gm_p05": 631.4911184385419,
  "summary_gm_p95": 969.5445210691541,
  "summary_gm_stdv": 97.39914006627774,
  "summary_wm_k": -0.5457201555019093,
  "summary_wm_mad": 50.17444946496804,
  "summary_wm_mean": 948.45943035917,
  "summary_wm_median": 960.2434510439634,
  "summary_wm_n": 458101.5672400073,
  "summary_wm_p05": 832.0162983220071,
  "summary_wm_p95": 1029.5474662184715,
  "summary_wm_stdv": 60.646064126560866,
  "tpm_overlap_csf": 0.1850352206498034,
  "tpm_overlap_gm": 0.5289644016402357,
  "tpm_overlap_wm": 0.5593478940810608,
  "wm2max": 0.728355730144842
}