{
  "bids_meta": {
    "InstitutionName": "HH",
    "dataset": "<unset>",
    "modality": "T1w",
    "subject_id": "1191"
  },
  "cjv": 0.6920907597752733,
  "cnr": 1.2644130696594555,
  "efc": 0.6565412081346316,
  "fber": -1.0,
  "fwhm_avg": 4.922872508158087,
  "fwhm_x": 4.2526495244742595,
  "fwhm_y": 5.742368,
  "fwhm_z": 4.7736,
  "icvs_csf": 0.26914911715324863,
  "icvs_gm": 0.3626463362211921,
  "icvs_wm": 0.3682045466255592,
  "inu_med": 0.4335329979658127,
  "inu_range": 0.2432492926716805,
  "provenance": {
    "md5sum": "219377e475fc39c04191864557cf157b",
    "settings": {
      "testing": false
    },
    "software": "mriqc",
    "version": "23.1.0",
    "warnings": {
      "large_rot_frame": true,
      "small_air_mask": false
    }
  },
  "qi_1": 0.0,
  "qi_2": 0.0025255853183664277,
  "rpve_csf": 6.213270786164967,
  "rpve_gm": 6.0850637298871275,
  "rpve_wm": 6.1564488957094605,
  "size_x": 150,
  "size_y": 256,
  "size_z": 256,
  "snr_csf": 2.4981016700348184,
  "snr_gm": 6.672505976945267,
  "snr_total": 7.82649850911483,
  "snr_wm": 14.308887880364406,
  "snrd_csf": 68.77732918069316,
  "snrd_gm": 121.4985848416203,
  "snrd_total": 112.75520497126676,
  "snrd_wm": 147.98970089148682,
  "spacing_x": 1.1999977827072144,
  "spacing_y": 0.9375,
  "spacing_z": 0.9375,
  "summary_bg_k": 120.10834637806857,
  "summary_bg_mad": 0.0,
  "summary_bg_mean": 1.0354999206141597,
  "summary_bg_median": 0.0,
  "summary_bg_n": 2296424.0,
  "summary_bg_p05": 0.0,
  "summary_bg_p95": 8.104386800900102,
  "summary_bg_stdv": 4.279622548873787,
  "summary_csf_k": 0.09028554601856964,
  "summary_csf_mad": 142.74822321587965,
  "summary_csf_mean": 467.62956731747806,
  "summary_csf_median": 449.28202556446195,
  "summary_csf_n": 420509.96827080566,
  "summary_csf_p05": 183.8568008877337,
  "summary_csf_p95": 787.7516426052898,
  "summary_csf_stdv": 179.84916176248836,
  "summary_gm_k": 0.24658671626697837,
  "summary_gm_mad": 64.97746690104465,
  "summary_gm_mean": 792.5706664968303,
  "summary_gm_median": 793.6791229192168,
  "summary_gm_n": 566587.0315713082,
  "summary_gm_p05": 584.0404054448009,
  "summary_gm_p95": 996.1838817857206,
  "summary_gm_stdv": 118.94757760542657,
  "summary_wm_k": -0.5585297303753483,
  "summary_wm_mad": 54.78949782380126,
  "summary_wm_mean": 950.9677396897558,
  "summary_wm_median": 966.7300747390836,
  "summary_wm_n": 575271.0016526667,
  "summary_wm_p05": 819.618406239897,
  "summary_wm_p95": 1037.9647496622056,
  "summary_wm_stdv": 67.56145149662474,
  "tpm_overlap_csf": 0.2008177850480966,
  "tpm_overlap_gm": 0.5075312243815674,
  "tpm_overlap_wm": 0.5474685880976052,
  "wm2max": 0.732291216515631
}