{
  "bids_meta": {
    "InstitutionName": "HH",
    "dataset": "<unset>",
    "modality": "T1w",
    "subject_id": "1130"
  },
  "cjv": 0.6560469841088561,
  "cnr": 1.5902564597112558,
  "efc": 0.6333747618302521,
  "fber": -1.0,
  "fwhm_avg": 5.123513820850106,
  "fwhm_x": 4.279981462550318,
  "fwhm_y": 5.997216,
  "fwhm_z": 5.093344,
  "icvs_csf": 0.25953311695828324,
  "icvs_gm": 0.38347538637945405,
  "icvs_wm": 0.35699149666226265,
  "inu_med": 0.37016230821609497,
  "inu_range": 0.16243013888597485,
  "provenance": {
    "md5sum": "56eef6d584fc61280398f18448d3d2fe",
    "settings": {
      "testing": false
    },
    "software": "mriqc",
    "version": "23.1.0",
    "warnings": {
      "large_rot_frame": true,
      "small_air_mask": false
    }
  },
  "qi_1": 0.0,
  "qi_2": 0.0008847804090705979,
  "rpve_csf": 6.884137361005202,
  "rpve_gm": 6.7845007269491555,
  "rpve_wm": 6.849645132445401,
  "size_x": 150,
  "size_y": 256,
  "size_z": 256,
  "snr_csf": 2.146083783669777,
  "snr_gm": 8.381335571484682,
  "snr_total": 8.660745541145616,
  "snr_wm": 15.45481726828239,
  "snrd_csf": 74.85391920049209,
  "snrd_gm": 126.56267960919396,
  "snrd_total": 118.95013074545177,
  "snrd_wm": 155.43379342666927,
  "spacing_x": 1.200000524520874,
  "spacing_y": 0.9375,
  "spacing_z": 0.9375,
  "summary_bg_k": 53.64940059236029,
  "summary_bg_mad": 0.0,
  "summary_bg_mean": 1.1574295979218872,
  "summary_bg_median": 0.0,
  "summary_bg_n": 2948449.0,
  "summary_bg_p05": 0.0,
  "summary_bg_p95": 8.627129852771759,
  "summary_bg_stdv": 4.055830328102568,
  "summary_csf_k": -0.5674884945175998,
  "summary_csf_mad": 170.99391200401885,
  "summary_csf_mean": 462.5674511911637,
  "summary_csf_median": 463.40700298547745,
  "summary_csf_n": 366532.9114716614,
  "summary_csf_p05": 76.51155665516853,
  "summary_csf_p95": 805.7691086232662,
  "summary_csf_stdv": 215.93116464604512,
  "summary_gm_k": -0.525701878699687,
  "summary_gm_mad": 66.81124434757945,
  "summary_gm_mean": 785.8249375026014,
  "summary_gm_median": 783.5265364050865,
  "summary_gm_n": 541573.8519025851,
  "summary_gm_p05": 630.2865399420261,
  "summary_gm_p95": 956.7197829186916,
  "summary_gm_stdv": 93.48460115250369,
  "summary_wm_k": -0.5097160368109517,
  "summary_wm_mad": 50.44784867314555,
  "summary_wm_mean": 949.4123474594677,
  "summary_wm_median": 962.2623523771763,
  "summary_wm_n": 504171.237088319,
  "summary_wm_p05": 828.2044658660889,
  "summary_wm_p95": 1030.532349228859,
  "summary_wm_stdv": 62.26287774041902,
  "tpm_overlap_csf": 0.19662273715211417,
  "tpm_overlap_gm": 0.5432990444843752,
  "tpm_overlap_wm": 0.569027777743824,
  "wm2max": 0.7988117148115548
}