{
  "bids_meta": {
    "InstitutionName": "HH",
    "dataset": "<unset>",
    "modality": "T1w",
    "subject_id": "0036"
  },
  "cjv": 0.6551033058513125,
  "cnr": 1.590924797309022,
  "efc": 0.5971532121492826,
  "fber": -1.0,
  "fwhm_avg": 5.153243594567705,
  "fwhm_x": 4.30784811703645,
  "fwhm_y": 6.032576000000001,
  "fwhm_z": 5.119306666666666,
  "icvs_csf": 0.2617222311092712,
  "icvs_gm": 0.3828216948266498,
  "icvs_wm": 0.35545607406407903,
  "inu_med": 0.36856064200401306,
  "inu_range": 0.16045472025871277,
  "provenance": {
    "md5sum": "a3b85b2c8c31e45fc669054daa8d273f",
    "settings": {
      "testing": false
    },
    "software": "mriqc",
    "version": "23.1.0",
    "warnings": {
      "large_rot_frame": true,
      "small_air_mask": false
    }
  },
  "qi_1": 0.0,
  "qi_2": 0.0013760365341370497,
  "rpve_csf": 6.850422267178755,
  "rpve_gm": 6.750811179354203,
  "rpve_wm": 6.815068017471108,
  "size_x": 150,
  "size_y": 256,
  "size_z": 256,
  "snr_csf": 2.0956781305634724,
  "snr_gm": 8.338185412372631,
  "snr_total": 8.615998872303821,
  "snr_wm": 15.414133073975359,
  "snrd_csf": 68.72284845323134,
  "snrd_gm": 117.96295555686704,
  "snrd_total": 110.5660936527526,
  "snrd_wm": 145.01247694815942,
  "spacing_x": 1.200000524520874,
  "spacing_y": 0.9375,
  "spacing_z": 0.9375,
  "summary_bg_k": 43.31787041164075,
  "summary_bg_mad": 0.0,
  "summary_bg_mean": 1.3432999047671803,
  "summary_bg_median": 0.0,
  "summary_bg_n": 2940197.0,
  "summary_bg_p05": 0.0,
  "summary_bg_p95": 9.597159177064896,
  "summary_bg_stdv": 4.347830004181731,
  "summary_csf_k": -0.6337231909486589,
  "summary_csf_mad": 173.946706981849,
  "summary_csf_mean": 455.50218132026384,
  "summary_csf_median": 456.0809969920665,
  "summary_csf_n": 371488.79663932323,
  "summary_csf_p05": 70.94699921645224,
  "summary_csf_p95": 802.8983367532492,
  "summary_csf_stdv": 217.62902255098243,
  "summary_gm_k": -0.5168403841302682,
  "summary_gm_mad": 67.08864813246772,
  "summary_gm_mean": 785.1195359592965,
  "summary_gm_median": 782.8642669711262,
  "summary_gm_n": 543377.4965765246,
  "summary_gm_p05": 628.8538550771773,
  "summary_gm_p95": 956.8847557492554,
  "summary_gm_stdv": 93.88895879437446,
  "summary_wm_k": -0.5181403419115935,
  "summary_wm_mad": 50.51213167980073,
  "summary_wm_mean": 949.251011461522,
  "summary_wm_median": 962.3791293781251,
  "summary_wm_n": 504534.70709208417,
  "summary_wm_p05": 827.563035838306,
  "summary_wm_p95": 1030.2550376579165,
  "summary_wm_stdv": 62.43479091750758,
  "tpm_overlap_csf": 0.19004139996000322,
  "tpm_overlap_gm": 0.5406225326351977,
  "tpm_overlap_wm": 0.5670995019715188,
  "wm2max": 0.8015146670929582
}