{
  "bids_meta": {
    "InstitutionName": "HH",
    "dataset": "<unset>",
    "modality": "T1w",
    "subject_id": "0018"
  },
  "cjv": 0.7739771065428569,
  "cnr": 1.14172598158704,
  "efc": 0.6487114190420914,
  "fber": -1.0,
  "fwhm_avg": 4.94278800852897,
  "fwhm_x": 4.340993358920244,
  "fwhm_y": 5.595253333333333,
  "fwhm_z": 4.892117333333333,
  "icvs_csf": 0.2625755848185345,
  "icvs_gm": 0.35707213513646396,
  "icvs_wm": 0.3803522800450015,
  "inu_med": 0.4107252359390259,
  "inu_range": 0.19305935949087133,
  "provenance": {
    "md5sum": "d382e7217e5f862e281c1798935b652a",
    "settings": {
      "testing": false
    },
    "software": "mriqc",
    "version": "23.1.0",
    "warnings": {
      "large_rot_frame": true,
      "small_air_mask": false
    }
  },
  "qi_1": 0.0,
  "qi_2": 0.002884825848015278,
  "rpve_csf": 6.988236436625217,
  "rpve_gm": 6.853556098521127,
  "rpve_wm": 6.919328533033755,
  "size_x": 150,
  "size_y": 256,
  "size_z": 256,
  "snr_csf": 2.071849102331163,
  "snr_gm": 6.306219455734216,
  "snr_total": 7.561094438543062,
  "snr_wm": 14.305214757563808,
  "snrd_csf": 34.699910556869135,
  "snrd_gm": 66.86327177911387,
  "snrd_total": 60.71834220509862,
  "snrd_wm": 80.59184427931288,
  "spacing_x": 1.200001835823059,
  "spacing_y": 0.9375,
  "spacing_z": 0.9375,
  "summary_bg_k": 2018.5022458554454,
  "summary_bg_mad": 0.0,
  "summary_bg_mean": 1.6740685228459131,
  "summary_bg_median": 0.0,
  "summary_bg_n": 2165192.0,
  "summary_bg_p05": 0.0,
  "summary_bg_p95": 10.629496961832047,
  "summary_bg_stdv": 7.789344274170954,
  "summary_csf_k": -0.13191782818775133,
  "summary_csf_mad": 136.92763991331225,
  "summary_csf_mean": 425.35875886512923,
  "summary_csf_median": 412.5698856152594,
  "summary_csf_n": 365514.14184142824,
  "summary_csf_p05": 62.648851197212934,
  "summary_csf_p95": 779.889200437814,
  "summary_csf_stdv": 199.13096990577876,
  "summary_gm_k": -0.1317041132026726,
  "summary_gm_mad": 67.86912879525195,
  "summary_gm_mean": 787.997050350268,
  "summary_gm_median": 794.981080558151,
  "summary_gm_n": 497056.552840165,
  "summary_gm_p05": 562.3605562448502,
  "summary_gm_p95": 994.534844275564,
  "summary_gm_stdv": 126.0628949641315,
  "summary_wm_k": -0.6574206897271009,
  "summary_wm_mad": 58.465574805548364,
  "summary_wm_mean": 945.082722136516,
  "summary_wm_median": 958.2090397998691,
  "summary_wm_n": 529463.3060958757,
  "summary_wm_p05": 820.2762749791145,
  "summary_wm_p95": 1036.5013016201556,
  "summary_wm_stdv": 66.98313525182739,
  "tpm_overlap_csf": 0.19774893901159651,
  "tpm_overlap_gm": 0.504005312740759,
  "tpm_overlap_wm": 0.5514057717318059,
  "wm2max": 0.6940772207304583
}