{
  "bids_meta": {
    "InstitutionName": "HH",
    "dataset": "<unset>",
    "modality": "T1w",
    "subject_id": "0721"
  },
  "cjv": 0.596151241706798,
  "cnr": 1.8034266474762266,
  "efc": 0.6296404561003438,
  "fber": -1.0,
  "fwhm_avg": 5.0282064415122365,
  "fwhm_x": 4.277269991203375,
  "fwhm_y": 5.862901333333334,
  "fwhm_z": 4.9444479999999995,
  "icvs_csf": 0.2477937925722181,
  "icvs_gm": 0.3922910519367403,
  "icvs_wm": 0.3599151554910416,
  "inu_med": 0.3344961702823639,
  "inu_range": 0.16526448726654053,
  "provenance": {
    "md5sum": "f5b1eef02ff70879f5603ab83263190b",
    "settings": {
      "testing": false
    },
    "software": "mriqc",
    "version": "23.1.0",
    "warnings": {
      "large_rot_frame": true,
      "small_air_mask": false
    }
  },
  "qi_1": 0.0,
  "qi_2": 0.0025776054872415173,
  "rpve_csf": 5.723675934066904,
  "rpve_gm": 5.64906232441472,
  "rpve_wm": 5.723467030770243,
  "size_x": 150,
  "size_y": 256,
  "size_z": 256,
  "snr_csf": 2.351920018256271,
  "snr_gm": 8.873312267423968,
  "snr_total": 9.773985241854483,
  "snr_wm": 18.09672343988321,
  "snrd_csf": 64.35510201045852,
  "snrd_gm": 95.85440775569562,
  "snrd_total": 92.96162522719561,
  "snrd_wm": 118.67536591543268,
  "spacing_x": 1.200003743171692,
  "spacing_y": 0.9375,
  "spacing_z": 0.9375,
  "summary_bg_k": 1266.8039960740673,
  "summary_bg_mad": 0.0,
  "summary_bg_mean": 1.423065318937911,
  "summary_bg_median": 0.0,
  "summary_bg_n": 2513779.0,
  "summary_bg_p05": 0.0,
  "summary_bg_p95": 10.119329206645489,
  "summary_bg_stdv": 5.395042773895052,
  "summary_csf_k": -0.16849972911996502,
  "summary_csf_mad": 151.43227162090017,
  "summary_csf_mean": 520.2761360103156,
  "summary_csf_median": 529.9637267366052,
  "summary_csf_n": 418856.00739725656,
  "summary_csf_p05": 94.78000290691853,
  "summary_csf_p95": 856.147818826139,
  "summary_csf_stdv": 225.33210738041524,
  "summary_gm_k": -0.6268488790629552,
  "summary_gm_mad": 68.11724415680224,
  "summary_gm_mean": 792.9422333488808,
  "summary_gm_median": 789.3602460622787,
  "summary_gm_n": 663105.649444405,
  "summary_gm_p05": 649.292959459126,
  "summary_gm_p95": 957.8667903319001,
  "summary_gm_stdv": 88.95884953362038,
  "summary_wm_k": -0.2669869338865607,
  "summary_wm_mad": 43.917696890569864,
  "summary_wm_mean": 967.6632430029307,
  "summary_wm_median": 977.2906456142664,
  "summary_wm_n": 608379.3442356086,
  "summary_wm_p05": 862.0617125183344,
  "summary_wm_p95": 1039.583659172058,
  "summary_wm_stdv": 54.00368998667788,
  "tpm_overlap_csf": 0.21412200939457254,
  "tpm_overlap_gm": 0.5229915716881086,
  "tpm_overlap_wm": 0.5470197172049348,
  "wm2max": 0.6869298152988882
}