{
  "bids_meta": {
    "InstitutionName": "HH",
    "dataset": "<unset>",
    "modality": "T1w",
    "subject_id": "0623"
  },
  "cjv": 0.6640863896849925,
  "cnr": 1.6034144249131774,
  "efc": 0.636875355149155,
  "fber": -1.0,
  "fwhm_avg": 5.1234358477198345,
  "fwhm_x": 4.465837844233023,
  "fwhm_y": 5.750283032259816,
  "fwhm_z": 5.154186666666666,
  "icvs_csf": 0.25148836407853714,
  "icvs_gm": 0.3838134210309373,
  "icvs_wm": 0.36469821489052545,
  "inu_med": 0.3290782868862152,
  "inu_range": 0.1604912713170052,
  "provenance": {
    "md5sum": "0b17e4c6e9f78d13954efe6f17817617",
    "settings": {
      "testing": false
    },
    "software": "mriqc",
    "version": "23.1.0",
    "warnings": {
      "large_rot_frame": true,
      "small_air_mask": false
    }
  },
  "qi_1": 0.0,
  "qi_2": 0.0029549377726125967,
  "rpve_csf": 5.883200672669879,
  "rpve_gm": 5.7952367542043834,
  "rpve_wm": 5.8666903438821025,
  "size_x": 150,
  "size_y": 256,
  "size_z": 256,
  "snr_csf": 2.5195345871306043,
  "snr_gm": 8.804497902308983,
  "snr_total": 10.043045031266802,
  "snr_wm": 18.805102604360822,
  "snrd_csf": 41.40188636803975,
  "snrd_gm": 62.59060583484811,
  "snrd_total": 59.90857132514552,
  "snrd_wm": 75.73322177254873,
  "spacing_x": 1.2000032663345337,
  "spacing_y": 0.9374999403953552,
  "spacing_z": 0.9375,
  "summary_bg_k": 2941.5455219208475,
  "summary_bg_mad": 0.0,
  "summary_bg_mean": 1.4545313579812518,
  "summary_bg_median": 0.0,
  "summary_bg_n": 2681502.0,
  "summary_bg_p05": 0.0,
  "summary_bg_p95": 9.435460150241852,
  "summary_bg_stdv": 8.423177255142614,
  "summary_csf_k": -0.15010142201100818,
  "summary_csf_mad": 152.26525633990943,
  "summary_csf_mean": 526.2172067468963,
  "summary_csf_median": 532.3096496779472,
  "summary_csf_n": 414115.3269429533,
  "summary_csf_p05": 144.00417426414788,
  "summary_csf_p95": 852.230720397085,
  "summary_csf_stdv": 211.27275239224687,
  "summary_gm_k": -0.6705574656230135,
  "summary_gm_mad": 68.53281634733555,
  "summary_gm_mean": 807.025980563581,
  "summary_gm_median": 804.7358801215887,
  "summary_gm_n": 632009.4407456712,
  "summary_gm_p05": 657.3068152740598,
  "summary_gm_p95": 972.5555187072605,
  "summary_gm_stdv": 91.40046966922124,
  "summary_wm_k": -0.3648182963767752,
  "summary_wm_mad": 43.68210423708974,
  "summary_wm_mean": 965.9651102652177,
  "summary_wm_median": 973.7122698314488,
  "summary_wm_n": 600533.2336081252,
  "summary_wm_p05": 867.223122222349,
  "summary_wm_p95": 1038.4903327859938,
  "summary_wm_stdv": 51.77910908600485,
  "tpm_overlap_csf": 0.21306557131567783,
  "tpm_overlap_gm": 0.5222148134482133,
  "tpm_overlap_wm": 0.5483995902773117,
  "wm2max": 0.8225556130367304
}