{
  "bids_meta": {
    "InstitutionName": "HH",
    "dataset": "<unset>",
    "modality": "T1w",
    "subject_id": "0605"
  },
  "cjv": 0.7992341168140749,
  "cnr": 1.1540554946833734,
  "efc": 0.6143638214420656,
  "fber": -1.0,
  "fwhm_avg": 4.911998173731817,
  "fwhm_x": 4.233861187862118,
  "fwhm_y": 5.563402666666667,
  "fwhm_z": 4.938730666666667,
  "icvs_csf": 0.2724060790369359,
  "icvs_gm": 0.3577634236024496,
  "icvs_wm": 0.3698304973606145,
  "inu_med": 0.43078355491161346,
  "inu_range": 0.22254911065101624,
  "provenance": {
    "md5sum": "e66a0df45d89e1cddc7c80fbb4d5775d",
    "settings": {
      "testing": false
    },
    "software": "mriqc",
    "version": "23.1.0",
    "warnings": {
      "large_rot_frame": true,
      "small_air_mask": false
    }
  },
  "qi_1": 0.0,
  "qi_2": 0.0030216322312228445,
  "rpve_csf": 7.849256285412864,
  "rpve_gm": 7.70934234982121,
  "rpve_wm": 7.772336460754215,
  "size_x": 150,
  "size_y": 256,
  "size_z": 256,
  "snr_csf": 2.461023369036245,
  "snr_gm": 6.919500854127087,
  "snr_total": 7.795783958333324,
  "snr_wm": 14.006827651836641,
  "snrd_csf": 91.74563011630934,
  "snrd_gm": 166.33484838088944,
  "snrd_total": 152.21004950693444,
  "snrd_wm": 198.54967002360453,
  "spacing_x": 1.199996829032898,
  "spacing_y": 0.9375,
  "spacing_z": 0.9375,
  "summary_bg_k": 45.15191478326192,
  "summary_bg_mad": 0.0,
  "summary_bg_mean": 0.8321579658306903,
  "summary_bg_median": 0.0,
  "summary_bg_n": 2784098.0,
  "summary_bg_p05": 0.0,
  "summary_bg_p95": 5.320087904110551,
  "summary_bg_stdv": 3.149358959511518,
  "summary_csf_k": 0.11341190604867712,
  "summary_csf_mad": 142.31277113822566,
  "summary_csf_mean": 451.986229036197,
  "summary_csf_median": 441.0378086194396,
  "summary_csf_n": 338171.9893833989,
  "summary_csf_p05": 131.16159847006202,
  "summary_csf_p95": 771.6144555900246,
  "summary_csf_stdv": 179.20884542461292,
  "summary_gm_k": -0.19718209976824141,
  "summary_gm_mad": 63.287502373789344,
  "summary_gm_mean": 795.5869253288486,
  "summary_gm_median": 799.601647881791,
  "summary_gm_n": 444136.81631477625,
  "summary_gm_p05": 593.2780492119491,
  "summary_gm_p95": 990.39361551404,
  "summary_gm_stdv": 115.5575762707575,
  "summary_wm_k": -0.7218374554582971,
  "summary_wm_mad": 60.48386228044369,
  "summary_wm_mean": 941.5679443156937,
  "summary_wm_median": 954.4641118962318,
  "summary_wm_n": 459117.1954357632,
  "summary_wm_p05": 816.2931085098535,
  "summary_wm_p95": 1034.6688494458795,
  "summary_wm_stdv": 68.14270127145166,
  "tpm_overlap_csf": 0.19170829681503712,
  "tpm_overlap_gm": 0.5089525937023527,
  "tpm_overlap_wm": 0.5548581263074104,
  "wm2max": 0.698576083078275
}