{
  "bids_meta": {
    "InstitutionName": "HH",
    "dataset": "<unset>",
    "modality": "T1w",
    "subject_id": "0843"
  },
  "cjv": 0.7288212925987135,
  "cnr": 1.2861457908123946,
  "efc": 0.5687548782546702,
  "fber": -1.0,
  "fwhm_avg": 4.974769201595569,
  "fwhm_x": 4.330291604786708,
  "fwhm_y": 5.678997333333333,
  "fwhm_z": 4.915018666666667,
  "icvs_csf": 0.2707040629980755,
  "icvs_gm": 0.3611615028832716,
  "icvs_wm": 0.3681344341186529,
  "inu_med": 0.39141348004341125,
  "inu_range": 0.18449784815311426,
  "provenance": {
    "md5sum": "7bf2c8743966f908d740f79a54d1fc76",
    "settings": {
      "testing": false
    },
    "software": "mriqc",
    "version": "23.1.0",
    "warnings": {
      "large_rot_frame": true,
      "small_air_mask": false
    }
  },
  "qi_1": 0.0,
  "qi_2": 0.000805654583144735,
  "rpve_csf": 6.765325648760113,
  "rpve_gm": 6.643511175708483,
  "rpve_wm": 6.71431475728531,
  "size_x": 150,
  "size_y": 256,
  "size_z": 256,
  "snr_csf": 2.4509442909707877,
  "snr_gm": 6.531360150671277,
  "snr_total": 7.981834697705314,
  "snr_wm": 14.96319965147388,
  "snrd_csf": 62.301053670648066,
  "snrd_gm": 110.98929407345064,
  "snrd_total": 103.02356081136867,
  "snrd_wm": 135.7803346900073,
  "spacing_x": 1.1999953985214233,
  "spacing_y": 0.9375,
  "spacing_z": 0.9375,
  "summary_bg_k": 28.27025397894467,
  "summary_bg_mad": 0.0,
  "summary_bg_mean": 1.7827900065226978,
  "summary_bg_median": 0.0,
  "summary_bg_n": 2571787.0,
  "summary_bg_p05": 0.0,
  "summary_bg_p95": 10.581484951078892,
  "summary_bg_stdv": 4.678877593971275,
  "summary_csf_k": -0.029358228441207057,
  "summary_csf_mad": 142.96087453688625,
  "summary_csf_mean": 456.0145199482655,
  "summary_csf_median": 444.94399044290185,
  "summary_csf_n": 388921.6105009787,
  "summary_csf_p05": 147.14722265303135,
  "summary_csf_p95": 775.8265280798078,
  "summary_csf_stdv": 181.5395886634305,
  "summary_gm_k": -0.29536023018444046,
  "summary_gm_mad": 74.13195271580423,
  "summary_gm_mean": 789.889585368997,
  "summary_gm_median": 792.6674830019474,
  "summary_gm_n": 518882.176339239,
  "summary_gm_p05": 578.5787064917386,
  "summary_gm_p95": 996.8454320579767,
  "summary_gm_stdv": 121.3631924887621,
  "summary_wm_k": -0.6053966790799183,
  "summary_wm_mad": 54.90846572243622,
  "summary_wm_mean": 956.0689284997178,
  "summary_wm_median": 969.7210621833801,
  "summary_wm_n": 528900.2145465057,
  "summary_wm_p05": 832.534345317632,
  "summary_wm_p95": 1041.7794843502343,
  "summary_wm_stdv": 64.80700438652204,
  "tpm_overlap_csf": 0.19718401521271653,
  "tpm_overlap_gm": 0.5081676948808468,
  "tpm_overlap_wm": 0.540947385944414,
  "wm2max": 0.7990241262919885
}