{
  "bids_meta": {
    "InstitutionName": "HH",
    "dataset": "<unset>",
    "modality": "T1w",
    "subject_id": "0390"
  },
  "cjv": 0.7738844991636468,
  "cnr": 1.0503188779349137,
  "efc": 0.6675941488780135,
  "fber": -1.0,
  "fwhm_avg": 4.869180616746315,
  "fwhm_x": 4.200469850238945,
  "fwhm_y": 5.570933333333333,
  "fwhm_z": 4.836138666666667,
  "icvs_csf": 0.26123239808807164,
  "icvs_gm": 0.35383183511161975,
  "icvs_wm": 0.3849357668003085,
  "inu_med": 0.4046555161476135,
  "inu_range": 0.17800574302673344,
  "provenance": {
    "md5sum": "79572991c9e155f1702ade4f84ed95fa",
    "settings": {
      "testing": false
    },
    "software": "mriqc",
    "version": "23.1.0",
    "warnings": {
      "large_rot_frame": true,
      "small_air_mask": false
    }
  },
  "qi_1": 0.0,
  "qi_2": 0.0027355953200664082,
  "rpve_csf": 6.021360822364153,
  "rpve_gm": 5.874922119652344,
  "rpve_wm": 5.941071966279608,
  "size_x": 150,
  "size_y": 256,
  "size_z": 256,
  "snr_csf": 2.447360841620858,
  "snr_gm": 6.024620865199877,
  "snr_total": 7.224306797103734,
  "snr_wm": 13.200938684490469,
  "snrd_csf": 10.05893447752579,
  "snrd_gm": 19.305296893430842,
  "snrd_total": 17.52316937890528,
  "snrd_wm": 23.20527676575921,
  "spacing_x": 1.1999967098236084,
  "spacing_y": 0.9375,
  "spacing_z": 0.9375,
  "summary_bg_k": 395.43225015414305,
  "summary_bg_mad": 0.0,
  "summary_bg_mean": 3.5217892706450686,
  "summary_bg_median": 0.0,
  "summary_bg_n": 2884112.0,
  "summary_bg_p05": 0.0,
  "summary_bg_p95": 14.082022907212377,
  "summary_bg_stdv": 27.053739709554424,
  "summary_csf_k": 0.7464319049989578,
  "summary_csf_mad": 115.55751488326946,
  "summary_csf_mean": 440.91605843323083,
  "summary_csf_median": 415.38188858143985,
  "summary_csf_n": 421481.49459515227,
  "summary_csf_p05": 142.93631122633815,
  "summary_csf_p95": 761.4368951581419,
  "summary_csf_stdv": 169.72625726166206,
  "summary_gm_k": 0.1385721147795449,
  "summary_gm_mad": 62.2232772448374,
  "summary_gm_mean": 790.1238687002029,
  "summary_gm_median": 797.2087601460516,
  "summary_gm_n": 570884.6674060398,
  "summary_gm_p05": 550.3073173668236,
  "summary_gm_p95": 1003.8038761783391,
  "summary_gm_stdv": 132.32501758383128,
  "summary_wm_k": -0.5156941978092808,
  "summary_wm_mad": 62.41002177438373,
  "summary_wm_mean": 944.0983633481992,
  "summary_wm_median": 958.2577269542962,
  "summary_wm_n": 621068.8394761299,
  "summary_wm_p05": 810.3083163388073,
  "summary_wm_p95": 1043.6819482035935,
  "summary_wm_stdv": 72.59006184319894,
  "tpm_overlap_csf": 0.20441275511226023,
  "tpm_overlap_gm": 0.49931777436081154,
  "tpm_overlap_wm": 0.5484340747147193,
  "wm2max": 0.6460208552698617
}