{
  "bids_meta": {
    "InstitutionName": "HH",
    "dataset": "<unset>",
    "modality": "T1w",
    "subject_id": "0399"
  },
  "cjv": 0.7473763714369394,
  "cnr": 1.4383834826860797,
  "efc": 0.6184305437847172,
  "fber": -1.0,
  "fwhm_avg": 5.133443347833208,
  "fwhm_x": 4.4191673768329585,
  "fwhm_y": 5.741866666666667,
  "fwhm_z": 5.2392959999999995,
  "icvs_csf": 0.24249112649026178,
  "icvs_gm": 0.3853225530162909,
  "icvs_wm": 0.3721863204934474,
  "inu_med": 0.33185163140296936,
  "inu_range": 0.15352888405323029,
  "provenance": {
    "md5sum": "7f3d23fa81c03877226f763885d43c83",
    "settings": {
      "testing": false
    },
    "software": "mriqc",
    "version": "23.1.0",
    "warnings": {
      "large_rot_frame": true,
      "small_air_mask": false
    }
  },
  "qi_1": 0.0,
  "qi_2": 0.001673964289212418,
  "rpve_csf": 5.959384885719923,
  "rpve_gm": 5.861854716112519,
  "rpve_wm": 5.934848465114841,
  "size_x": 150,
  "size_y": 256,
  "size_z": 256,
  "snr_csf": 2.3629414943106095,
  "snr_gm": 8.398922268710963,
  "snr_total": 9.538369850286399,
  "snr_wm": 17.853245787837626,
  "snrd_csf": 66.99356612946958,
  "snrd_gm": 95.96433099054882,
  "snrd_total": 92.6020593380846,
  "snrd_wm": 114.84828089423542,
  "spacing_x": 1.1999975442886353,
  "spacing_y": 0.9375,
  "spacing_z": 0.9375,
  "summary_bg_k": 3489.548582019263,
  "summary_bg_mad": 0.0,
  "summary_bg_mean": 1.0767281523071839,
  "summary_bg_median": 0.0,
  "summary_bg_n": 2870914.0,
  "summary_bg_p05": 0.0,
  "summary_bg_p95": 7.91489571519196,
  "summary_bg_stdv": 5.4944408111011365,
  "summary_csf_k": -0.3004403490391816,
  "summary_csf_mad": 145.34353947987745,
  "summary_csf_mean": 538.9383400278225,
  "summary_csf_median": 561.8557964768261,
  "summary_csf_n": 393505.62813626835,
  "summary_csf_p05": 97.39648200012743,
  "summary_csf_p95": 896.8263990599662,
  "summary_csf_stdv": 237.77782222642122,
  "summary_gm_k": -0.7130306342279322,
  "summary_gm_mad": 71.01156316228696,
  "summary_gm_mean": 807.4479857750184,
  "summary_gm_median": 804.8252800554037,
  "summary_gm_n": 625287.182481027,
  "summary_gm_p05": 652.2790263034403,
  "summary_gm_p95": 975.7972074337304,
  "summary_gm_stdv": 95.82475116943267,
  "summary_wm_k": -0.25522794686758354,
  "summary_wm_mad": 47.353619430749276,
  "summary_wm_mean": 958.1336058469323,
  "summary_wm_median": 963.1995438355953,
  "summary_wm_n": 603970.1903705829,
  "summary_wm_p05": 860.1277507599443,
  "summary_wm_p95": 1038.2510790899396,
  "summary_wm_stdv": 53.95090382396831,
  "tpm_overlap_csf": 0.21122254948484281,
  "tpm_overlap_gm": 0.522558731806622,
  "tpm_overlap_wm": 0.539011585109134,
  "wm2max": 0.7057083868883696
}