{
  "bids_meta": {
    "InstitutionName": "HH",
    "dataset": "<unset>",
    "modality": "T1w",
    "subject_id": "1155"
  },
  "cjv": 0.7040542419046886,
  "cnr": 1.4128967480695667,
  "efc": 0.6139921673683996,
  "fber": -1.0,
  "fwhm_avg": 5.171997608533549,
  "fwhm_x": 4.4132831546174165,
  "fwhm_y": 5.791936000000001,
  "fwhm_z": 5.31077367098323,
  "icvs_csf": 0.2700375899259418,
  "icvs_gm": 0.3661388184934072,
  "icvs_wm": 0.363823591580651,
  "inu_med": 0.37758663296699524,
  "inu_range": 0.16363810896873465,
  "provenance": {
    "md5sum": "9d97cef3c6921148a3454a2ee3d73b23",
    "settings": {
      "testing": false
    },
    "software": "mriqc",
    "version": "23.1.0",
    "warnings": {
      "large_rot_frame": true,
      "small_air_mask": false
    }
  },
  "qi_1": 0.0,
  "qi_2": 0.0014785395387988318,
  "rpve_csf": 7.221212877989341,
  "rpve_gm": 7.112732825320225,
  "rpve_wm": 7.174167288875502,
  "size_x": 150,
  "size_y": 256,
  "size_z": 256,
  "snr_csf": 2.2629005153264816,
  "snr_gm": 7.14226521604885,
  "snr_total": 8.589832211718607,
  "snr_wm": 16.364330903780488,
  "snrd_csf": 47.01158910368546,
  "snrd_gm": 88.30807477330438,
  "snrd_total": 81.1523656898043,
  "snrd_wm": 108.13743319242306,
  "spacing_x": 1.1999977827072144,
  "spacing_y": 0.9375,
  "spacing_z": 0.9374999403953552,
  "summary_bg_k": 18.109094043905856,
  "summary_bg_mad": 0.0,
  "summary_bg_mean": 2.3711684170551823,
  "summary_bg_median": 0.0,
  "summary_bg_n": 2652095.0,
  "summary_bg_p05": 0.0,
  "summary_bg_p95": 14.75093087553978,
  "summary_bg_stdv": 5.872354560509019,
  "summary_csf_k": -0.34801101426928005,
  "summary_csf_mad": 156.26749071602495,
  "summary_csf_mean": 434.47244155559446,
  "summary_csf_median": 421.39120902121067,
  "summary_csf_n": 364275.0383507529,
  "summary_csf_p05": 115.62750448286533,
  "summary_csf_p95": 763.0896892547607,
  "summary_csf_stdv": 186.21703772203864,
  "summary_gm_k": -0.5545917688707576,
  "summary_gm_mad": 75.32141962525147,
  "summary_gm_mean": 790.9350727037189,
  "summary_gm_median": 791.5547443628311,
  "summary_gm_n": 493913.5776799208,
  "summary_gm_p05": 602.4317871630192,
  "summary_gm_p95": 985.0134384334087,
  "summary_gm_stdv": 110.82673621175957,
  "summary_wm_k": -0.5211425927338107,
  "summary_wm_mad": 49.8183415517665,
  "summary_wm_mean": 958.0258107873824,
  "summary_wm_median": 969.2963922768831,
  "summary_wm_n": 490790.38519154815,
  "summary_wm_p05": 844.0548625588417,
  "summary_wm_p95": 1037.9141410142183,
  "summary_wm_stdv": 59.23220512287162,
  "tpm_overlap_csf": 0.18526026533336962,
  "tpm_overlap_gm": 0.510968903140809,
  "tpm_overlap_wm": 0.5524425658134853,
  "wm2max": 0.741705733862243
}