{
  "bids_meta": {
    "InstitutionName": "HH",
    "dataset": "<unset>",
    "modality": "T1w",
    "subject_id": "0999"
  },
  "cjv": 0.5907518340957595,
  "cnr": 1.6865060217273533,
  "efc": 0.5940009268852651,
  "fber": -1.0,
  "fwhm_avg": 5.137113417885035,
  "fwhm_x": 4.336342920321771,
  "fwhm_y": 6.017664,
  "fwhm_z": 5.057333333333333,
  "icvs_csf": 0.2650963283287585,
  "icvs_gm": 0.38321996341733555,
  "icvs_wm": 0.351683708253906,
  "inu_med": 0.3792906403541565,
  "inu_range": 0.19049668014049526,
  "provenance": {
    "md5sum": "11ae1c85b507a87480871784df073007",
    "settings": {
      "testing": false
    },
    "software": "mriqc",
    "version": "23.1.0",
    "warnings": {
      "large_rot_frame": true,
      "small_air_mask": false
    }
  },
  "qi_1": 0.0,
  "qi_2": 0.0007597116837283235,
  "rpve_csf": 6.825776222128318,
  "rpve_gm": 6.739279838027181,
  "rpve_wm": 6.81821939505995,
  "size_x": 150,
  "size_y": 256,
  "size_z": 256,
  "snr_csf": 2.2900499678660795,
  "snr_gm": 7.666573545664324,
  "snr_total": 8.601567359311504,
  "snr_wm": 15.84807856440411,
  "snrd_csf": 91.61793571138996,
  "snrd_gm": 146.70898719686912,
  "snrd_total": 140.9428443359426,
  "snrd_wm": 184.50161009956867,
  "spacing_x": 1.1999950408935547,
  "spacing_y": 0.9375,
  "spacing_z": 0.9375,
  "summary_bg_k": 26.773562309084333,
  "summary_bg_mad": 0.0,
  "summary_bg_mean": 1.2355385310981173,
  "summary_bg_median": 0.0,
  "summary_bg_n": 2448296.0,
  "summary_bg_p05": 0.0,
  "summary_bg_p95": 8.76590309664607,
  "summary_bg_stdv": 3.4580536643943067,
  "summary_csf_k": -0.33117089846677494,
  "summary_csf_mad": 147.9124832702435,
  "summary_csf_mean": 480.1586929733745,
  "summary_csf_median": 483.59355137497187,
  "summary_csf_n": 376759.93882485316,
  "summary_csf_p05": 100.07344508171082,
  "summary_csf_p95": 810.7512699197978,
  "summary_csf_stdv": 211.17133529000986,
  "summary_gm_k": -0.54962948449678,
  "summary_gm_mad": 71.76091268608585,
  "summary_gm_mean": 774.7092010810294,
  "summary_gm_median": 774.384617883712,
  "summary_gm_n": 544639.4934392412,
  "summary_gm_p05": 604.6340889986604,
  "summary_gm_p95": 961.951252521947,
  "summary_gm_stdv": 101.00782342412451,
  "summary_wm_k": -0.4155597476616486,
  "summary_wm_mad": 46.084345298161836,
  "summary_wm_mean": 958.3151957149278,
  "summary_wm_median": 973.8681424073875,
  "summary_wm_n": 499819.5683914535,
  "summary_wm_p05": 834.5139748007059,
  "summary_wm_p95": 1034.2817988842726,
  "summary_wm_stdv": 61.45017291714917,
  "tpm_overlap_csf": 0.20268296166285354,
  "tpm_overlap_gm": 0.5336511079707359,
  "tpm_overlap_wm": 0.5551147977334516,
  "wm2max": 0.8018398504652395
}