{
  "bids_meta": {
    "InstitutionName": "HH",
    "dataset": "<unset>",
    "modality": "T1w",
    "subject_id": "0804"
  },
  "cjv": 0.8216153002415941,
  "cnr": 1.1414845454694136,
  "efc": 0.5278788206831406,
  "fber": -1.0,
  "fwhm_avg": 4.983263397453732,
  "fwhm_x": 4.34744352569453,
  "fwhm_y": 5.65456,
  "fwhm_z": 4.947786666666667,
  "icvs_csf": 0.27406968855878067,
  "icvs_gm": 0.3596048551847373,
  "icvs_wm": 0.36632545625648205,
  "inu_med": 0.4270050525665283,
  "inu_range": 0.19514577388763427,
  "provenance": {
    "md5sum": "828dcabdcde0b7384c471fb4c47bad52",
    "settings": {
      "testing": false
    },
    "software": "mriqc",
    "version": "23.1.0",
    "warnings": {
      "large_rot_frame": true,
      "small_air_mask": false
    }
  },
  "qi_1": 0.0,
  "qi_2": 0.0022828081887396067,
  "rpve_csf": 7.397339666805281,
  "rpve_gm": 7.250125949532127,
  "rpve_wm": 7.303736005047997,
  "size_x": 150,
  "size_y": 256,
  "size_z": 256,
  "snr_csf": 2.2430971730291414,
  "snr_gm": 6.617296494538154,
  "snr_total": 7.273200080848916,
  "snr_wm": 12.959206574979454,
  "snrd_csf": 50.9852741938507,
  "snrd_gm": 103.53844356261075,
  "snrd_total": 93.01145089096333,
  "snrd_wm": 124.51063491642857,
  "spacing_x": 1.1999971866607666,
  "spacing_y": 0.9375,
  "spacing_z": 0.9375,
  "summary_bg_k": 15.189624328084008,
  "summary_bg_mad": 0.0,
  "summary_bg_mean": 2.573760328128944,
  "summary_bg_median": 0.0,
  "summary_bg_n": 2775954.0,
  "summary_bg_p05": 0.0,
  "summary_bg_p95": 12.416776349768043,
  "summary_bg_stdv": 4.995371222892616,
  "summary_csf_k": -0.35299552417501134,
  "summary_csf_mad": 151.59620705536122,
  "summary_csf_mean": 401.9442154348357,
  "summary_csf_median": 388.7593049313873,
  "summary_csf_n": 361443.92780406104,
  "summary_csf_p05": 101.205231891945,
  "summary_csf_p95": 711.6683869510889,
  "summary_csf_stdv": 173.31338642790894,
  "summary_gm_k": -0.2650948770529027,
  "summary_gm_mad": 67.11590630801759,
  "summary_gm_mean": 786.5949459488317,
  "summary_gm_median": 789.4737056829035,
  "summary_gm_n": 474247.9622568892,
  "summary_gm_p05": 580.2109308801591,
  "summary_gm_p95": 988.7739006355405,
  "summary_gm_stdv": 119.3044431349476,
  "summary_wm_k": -0.6747661088398869,
  "summary_wm_mad": 64.26987485426912,
  "summary_wm_mean": 935.3271573921162,
  "summary_wm_median": 949.3852617647499,
  "summary_wm_n": 483111.11112004647,
  "summary_wm_p05": 801.3802035525441,
  "summary_wm_p95": 1035.1606443766505,
  "summary_wm_stdv": 73.25944483536436,
  "tpm_overlap_csf": 0.17054437198161873,
  "tpm_overlap_gm": 0.5146714995948074,
  "tpm_overlap_wm": 0.5441827042241718,
  "wm2max": 0.7117561481282404
}