{
  "bids_meta": {
    "InstitutionName": "HH",
    "dataset": "<unset>",
    "modality": "T1w",
    "subject_id": "0791"
  },
  "cjv": 0.8395705865532879,
  "cnr": 1.058370485814874,
  "efc": 0.6287066608279821,
  "fber": -1.0,
  "fwhm_avg": 4.712648959927416,
  "fwhm_x": 4.1306405553573144,
  "fwhm_y": 5.382996991091602,
  "fwhm_z": 4.624309333333333,
  "icvs_csf": 0.2659474465791332,
  "icvs_gm": 0.3560088631641279,
  "icvs_wm": 0.3780436902567389,
  "inu_med": 0.4583342969417572,
  "inu_range": 0.2067875772714614,
  "provenance": {
    "md5sum": "b81bd339b5e8ddb446697ec6a52e17dc",
    "settings": {
      "testing": false
    },
    "software": "mriqc",
    "version": "23.1.0",
    "warnings": {
      "large_rot_frame": true,
      "small_air_mask": false
    }
  },
  "qi_1": 0.0,
  "qi_2": 0.0017952994319651275,
  "rpve_csf": 6.988694058118619,
  "rpve_gm": 6.8406210769312255,
  "rpve_wm": 6.913919464196497,
  "size_x": 150,
  "size_y": 256,
  "size_z": 256,
  "snr_csf": 2.4711671923319085,
  "snr_gm": 5.916941019466173,
  "snr_total": 7.141243781034558,
  "snr_wm": 13.035623131305593,
  "snrd_csf": 46.30127623685631,
  "snrd_gm": 85.34360173849541,
  "snrd_total": 78.1329010450928,
  "snrd_wm": 102.75382515992665,
  "spacing_x": 1.199997901916504,
  "spacing_y": 0.9375000596046448,
  "spacing_z": 0.9375,
  "summary_bg_k": 51.61214877259937,
  "summary_bg_mad": 0.0,
  "summary_bg_mean": 2.2963449550882715,
  "summary_bg_median": 0.0,
  "summary_bg_n": 2489800.0,
  "summary_bg_p05": 0.0,
  "summary_bg_p95": 14.639893636107445,
  "summary_bg_stdv": 6.126770538098429,
  "summary_csf_k": 0.19258692737752936,
  "summary_csf_mad": 133.9102997212927,
  "summary_csf_mean": 454.063870380815,
  "summary_csf_median": 433.00493626110256,
  "summary_csf_n": 369847.5294087694,
  "summary_csf_p05": 160.28678066655993,
  "summary_csf_p95": 771.3519301079214,
  "summary_csf_stdv": 175.22260420958077,
  "summary_gm_k": 0.008233179893884834,
  "summary_gm_mad": 69.83554070949457,
  "summary_gm_mean": 791.614220361436,
  "summary_gm_median": 798.1248862780631,
  "summary_gm_n": 495094.0502814678,
  "summary_gm_p05": 553.5083073377609,
  "summary_gm_p95": 1010.8796419110149,
  "summary_gm_stdv": 134.88795606011564,
  "summary_wm_k": -0.6966895567415308,
  "summary_wm_mad": 66.86223402681253,
  "summary_wm_mean": 948.0153363845994,
  "summary_wm_median": 960.9435663577169,
  "summary_wm_n": 525737.4216165886,
  "summary_wm_p05": 814.1936736423522,
  "summary_wm_p95": 1050.0864803474396,
  "summary_wm_stdv": 73.7166641576854,
  "tpm_overlap_csf": 0.20396684958091585,
  "tpm_overlap_gm": 0.5001767658000383,
  "tpm_overlap_wm": 0.5264833844613844,
  "wm2max": 0.6904010542479764
}