{
  "bids_meta": {
    "InstitutionName": "HH",
    "dataset": "<unset>",
    "modality": "T1w",
    "subject_id": "1226"
  },
  "cjv": 0.7836364872870518,
  "cnr": 1.1814581099335129,
  "efc": 0.6044512494997198,
  "fber": -1.0,
  "fwhm_avg": 4.668119414687689,
  "fwhm_x": 4.088336615596931,
  "fwhm_y": 5.273984,
  "fwhm_z": 4.642037628466138,
  "icvs_csf": 0.26871019950421604,
  "icvs_gm": 0.3609526214556293,
  "icvs_wm": 0.3703371790401545,
  "inu_med": 0.3934093415737152,
  "inu_range": 0.15413184911012645,
  "provenance": {
    "md5sum": "b48f73b831041d18f21c9c61e4405173",
    "settings": {
      "testing": false
    },
    "software": "mriqc",
    "version": "23.1.0",
    "warnings": {
      "large_rot_frame": true,
      "small_air_mask": false
    }
  },
  "qi_1": 0.0,
  "qi_2": 0.0024597198877997547,
  "rpve_csf": 7.503748944899418,
  "rpve_gm": 7.3652691775946995,
  "rpve_wm": 7.433444326753944,
  "size_x": 150,
  "size_y": 256,
  "size_z": 256,
  "snr_csf": 2.608952775139736,
  "snr_gm": 6.461528810912041,
  "snr_total": 7.575394620641738,
  "snr_wm": 13.65570227587344,
  "snrd_csf": 49.26184954111988,
  "snrd_gm": 89.78645235863274,
  "snrd_total": 82.59047765994579,
  "snrd_wm": 108.72313108008473,
  "spacing_x": 1.1999965906143188,
  "spacing_y": 0.9375,
  "spacing_z": 0.9374999403953552,
  "summary_bg_k": 34.18210561073654,
  "summary_bg_mad": 0.0,
  "summary_bg_mean": 1.9357398087911935,
  "summary_bg_median": 0.0,
  "summary_bg_n": 3284440.0,
  "summary_bg_p05": 0.0,
  "summary_bg_p95": 13.359174527227879,
  "summary_bg_stdv": 5.789009454610763,
  "summary_csf_k": 0.3100784964205858,
  "summary_csf_mad": 134.81323883611128,
  "summary_csf_mean": 457.5175309321352,
  "summary_csf_median": 435.2945626974106,
  "summary_csf_n": 348634.82413733297,
  "summary_csf_p05": 202.14283791929483,
  "summary_csf_p95": 759.5470816511661,
  "summary_csf_stdv": 166.84623139230658,
  "summary_gm_k": -0.01201618067922805,
  "summary_gm_mad": 70.51491393277564,
  "summary_gm_mean": 791.5106177983586,
  "summary_gm_median": 793.3838229719549,
  "summary_gm_n": 468313.64769657055,
  "summary_gm_p05": 580.3439941518009,
  "summary_gm_p95": 998.1838689632714,
  "summary_gm_stdv": 122.78564394343691,
  "summary_wm_k": -0.5753361291638637,
  "summary_wm_mad": 60.61174303703985,
  "summary_wm_mean": 947.4418943216167,
  "summary_wm_median": 960.7147973421961,
  "summary_wm_n": 480489.52933085256,
  "summary_wm_p05": 816.8355125617236,
  "summary_wm_p95": 1043.6733209118247,
  "summary_wm_stdv": 70.35257346771782,
  "tpm_overlap_csf": 0.19845093924463994,
  "tpm_overlap_gm": 0.509339719664195,
  "tpm_overlap_wm": 0.541016339104117,
  "wm2max": 0.7519940464832271
}