{
  "bids_meta": {
    "InstitutionName": "HH",
    "dataset": "<unset>",
    "modality": "T1w",
    "subject_id": "1129"
  },
  "cjv": 0.6988925789751808,
  "cnr": 1.453135082674343,
  "efc": 0.6228082726621788,
  "fber": -1.0,
  "fwhm_avg": 5.339135555625359,
  "fwhm_x": 4.53099600020941,
  "fwhm_y": 6.30176,
  "fwhm_z": 5.184650666666667,
  "icvs_csf": 0.2637532948985352,
  "icvs_gm": 0.37264949641791845,
  "icvs_wm": 0.3635972086835464,
  "inu_med": 0.3572158217430115,
  "inu_range": 0.17128143906593324,
  "provenance": {
    "md5sum": "ab78aa8f3a7a55c0ef24ef077e449132",
    "settings": {
      "testing": false
    },
    "software": "mriqc",
    "version": "23.1.0",
    "warnings": {
      "large_rot_frame": true,
      "small_air_mask": false
    }
  },
  "qi_1": 0.0,
  "qi_2": 0.00210004289740734,
  "rpve_csf": 6.454465617927279,
  "rpve_gm": 6.3489857278602875,
  "rpve_wm": 6.415246154306921,
  "size_x": 150,
  "size_y": 256,
  "size_z": 256,
  "snr_csf": 2.3299952305186027,
  "snr_gm": 7.708497927538205,
  "snr_total": 9.019039759930314,
  "snr_wm": 17.018626121734137,
  "snrd_csf": 64.54603417364648,
  "snrd_gm": 110.99073627010118,
  "snrd_total": 103.47671777989012,
  "snrd_wm": 134.89338289592268,
  "spacing_x": 1.2000032663345337,
  "spacing_y": 0.9375,
  "spacing_z": 0.9375,
  "summary_bg_k": 59.119447562361316,
  "summary_bg_mad": 0.0,
  "summary_bg_mean": 1.2479429327074054,
  "summary_bg_median": 0.0,
  "summary_bg_n": 2978557.0,
  "summary_bg_p05": 0.0,
  "summary_bg_p95": 9.031561613082886,
  "summary_bg_stdv": 4.703294669823163,
  "summary_csf_k": -0.33564125972339953,
  "summary_csf_mad": 162.10163092604492,
  "summary_csf_mean": 472.0994127483151,
  "summary_csf_median": 463.38292069733143,
  "summary_csf_n": 397098.2573086957,
  "summary_csf_p05": 132.9210263490677,
  "summary_csf_p95": 804.1771178692579,
  "summary_csf_stdv": 198.87694668479594,
  "summary_gm_k": -0.44108837190669625,
  "summary_gm_mad": 72.15432864788936,
  "summary_gm_mean": 799.0864428730732,
  "summary_gm_median": 796.814431771636,
  "summary_gm_n": 561048.7848936452,
  "summary_gm_p05": 627.9634972661734,
  "summary_gm_p95": 982.4522905796766,
  "summary_gm_stdv": 103.36822155885982,
  "summary_wm_k": -0.36423931317049085,
  "summary_wm_mad": 47.77540772298474,
  "summary_wm_mean": 959.198777537802,
  "summary_wm_median": 968.4141024202108,
  "summary_wm_n": 547419.959193633,
  "summary_wm_p05": 850.1202791184187,
  "summary_wm_p95": 1036.9116254150867,
  "summary_wm_stdv": 56.903137243100616,
  "tpm_overlap_csf": 0.18679347725931944,
  "tpm_overlap_gm": 0.5157981514376716,
  "tpm_overlap_wm": 0.5425024024977404,
  "wm2max": 0.7424837002727738
}