{
  "bids_meta": {
    "InstitutionName": "HH",
    "dataset": "<unset>",
    "modality": "T1w",
    "subject_id": "0284"
  },
  "cjv": 0.6676175652608057,
  "cnr": 1.4487249065835073,
  "efc": 0.5832753833119756,
  "fber": -1.0,
  "fwhm_avg": 5.084883231380664,
  "fwhm_x": 4.378958662474216,
  "fwhm_y": 5.740971031667775,
  "fwhm_z": 5.13472,
  "icvs_csf": 0.27309924587775153,
  "icvs_gm": 0.3709098543596264,
  "icvs_wm": 0.35599089976262205,
  "inu_med": 0.3875848799943924,
  "inu_range": 0.15860812813043595,
  "provenance": {
    "md5sum": "71adf3beee253223ee7d1960af6b1cb6",
    "settings": {
      "testing": false
    },
    "software": "mriqc",
    "version": "23.1.0",
    "warnings": {
      "large_rot_frame": true,
      "small_air_mask": false
    }
  },
  "qi_1": 0.0,
  "qi_2": 0.001909563579999188,
  "rpve_csf": 6.437472855873837,
  "rpve_gm": 6.32391992396313,
  "rpve_wm": 6.3915579512458836,
  "size_x": 150,
  "size_y": 256,
  "size_z": 256,
  "snr_csf": 2.166933382946859,
  "snr_gm": 6.855826003017384,
  "snr_total": 7.6838107832197275,
  "snr_wm": 14.02867296369494,
  "snrd_csf": 74.06508749211574,
  "snrd_gm": 134.78639706351893,
  "snrd_total": 125.6699637278574,
  "snrd_wm": 168.1584066279375,
  "spacing_x": 1.2000021934509277,
  "spacing_y": 0.9374999403953552,
  "spacing_z": 0.9375,
  "summary_bg_k": 729.534830258625,
  "summary_bg_mad": 0.0,
  "summary_bg_mean": 1.346003353408085,
  "summary_bg_median": 0.0,
  "summary_bg_n": 2670627.0,
  "summary_bg_p05": 0.0,
  "summary_bg_p95": 9.032258290797472,
  "summary_bg_stdv": 3.7376897063844234,
  "summary_csf_k": -0.32740558562565525,
  "summary_csf_mad": 150.98807200894552,
  "summary_csf_mean": 430.100720871923,
  "summary_csf_median": 422.5567608848214,
  "summary_csf_n": 412254.2358873361,
  "summary_csf_p05": 82.77180613577366,
  "summary_csf_p95": 764.444463595748,
  "summary_csf_stdv": 195.001956088984,
  "summary_gm_k": -0.4342693597097318,
  "summary_gm_mad": 72.41192378842905,
  "summary_gm_mean": 769.3258535787232,
  "summary_gm_median": 768.9844876043499,
  "summary_gm_n": 559903.2619099879,
  "summary_gm_p05": 579.0203251391649,
  "summary_gm_p95": 972.5209323689342,
  "summary_gm_stdv": 112.16501126978409,
  "summary_wm_k": -0.6080633589614326,
  "summary_wm_mad": 54.69863519047674,
  "summary_wm_mean": 941.534175417159,
  "summary_wm_median": 959.3787576071918,
  "summary_wm_n": 537382.5031731474,
  "summary_wm_p05": 807.144584139809,
  "summary_wm_p95": 1025.9498464912176,
  "summary_wm_stdv": 68.38692921626173,
  "tpm_overlap_csf": 0.18568793966327699,
  "tpm_overlap_gm": 0.5227694768880016,
  "tpm_overlap_wm": 0.5425902399717167,
  "wm2max": 0.7494894441505355
}