{
  "bids_meta": {
    "InstitutionName": "HH",
    "dataset": "<unset>",
    "modality": "T1w",
    "subject_id": "0465"
  },
  "cjv": 0.6953705003284462,
  "cnr": 1.2886566914875728,
  "efc": 0.6386190352052095,
  "fber": 20026.53810835629,
  "fwhm_avg": 4.685309865242091,
  "fwhm_x": 4.079588262392938,
  "fwhm_y": 5.248170666666667,
  "fwhm_z": 4.728170666666667,
  "icvs_csf": 0.2640425623690094,
  "icvs_gm": 0.3685824334591834,
  "icvs_wm": 0.36737500417180724,
  "inu_med": 0.41761812567710876,
  "inu_range": 0.18212513923645013,
  "provenance": {
    "md5sum": "a9fb4c692a9e1cbfacc81d4420224e76",
    "settings": {
      "testing": false
    },
    "software": "mriqc",
    "version": "23.1.0",
    "warnings": {
      "large_rot_frame": true,
      "small_air_mask": false
    }
  },
  "qi_1": 0.0,
  "qi_2": 0.0015769169693491346,
  "rpve_csf": 7.033259851735827,
  "rpve_gm": 6.904789193913474,
  "rpve_wm": 6.983847987613764,
  "size_x": 150,
  "size_y": 256,
  "size_z": 256,
  "snr_csf": 2.4925109497867157,
  "snr_gm": 6.346127929350591,
  "snr_total": 7.415312404674985,
  "snr_wm": 13.407298334887649,
  "snrd_csf": 27.944740011957,
  "snrd_gm": 48.08702038318628,
  "snrd_total": 45.154329238076635,
  "snrd_wm": 59.431227319086624,
  "spacing_x": 1.2000010013580322,
  "spacing_y": 0.9375,
  "spacing_z": 0.9375,
  "summary_bg_k": 633.1438585423238,
  "summary_bg_mad": 0.0,
  "summary_bg_mean": 3.217122953593586,
  "summary_bg_median": 0.0,
  "summary_bg_n": 2394163.0,
  "summary_bg_p05": 0.0,
  "summary_bg_p95": 19.407345682382584,
  "summary_bg_stdv": 10.624895802536772,
  "summary_csf_k": 0.09945972015436721,
  "summary_csf_mad": 137.75639428412327,
  "summary_csf_mean": 468.1022340820336,
  "summary_csf_median": 453.20325791090727,
  "summary_csf_n": 364533.729268002,
  "summary_csf_p05": 160.684475004673,
  "summary_csf_p95": 782.2934099659324,
  "summary_csf_stdv": 181.82573534081732,
  "summary_gm_k": 0.2125855754946122,
  "summary_gm_mad": 70.46382661023935,
  "summary_gm_mean": 777.6599350728629,
  "summary_gm_median": 779.8674917556345,
  "summary_gm_n": 508860.1163617596,
  "summary_gm_p05": 565.2389429993927,
  "summary_gm_p95": 990.3224177844822,
  "summary_gm_stdv": 122.88859193331531,
  "summary_wm_k": -0.5740958142169164,
  "summary_wm_mad": 57.46939974907557,
  "summary_wm_mean": 945.7400182756393,
  "summary_wm_median": 963.8459986075759,
  "summary_wm_n": 507193.1551832072,
  "summary_wm_p05": 806.96995434165,
  "summary_wm_p95": 1037.4321843199432,
  "summary_wm_stdv": 71.88958016415462,
  "tpm_overlap_csf": 0.2161467737520773,
  "tpm_overlap_gm": 0.5122585551581832,
  "tpm_overlap_wm": 0.5382991163108455,
  "wm2max": 0.685821408021976
}