{
  "bids_meta": {
    "InstitutionName": "HH",
    "dataset": "<unset>",
    "modality": "T1w",
    "subject_id": "0134"
  },
  "cjv": 0.7456337315591964,
  "cnr": 1.1665671395789843,
  "efc": 0.6167516358733351,
  "fber": -1.0,
  "fwhm_avg": 4.886001448952517,
  "fwhm_x": 4.329353375183272,
  "fwhm_y": 5.531296,
  "fwhm_z": 4.797354971674281,
  "icvs_csf": 0.2703028616601752,
  "icvs_gm": 0.35187240956268373,
  "icvs_wm": 0.377824728777141,
  "inu_med": 0.4166480451822281,
  "inu_range": 0.2083171084523201,
  "provenance": {
    "md5sum": "4d6ccde969b07a022784bf88baf47b87",
    "settings": {
      "testing": false
    },
    "software": "mriqc",
    "version": "23.1.0",
    "warnings": {
      "large_rot_frame": true,
      "small_air_mask": false
    }
  },
  "qi_1": 0.0,
  "qi_2": 0.002864833063936348,
  "rpve_csf": 5.895535554839672,
  "rpve_gm": 5.77179128235026,
  "rpve_wm": 5.850316513474077,
  "size_x": 150,
  "size_y": 256,
  "size_z": 256,
  "snr_csf": 2.247862911059388,
  "snr_gm": 5.355974946656973,
  "snr_total": 7.274789889969142,
  "snr_wm": 14.220531812191068,
  "snrd_csf": 35.05439255266738,
  "snrd_gm": 67.85299373971284,
  "snrd_total": 62.36366862089297,
  "snrd_wm": 84.18361957029869,
  "spacing_x": 1.199994444847107,
  "spacing_y": 0.9375,
  "spacing_z": 0.9374999403953552,
  "summary_bg_k": 1924.0787821876934,
  "summary_bg_mad": 0.0,
  "summary_bg_mean": 1.225452325049181,
  "summary_bg_median": 0.0,
  "summary_bg_n": 2486633.0,
  "summary_bg_p05": 0.0,
  "summary_bg_p95": 8.232340905815363,
  "summary_bg_stdv": 7.595914788132044,
  "summary_csf_k": 0.36018614632280777,
  "summary_csf_mad": 126.89496632667817,
  "summary_csf_mean": 428.32243263568387,
  "summary_csf_median": 406.43471921235323,
  "summary_csf_n": 444390.33900672884,
  "summary_csf_p05": 98.00534370169044,
  "summary_csf_p95": 758.401032038033,
  "summary_csf_stdv": 180.80918543463133,
  "summary_gm_k": -0.17259500448609844,
  "summary_gm_mad": 80.99508415174917,
  "summary_gm_mean": 774.3829327132158,
  "summary_gm_median": 786.7148864977062,
  "summary_gm_n": 578494.4281102815,
  "summary_gm_p05": 507.38211261481047,
  "summary_gm_p95": 1011.0394283607602,
  "summary_gm_stdv": 146.8853410191727,
  "summary_wm_k": -0.6547748097423205,
  "summary_wm_mad": 60.1860704368729,
  "summary_wm_mean": 960.7430126071083,
  "summary_wm_median": 976.0587273314595,
  "summary_wm_n": 621161.2347540925,
  "summary_wm_p05": 830.8726232908666,
  "summary_wm_p95": 1051.283429313451,
  "summary_wm_stdv": 68.6372320352872,
  "tpm_overlap_csf": 0.1974797568488703,
  "tpm_overlap_gm": 0.4892957243307686,
  "tpm_overlap_wm": 0.5321906706386011,
  "wm2max": 0.7014011662729163
}