{
  "bids_meta": {
    "InstitutionName": "HH",
    "dataset": "<unset>",
    "modality": "T1w",
    "subject_id": "1116"
  },
  "cjv": 0.8365394551534151,
  "cnr": 1.1386733471587889,
  "efc": 0.6055686331511428,
  "fber": -1.0,
  "fwhm_avg": 5.2859113842199354,
  "fwhm_x": 4.649147485993139,
  "fwhm_y": 6.042368,
  "fwhm_z": 5.1662186666666665,
  "icvs_csf": 0.2629955017034788,
  "icvs_gm": 0.3630557972269924,
  "icvs_wm": 0.3739487010695287,
  "inu_med": 0.41573886573314667,
  "inu_range": 0.22006641626358026,
  "provenance": {
    "md5sum": "469fcdd771be60d56a299f02add53d2a",
    "settings": {
      "testing": false
    },
    "software": "mriqc",
    "version": "23.1.0",
    "warnings": {
      "large_rot_frame": true,
      "small_air_mask": false
    }
  },
  "qi_1": 0.0,
  "qi_2": 0.0009117779101737997,
  "rpve_csf": 7.229590533150475,
  "rpve_gm": 7.0765837663924875,
  "rpve_wm": 7.123621878710528,
  "size_x": 150,
  "size_y": 256,
  "size_z": 256,
  "snr_csf": 2.394849335035825,
  "snr_gm": 7.331139004574664,
  "snr_total": 7.85584516362668,
  "snr_wm": 13.841547151269554,
  "snrd_csf": 54.907675024598646,
  "snrd_gm": 112.37626413630794,
  "snrd_total": 100.0910969216967,
  "snrd_wm": 132.9893516041835,
  "spacing_x": 1.1999984979629517,
  "spacing_y": 0.9375,
  "spacing_z": 0.9375,
  "summary_bg_k": 29.93720595104221,
  "summary_bg_mad": 0.0,
  "summary_bg_mean": 1.6510642031919165,
  "summary_bg_median": 0.0,
  "summary_bg_n": 2542000.0,
  "summary_bg_p05": 0.0,
  "summary_bg_p95": 10.824458982795477,
  "summary_bg_stdv": 4.687691234889407,
  "summary_csf_k": -0.2995523898562271,
  "summary_csf_mad": 148.4751912458983,
  "summary_csf_mean": 420.8071947726522,
  "summary_csf_median": 392.8803634494543,
  "summary_csf_n": 355148.599850259,
  "summary_csf_p05": 213.63932209461927,
  "summary_csf_p95": 729.813523195684,
  "summary_csf_stdv": 164.05199466215888,
  "summary_gm_k": 0.07359387215144331,
  "summary_gm_mad": 63.67458276596437,
  "summary_gm_mean": 805.4245109781689,
  "summary_gm_median": 804.0848110429943,
  "summary_gm_n": 490269.822934315,
  "summary_gm_p05": 620.8689683526754,
  "summary_gm_p95": 992.3504013419151,
  "summary_gm_stdv": 109.68063632372582,
  "summary_wm_k": -0.5521324261261351,
  "summary_wm_mad": 59.7088200442192,
  "summary_wm_mean": 939.381866793494,
  "summary_wm_median": 951.5774392150342,
  "summary_wm_n": 504979.5785115873,
  "summary_wm_p05": 813.5343387462199,
  "summary_wm_p95": 1034.2483072429895,
  "summary_wm_stdv": 68.7478420310339,
  "tpm_overlap_csf": 0.1773971191486507,
  "tpm_overlap_gm": 0.5088927995327651,
  "tpm_overlap_wm": 0.5467558020715426,
  "wm2max": 0.7260350128358404
}