{
  "bids_meta": {
    "InstitutionName": "HH",
    "dataset": "<unset>",
    "modality": "T1w",
    "subject_id": "0316"
  },
  "cjv": 0.7910651245614927,
  "cnr": 1.1343728775600257,
  "efc": 0.6243854893059382,
  "fber": -1.0,
  "fwhm_avg": 5.007473960607786,
  "fwhm_x": 4.365259215156692,
  "fwhm_y": 5.781973333333334,
  "fwhm_z": 4.875189333333334,
  "icvs_csf": 0.25959701099138643,
  "icvs_gm": 0.35440482304023807,
  "icvs_wm": 0.3859981659683755,
  "inu_med": 0.39692047238349915,
  "inu_range": 0.1831769466400146,
  "provenance": {
    "md5sum": "95fe570c202bad4c2baec38784d4a09d",
    "settings": {
      "testing": false
    },
    "software": "mriqc",
    "version": "23.1.0",
    "warnings": {
      "large_rot_frame": true,
      "small_air_mask": false
    }
  },
  "qi_1": 0.0,
  "qi_2": 0.001737692776477383,
  "rpve_csf": 6.461519316456713,
  "rpve_gm": 6.331872632516787,
  "rpve_wm": 6.4083269540298575,
  "size_x": 150,
  "size_y": 256,
  "size_z": 256,
  "snr_csf": 2.3959521676582125,
  "snr_gm": 5.747647895593985,
  "snr_total": 7.763634068285987,
  "snr_wm": 15.147302141605763,
  "snrd_csf": 48.913548690225454,
  "snrd_gm": 90.25134782776537,
  "snrd_total": 83.01723297869587,
  "snrd_wm": 109.88680241809683,
  "spacing_x": 1.2000043392181396,
  "spacing_y": 0.9375,
  "spacing_z": 0.9375,
  "summary_bg_k": 1383.2824016762427,
  "summary_bg_mad": 0.0,
  "summary_bg_mean": 1.415494561396077,
  "summary_bg_median": 0.0,
  "summary_bg_n": 2682051.0,
  "summary_bg_p05": 0.0,
  "summary_bg_p95": 10.099731378257275,
  "summary_bg_stdv": 5.824892610217196,
  "summary_csf_k": 0.10961448001715679,
  "summary_csf_mad": 140.7319938695007,
  "summary_csf_mean": 456.7804199880409,
  "summary_csf_median": 434.8959519043565,
  "summary_csf_n": 389927.4311519096,
  "summary_csf_p05": 163.266334310174,
  "summary_csf_p95": 784.5643460378051,
  "summary_csf_stdv": 181.5125527595084,
  "summary_gm_k": 0.18957800192526753,
  "summary_gm_mad": 79.67307279598667,
  "summary_gm_mean": 795.1284390320649,
  "summary_gm_median": 802.4350486770272,
  "summary_gm_n": 532333.410574255,
  "summary_gm_p05": 548.1698815226555,
  "summary_gm_p95": 1018.0225477963686,
  "summary_gm_stdv": 139.61089989452418,
  "summary_wm_k": -0.5997082534693794,
  "summary_wm_mad": 58.4319238546167,
  "summary_wm_mean": 965.7335537274976,
  "summary_wm_median": 977.0161196440458,
  "summary_wm_n": 579788.1597735004,
  "summary_wm_p05": 845.4158604070544,
  "summary_wm_p95": 1054.2702052742243,
  "summary_wm_stdv": 64.50094333281018,
  "tpm_overlap_csf": 0.20905302775813167,
  "tpm_overlap_gm": 0.49279163225492384,
  "tpm_overlap_wm": 0.5203222962674627,
  "wm2max": 0.6788251846640873
}