{
  "bids_meta": {
    "InstitutionName": "HH",
    "dataset": "<unset>",
    "modality": "T1w",
    "subject_id": "0259"
  },
  "cjv": 0.6398867044952626,
  "cnr": 1.570297636774241,
  "efc": 0.5873699952774388,
  "fber": 38424.430570008095,
  "fwhm_avg": 5.169832604612545,
  "fwhm_x": 4.458852480504303,
  "fwhm_y": 6.023125333333334,
  "fwhm_z": 5.02752,
  "icvs_csf": 0.2645685095641574,
  "icvs_gm": 0.3778871403468129,
  "icvs_wm": 0.3575443500890298,
  "inu_med": 0.3678756654262543,
  "inu_range": 0.1817435026168822,
  "provenance": {
    "md5sum": "6ae2f10c60a7ae6a29fb80d301f8d974",
    "settings": {
      "testing": false
    },
    "software": "mriqc",
    "version": "23.1.0",
    "warnings": {
      "large_rot_frame": true,
      "small_air_mask": false
    }
  },
  "qi_1": 0.0,
  "qi_2": 0.002409534756727595,
  "rpve_csf": 6.63468779359711,
  "rpve_gm": 6.53641246795873,
  "rpve_wm": 6.600126580143496,
  "size_x": 150,
  "size_y": 256,
  "size_z": 256,
  "snr_csf": 2.275981769806242,
  "snr_gm": 8.422952947847426,
  "snr_total": 9.244328139929024,
  "snr_wm": 17.0340497021334,
  "snrd_csf": 56.682406981017124,
  "snrd_gm": 96.99702041912184,
  "snrd_total": 90.60354008842766,
  "snrd_wm": 118.131192865144,
  "spacing_x": 1.1999993324279785,
  "spacing_y": 0.9375,
  "spacing_z": 0.9375,
  "summary_bg_k": 19.76964569802549,
  "summary_bg_mad": 0.0,
  "summary_bg_mean": 2.1348251647872023,
  "summary_bg_median": 0.0,
  "summary_bg_n": 2624372.0,
  "summary_bg_p05": 0.0,
  "summary_bg_p95": 13.260162189602852,
  "summary_bg_stdv": 5.379067059294983,
  "summary_csf_k": -0.3888263840016859,
  "summary_csf_mad": 170.93496539526,
  "summary_csf_mean": 469.9120246777017,
  "summary_csf_median": 465.3969283849001,
  "summary_csf_n": 387746.05191468366,
  "summary_csf_p05": 112.48789273202419,
  "summary_csf_p95": 806.0142406597733,
  "summary_csf_stdv": 204.48157117402314,
  "summary_gm_k": -0.49569506912652406,
  "summary_gm_mad": 65.78952900308629,
  "summary_gm_mean": 798.1972932873643,
  "summary_gm_median": 796.4043478369713,
  "summary_gm_n": 553823.4575996461,
  "summary_gm_p05": 639.4675968289375,
  "summary_gm_p95": 971.642109207809,
  "summary_gm_stdv": 94.55159416918795,
  "summary_wm_k": -0.4499787812207541,
  "summary_wm_mad": 45.24640802730445,
  "summary_wm_mean": 957.9072141431172,
  "summary_wm_median": 969.9287174642086,
  "summary_wm_n": 524009.49137827643,
  "summary_wm_p05": 845.2732601761818,
  "summary_wm_p95": 1031.6108202338219,
  "summary_wm_stdv": 56.94052846720016,
  "tpm_overlap_csf": 0.1932488689437237,
  "tpm_overlap_gm": 0.5335976539969544,
  "tpm_overlap_wm": 0.5612598462299411,
  "wm2max": 0.7951857103702816
}