{
  "bids_meta": {
    "InstitutionName": "HH",
    "dataset": "<unset>",
    "modality": "T1w",
    "subject_id": "0187"
  },
  "cjv": 0.7014504746018749,
  "cnr": 1.3877714525778195,
  "efc": 0.5933761826990493,
  "fber": -1.0,
  "fwhm_avg": 4.87767800751613,
  "fwhm_x": 4.200340689215055,
  "fwhm_y": 5.7325013333333334,
  "fwhm_z": 4.700192,
  "icvs_csf": 0.2690456181945578,
  "icvs_gm": 0.3633636465177921,
  "icvs_wm": 0.36759073528765,
  "inu_med": 0.37413913011550903,
  "inu_range": 0.18771000504493712,
  "provenance": {
    "md5sum": "baea34341e6730d04777c6b83d1d1178",
    "settings": {
      "testing": false
    },
    "software": "mriqc",
    "version": "23.1.0",
    "warnings": {
      "large_rot_frame": true,
      "small_air_mask": false
    }
  },
  "qi_1": 0.0,
  "qi_2": 0.0022073481871667505,
  "rpve_csf": 7.247468156051726,
  "rpve_gm": 7.143292493745842,
  "rpve_wm": 7.224118051965425,
  "size_x": 150,
  "size_y": 256,
  "size_z": 256,
  "snr_csf": 2.402081461787737,
  "snr_gm": 6.5541593670086105,
  "snr_total": 8.51956199531041,
  "snr_wm": 16.60244515713488,
  "snrd_csf": 59.112371715396115,
  "snrd_gm": 100.44606268450305,
  "snrd_total": 94.56206039974971,
  "snrd_wm": 124.12774679934994,
  "spacing_x": 1.199995517730713,
  "spacing_y": 0.9375,
  "spacing_z": 0.9375,
  "summary_bg_k": 1846.5134806657848,
  "summary_bg_mad": 0.0,
  "summary_bg_mean": 1.201509974672918,
  "summary_bg_median": 0.0,
  "summary_bg_n": 2558095.0,
  "summary_bg_p05": 0.0,
  "summary_bg_p95": 8.562493845820427,
  "summary_bg_stdv": 5.134353708614302,
  "summary_csf_k": 0.09205365267307952,
  "summary_csf_mad": 142.8805829551319,
  "summary_csf_mean": 474.97445876604115,
  "summary_csf_median": 463.26814529299736,
  "summary_csf_n": 360439.6079622508,
  "summary_csf_p05": 145.81058360636234,
  "summary_csf_p95": 801.8961627781391,
  "summary_csf_stdv": 192.8608625556523,
  "summary_gm_k": -0.53674371536622,
  "summary_gm_mad": 80.47381790442273,
  "summary_gm_mean": 783.9367024875172,
  "summary_gm_median": 787.2034197151661,
  "summary_gm_n": 486797.1876943809,
  "summary_gm_p05": 576.7646216899157,
  "summary_gm_p95": 990.146933272481,
  "summary_gm_stdv": 120.1073344544338,
  "summary_wm_k": -0.5368760821132015,
  "summary_wm_mad": 49.71199267895524,
  "summary_wm_mean": 960.2722760660605,
  "summary_wm_median": 972.7985761761665,
  "summary_wm_n": 492460.20584443834,
  "summary_wm_p05": 846.9175072312355,
  "summary_wm_p95": 1037.153783544898,
  "summary_wm_stdv": 58.59363360492916,
  "tpm_overlap_csf": 0.19531320491701323,
  "tpm_overlap_gm": 0.5003875944880487,
  "tpm_overlap_wm": 0.5370860765137462,
  "wm2max": 0.7813291048749453
}