{
  "bids_meta": {
    "InstitutionName": "HH",
    "dataset": "<unset>",
    "modality": "T1w",
    "subject_id": "0761"
  },
  "cjv": 0.6266588289622169,
  "cnr": 1.6669584237074246,
  "efc": 0.5950037351275784,
  "fber": -1.0,
  "fwhm_avg": 5.138076055549639,
  "fwhm_x": 4.419006833315584,
  "fwhm_y": 5.948128,
  "fwhm_z": 5.047093333333334,
  "icvs_csf": 0.26076776039597027,
  "icvs_gm": 0.38130805198866263,
  "icvs_wm": 0.357924187615367,
  "inu_med": 0.3844219744205475,
  "inu_range": 0.2009494349360466,
  "provenance": {
    "md5sum": "591faebead51b4ea0914e4a32977f20d",
    "settings": {
      "testing": false
    },
    "software": "mriqc",
    "version": "23.1.0",
    "warnings": {
      "large_rot_frame": true,
      "small_air_mask": false
    }
  },
  "qi_1": 0.0,
  "qi_2": 0.002285264524789117,
  "rpve_csf": 6.8769987686341505,
  "rpve_gm": 6.788442047124001,
  "rpve_wm": 6.856293840691449,
  "size_x": 150,
  "size_y": 256,
  "size_z": 256,
  "snr_csf": 2.251413198338085,
  "snr_gm": 8.182555177762781,
  "snr_total": 9.084045228289177,
  "snr_wm": 16.818167308766668,
  "snrd_csf": 103.40299821469296,
  "snrd_gm": 174.03076779880575,
  "snrd_total": 164.2887546541547,
  "snrd_wm": 215.4324979489654,
  "spacing_x": 1.200002670288086,
  "spacing_y": 0.9375,
  "spacing_z": 0.9375,
  "summary_bg_k": 22.178566260345185,
  "summary_bg_mad": 0.0,
  "summary_bg_mean": 1.0072080261718854,
  "summary_bg_median": 0.0,
  "summary_bg_n": 2411556.0,
  "summary_bg_p05": 0.0,
  "summary_bg_p95": 7.698571085929871,
  "summary_bg_stdv": 2.9514342660762907,
  "summary_csf_k": -0.5120809410633451,
  "summary_csf_mad": 162.46542427962865,
  "summary_csf_mean": 466.306119350281,
  "summary_csf_median": 465.83757542073727,
  "summary_csf_n": 368631.2154102591,
  "summary_csf_p05": 101.38919420540333,
  "summary_csf_p95": 800.6020431220531,
  "summary_csf_stdv": 206.9086846947809,
  "summary_gm_k": -0.5963281192426351,
  "summary_gm_mad": 70.20291582810344,
  "summary_gm_mean": 785.3179018858009,
  "summary_gm_median": 784.0205053985119,
  "summary_gm_n": 539031.5522013092,
  "summary_gm_p05": 624.5712542533875,
  "summary_gm_p95": 960.6928418576717,
  "summary_gm_stdv": 95.81600870589656,
  "summary_wm_k": -0.48869918475713936,
  "summary_wm_mad": 46.68000031092235,
  "summary_wm_mean": 958.7083799227521,
  "summary_wm_median": 970.5381298810244,
  "summary_wm_n": 505975.23292385216,
  "summary_wm_p05": 845.0909010320902,
  "summary_wm_p95": 1033.8292671740055,
  "summary_wm_stdv": 57.70766534698047,
  "tpm_overlap_csf": 0.20821011842674483,
  "tpm_overlap_gm": 0.535543016579568,
  "tpm_overlap_wm": 0.5652882510551057,
  "wm2max": 0.8133374689826303
}