{
  "bids_meta": {
    "InstitutionName": "HH",
    "dataset": "<unset>",
    "modality": "T1w",
    "subject_id": "1188"
  },
  "cjv": 0.6538250636491871,
  "cnr": 1.298474991948415,
  "efc": 0.5409080399911198,
  "fber": -1.0,
  "fwhm_avg": 4.947366343679259,
  "fwhm_x": 4.282334013991994,
  "fwhm_y": 5.584992,
  "fwhm_z": 4.974773017045783,
  "icvs_csf": 0.2742209476303276,
  "icvs_gm": 0.3608646929762355,
  "icvs_wm": 0.36491435939343686,
  "inu_med": 0.40068867802619934,
  "inu_range": 0.18613481670618054,
  "provenance": {
    "md5sum": "9ab8b3da3800d2176953ed6be055edf0",
    "settings": {
      "testing": false
    },
    "software": "mriqc",
    "version": "23.1.0",
    "warnings": {
      "large_rot_frame": true,
      "small_air_mask": false
    }
  },
  "qi_1": 0.0,
  "qi_2": 0.0023339779784035345,
  "rpve_csf": 7.447955679655067,
  "rpve_gm": 7.322122180981452,
  "rpve_wm": 7.387227816242365,
  "size_x": 150,
  "size_y": 256,
  "size_z": 256,
  "snr_csf": 2.3847546308837866,
  "snr_gm": 6.085592589596335,
  "snr_total": 7.45782370259164,
  "snr_wm": 13.9031238872948,
  "snrd_csf": 66.14547158918285,
  "snrd_gm": 129.53758310414315,
  "snrd_total": 118.89913875457323,
  "snrd_wm": 161.01436157039367,
  "spacing_x": 1.1999998092651367,
  "spacing_y": 0.9375,
  "spacing_z": 0.9375000596046448,
  "summary_bg_k": 27.57211288387494,
  "summary_bg_mad": 0.0,
  "summary_bg_mean": 1.3609392475839832,
  "summary_bg_median": 0.0,
  "summary_bg_n": 2609338.0,
  "summary_bg_p05": 0.0,
  "summary_bg_p95": 9.440479297190905,
  "summary_bg_stdv": 3.955634029777242,
  "summary_csf_k": 0.08871146348021375,
  "summary_csf_mad": 130.67928879152458,
  "summary_csf_mean": 420.837869636797,
  "summary_csf_median": 399.37832538969815,
  "summary_csf_n": 358644.80270290887,
  "summary_csf_p05": 148.3767038807273,
  "summary_csf_p95": 735.7126695215702,
  "summary_csf_stdv": 167.47122048912382,
  "summary_gm_k": -0.11484472576233351,
  "summary_gm_mad": 70.9723723609142,
  "summary_gm_mean": 778.7875422573262,
  "summary_gm_median": 782.1321969926357,
  "summary_gm_n": 471963.38475709595,
  "summary_gm_p05": 551.8305532597005,
  "summary_gm_p95": 998.3421984575689,
  "summary_gm_stdv": 128.52180899114853,
  "summary_wm_k": -0.5312210060009419,
  "summary_wm_mad": 53.28902032486151,
  "summary_wm_mean": 951.9682188700536,
  "summary_wm_median": 972.1851631365716,
  "summary_wm_n": 477259.81388025585,
  "summary_wm_p05": 813.3778809104115,
  "summary_wm_p95": 1036.86395910196,
  "summary_wm_stdv": 69.92559028530306,
  "tpm_overlap_csf": 0.17396528803776592,
  "tpm_overlap_gm": 0.5005911776446187,
  "tpm_overlap_wm": 0.5332338586169222,
  "wm2max": 0.8302950846352054
}