{
  "bids_meta": {
    "InstitutionName": "HH",
    "dataset": "<unset>",
    "modality": "T1w",
    "subject_id": "0974"
  },
  "cjv": 0.8066281356388467,
  "cnr": 1.1265999747584343,
  "efc": 0.5818144598309021,
  "fber": -1.0,
  "fwhm_avg": 4.715551882965956,
  "fwhm_x": 4.085492342559665,
  "fwhm_y": 5.378955008651416,
  "fwhm_z": 4.6822082976867865,
  "icvs_csf": 0.2675057458668609,
  "icvs_gm": 0.35533080547091517,
  "icvs_wm": 0.377163448662224,
  "inu_med": 0.43590056896209717,
  "inu_range": 0.2068435624241829,
  "provenance": {
    "md5sum": "f08d7cc2af0fe161da97875dd87b6666",
    "settings": {
      "testing": false
    },
    "software": "mriqc",
    "version": "23.1.0",
    "warnings": {
      "large_rot_frame": true,
      "small_air_mask": false
    }
  },
  "qi_1": 0.0,
  "qi_2": 0.0011172343143789206,
  "rpve_csf": 7.764982879558035,
  "rpve_gm": 7.6311680569759455,
  "rpve_wm": 7.697775988791,
  "size_x": 150,
  "size_y": 256,
  "size_z": 256,
  "snr_csf": 2.150732287790446,
  "snr_gm": 6.067523015678866,
  "snr_total": 7.578014978414905,
  "snr_wm": 14.515789631775402,
  "snrd_csf": 46.41877353373236,
  "snrd_gm": 89.4973117691137,
  "snrd_total": 81.34814249301313,
  "snrd_wm": 108.12834217619333,
  "spacing_x": 1.2000046968460083,
  "spacing_y": 0.9374999403953552,
  "spacing_z": 0.9374999403953552,
  "summary_bg_k": 35.32125147505928,
  "summary_bg_mad": 0.0,
  "summary_bg_mean": 1.9716814074676512,
  "summary_bg_median": 0.0,
  "summary_bg_n": 2735923.0,
  "summary_bg_p05": 0.0,
  "summary_bg_p95": 12.957207448780537,
  "summary_bg_stdv": 5.818868941874188,
  "summary_csf_k": -0.5012952002185163,
  "summary_csf_mad": 151.20203010377188,
  "summary_csf_mean": 418.3459163463887,
  "summary_csf_median": 412.2878222540021,
  "summary_csf_n": 335524.9672315811,
  "summary_csf_p05": 90.27013897895813,
  "summary_csf_p95": 758.1161671876907,
  "summary_csf_stdv": 191.69620049966431,
  "summary_gm_k": 0.13992221046493425,
  "summary_gm_mad": 73.79339584530076,
  "summary_gm_mean": 787.7054482165238,
  "summary_gm_median": 794.9079425819218,
  "summary_gm_n": 445681.48050673195,
  "summary_gm_p05": 555.1278859190643,
  "summary_gm_p95": 1000.6215405464172,
  "summary_gm_stdv": 131.01014182196602,
  "summary_wm_k": -0.605664342899467,
  "summary_wm_mad": 59.68687733116546,
  "summary_wm_mean": 949.0638752779129,
  "summary_wm_median": 960.3872598521411,
  "summary_wm_n": 473065.55357628234,
  "summary_wm_p05": 826.7272103205323,
  "summary_wm_p95": 1040.210351496935,
  "summary_wm_stdv": 66.16148822393075,
  "tpm_overlap_csf": 0.18504594651797773,
  "tpm_overlap_gm": 0.5062153483311529,
  "tpm_overlap_wm": 0.5369409552516488,
  "wm2max": 0.7722339406534012
}