{
  "bids_meta": {
    "InstitutionName": "HH",
    "dataset": "<unset>",
    "modality": "T1w",
    "subject_id": "0460"
  },
  "cjv": 0.8807956457178387,
  "cnr": 0.9031145255554736,
  "efc": 0.56728254127762,
  "fber": -1.0,
  "fwhm_avg": 4.899890731566816,
  "fwhm_x": 4.365475166618155,
  "fwhm_y": 5.533013333333333,
  "fwhm_z": 4.8011836947489615,
  "icvs_csf": 0.2561427777385582,
  "icvs_gm": 0.3368398894277868,
  "icvs_wm": 0.40701733283365504,
  "inu_med": 0.4594939649105072,
  "inu_range": 0.2608475103974342,
  "provenance": {
    "md5sum": "ac4ce2f472dea693bcfc3388879fb8ef",
    "settings": {
      "testing": false
    },
    "software": "mriqc",
    "version": "23.1.0",
    "warnings": {
      "large_rot_frame": true,
      "small_air_mask": false
    }
  },
  "qi_1": 0.0,
  "qi_2": 0.003091055483692897,
  "rpve_csf": 7.151554357673682,
  "rpve_gm": 7.015745909529245,
  "rpve_wm": 7.100661653439046,
  "size_x": 150,
  "size_y": 256,
  "size_z": 256,
  "snr_csf": 2.467446002226402,
  "snr_gm": 4.514955051823673,
  "snr_total": 7.246794566094402,
  "snr_wm": 14.757982644233131,
  "snrd_csf": 53.905846441340934,
  "snrd_gm": 105.50042860850917,
  "snrd_total": 95.80821170828688,
  "snrd_wm": 128.01836007501052,
  "spacing_x": 1.1999976634979248,
  "spacing_y": 0.9375,
  "spacing_z": 0.9375000596046448,
  "summary_bg_k": 38.016506750511034,
  "summary_bg_mad": 0.0,
  "summary_bg_mean": 1.7642707557304287,
  "summary_bg_median": 0.0,
  "summary_bg_n": 2770794.0,
  "summary_bg_p05": 0.0,
  "summary_bg_p95": 11.262185826897621,
  "summary_bg_stdv": 4.9738924921456755,
  "summary_csf_k": 0.6862328608535222,
  "summary_csf_mad": 120.76095642978112,
  "summary_csf_mean": 436.3998633992436,
  "summary_csf_median": 409.26116286218166,
  "summary_csf_n": 347703.57567450753,
  "summary_csf_p05": 193.3555685132742,
  "summary_csf_p95": 749.2303805798292,
  "summary_csf_stdv": 165.8640448351325,
  "summary_gm_k": 1.6718789819850768,
  "summary_gm_mad": 84.32347729285819,
  "summary_gm_mean": 774.2444722513646,
  "summary_gm_median": 800.974865347147,
  "summary_gm_n": 457246.6770989367,
  "summary_gm_p05": 424.11493414640427,
  "summary_gm_p95": 1030.4258677065372,
  "summary_gm_stdv": 177.40464307740916,
  "summary_wm_k": -0.7676862109034333,
  "summary_wm_mad": 66.25687751202479,
  "summary_wm_mean": 963.3297083725174,
  "summary_wm_median": 971.9343331158161,
  "summary_wm_n": 552509.7495905668,
  "summary_wm_p05": 845.9466461092234,
  "summary_wm_p95": 1058.0810757279396,
  "summary_wm_stdv": 65.85815127870153,
  "tpm_overlap_csf": 0.1817642215978108,
  "tpm_overlap_gm": 0.4601093038887824,
  "tpm_overlap_wm": 0.4849326040660227,
  "wm2max": 0.7276142264886643
}