{
  "bids_meta": {
    "InstitutionName": "HH",
    "dataset": "<unset>",
    "modality": "T1w",
    "subject_id": "0870"
  },
  "cjv": 0.7782716377958706,
  "cnr": 1.1883648605780097,
  "efc": 0.5506132863487369,
  "fber": -1.0,
  "fwhm_avg": 4.676283085143029,
  "fwhm_x": 4.092144959750359,
  "fwhm_y": 5.28608,
  "fwhm_z": 4.65062429567873,
  "icvs_csf": 0.2688676220248725,
  "icvs_gm": 0.3610653223888179,
  "icvs_wm": 0.37006705558630965,
  "inu_med": 0.3871717154979706,
  "inu_range": 0.15067653656005847,
  "provenance": {
    "md5sum": "035a3c296718d5772c374aa2ae0d6dfe",
    "settings": {
      "testing": false
    },
    "software": "mriqc",
    "version": "23.1.0",
    "warnings": {
      "large_rot_frame": true,
      "small_air_mask": false
    }
  },
  "qi_1": 0.0,
  "qi_2": 0.0022717720629291597,
  "rpve_csf": 7.484417562570149,
  "rpve_gm": 7.346780919815911,
  "rpve_wm": 7.415100217010841,
  "size_x": 150,
  "size_y": 256,
  "size_z": 256,
  "snr_csf": 2.5872775766061236,
  "snr_gm": 6.427484507054159,
  "snr_total": 7.560808668912991,
  "snr_wm": 13.66766392307869,
  "snrd_csf": 47.3152152428586,
  "snrd_gm": 86.51171509358478,
  "snrd_total": 79.58987261494887,
  "snrd_wm": 104.94268750840324,
  "spacing_x": 1.1999965906143188,
  "spacing_y": 0.9375,
  "spacing_z": 0.9374999403953552,
  "summary_bg_k": 31.904601889181748,
  "summary_bg_mad": 0.0,
  "summary_bg_mean": 2.1251217107355975,
  "summary_bg_median": 0.0,
  "summary_bg_n": 3274422.0,
  "summary_bg_p05": 0.0,
  "summary_bg_p95": 14.153315775096416,
  "summary_bg_stdv": 6.008081984247994,
  "summary_csf_k": 0.32293288709334567,
  "summary_csf_mad": 134.35272791560334,
  "summary_csf_mean": 455.94138232652574,
  "summary_csf_median": 433.91527669876814,
  "summary_csf_n": 349726.6021022204,
  "summary_csf_p05": 194.74579337239265,
  "summary_csf_p95": 759.3457472026348,
  "summary_csf_stdv": 167.71090209190433,
  "summary_gm_k": -0.0418272228493648,
  "summary_gm_mad": 71.01095555792988,
  "summary_gm_mean": 791.2839165606871,
  "summary_gm_median": 793.3759700730443,
  "summary_gm_n": 469651.74677783495,
  "summary_gm_p05": 578.537736877799,
  "summary_gm_p95": 999.1139325499535,
  "summary_gm_stdv": 123.43477834276014,
  "summary_wm_k": -0.5801091759250712,
  "summary_wm_mad": 60.53683961313522,
  "summary_wm_mean": 948.7072820359454,
  "summary_wm_median": 962.4015246257186,
  "summary_wm_n": 481360.6522253578,
  "summary_wm_p05": 817.7072202041745,
  "summary_wm_p95": 1044.5673899799585,
  "summary_wm_stdv": 70.41441246827041,
  "tpm_overlap_csf": 0.1979729221355464,
  "tpm_overlap_gm": 0.5086953360560588,
  "tpm_overlap_wm": 0.540409110396393,
  "wm2max": 0.7565323795180723
}