{
  "bids_meta": {
    "InstitutionName": "HH",
    "dataset": "<unset>",
    "modality": "T1w",
    "subject_id": "0514"
  },
  "cjv": 0.699905428753289,
  "cnr": 1.4497808340931782,
  "efc": 0.6531810695696761,
  "fber": -1.0,
  "fwhm_avg": 5.33748655732657,
  "fwhm_x": 4.529121005313044,
  "fwhm_y": 6.300853333333333,
  "fwhm_z": 5.182485333333333,
  "icvs_csf": 0.26363109318977607,
  "icvs_gm": 0.3727054040546264,
  "icvs_wm": 0.36366350275559756,
  "inu_med": 0.35932478308677673,
  "inu_range": 0.17280179262161255,
  "provenance": {
    "md5sum": "5ec8c094de8f8e06b455c47291d32def",
    "settings": {
      "testing": false
    },
    "software": "mriqc",
    "version": "23.1.0",
    "warnings": {
      "large_rot_frame": true,
      "small_air_mask": false
    }
  },
  "qi_1": 0.0,
  "qi_2": 0.002368090285707565,
  "rpve_csf": 6.461418055312574,
  "rpve_gm": 6.355574322346198,
  "rpve_wm": 6.4220589190769575,
  "size_x": 150,
  "size_y": 256,
  "size_z": 256,
  "snr_csf": 2.337220269623761,
  "snr_gm": 7.7116270601690635,
  "snr_total": 9.010778387790586,
  "snr_wm": 16.98348783357893,
  "snrd_csf": 66.78603685838023,
  "snrd_gm": 114.56083920232155,
  "snrd_total": 106.84097626854464,
  "snrd_wm": 139.17605274493212,
  "spacing_x": 1.2000032663345337,
  "spacing_y": 0.9375,
  "spacing_z": 0.9375,
  "summary_bg_k": 64.22117521692189,
  "summary_bg_mad": 0.0,
  "summary_bg_mean": 1.1692699687334784,
  "summary_bg_median": 0.0,
  "summary_bg_n": 2978494.0,
  "summary_bg_p05": 0.0,
  "summary_bg_p95": 8.609060123562813,
  "summary_bg_stdv": 4.559119515972562,
  "summary_csf_k": -0.3338547629654456,
  "summary_csf_mad": 162.0385887774902,
  "summary_csf_mean": 473.57588584081805,
  "summary_csf_median": 464.76661048829556,
  "summary_csf_n": 396470.3196589055,
  "summary_csf_p05": 134.85074803233147,
  "summary_csf_p95": 805.2782392501831,
  "summary_csf_stdv": 198.8541817807986,
  "summary_gm_k": -0.4226738112706112,
  "summary_gm_mad": 72.03735286539678,
  "summary_gm_mean": 799.5717883305734,
  "summary_gm_median": 797.2333055734634,
  "summary_gm_n": 560505.3216456859,
  "summary_gm_p05": 628.4859162569046,
  "summary_gm_p95": 982.929015532136,
  "summary_gm_stdv": 103.38059506497345,
  "summary_wm_k": -0.367245611304996,
  "summary_wm_mad": 47.855202610228254,
  "summary_wm_mean": 959.3789566622899,
  "summary_wm_median": 968.5315275192261,
  "summary_wm_n": 546907.3599827585,
  "summary_wm_p05": 850.0649736821651,
  "summary_wm_p95": 1037.3058995604515,
  "summary_wm_stdv": 57.02778201670361,
  "tpm_overlap_csf": 0.1867836152249776,
  "tpm_overlap_gm": 0.5154813353433112,
  "tpm_overlap_wm": 0.5419507957661054,
  "wm2max": 0.7419767004885381
}