{
  "bids_meta": {
    "InstitutionName": "HH",
    "dataset": "<unset>",
    "modality": "T1w",
    "subject_id": "0439"
  },
  "cjv": 0.6446271553931264,
  "cnr": 1.5454253422173678,
  "efc": 0.6050355513755841,
  "fber": -1.0,
  "fwhm_avg": 4.907445482357832,
  "fwhm_x": 4.237269780406826,
  "fwhm_y": 5.655018666666667,
  "fwhm_z": 4.830048000000001,
  "icvs_csf": 0.25783799323087486,
  "icvs_gm": 0.38306705937448005,
  "icvs_wm": 0.3590949473946451,
  "inu_med": 0.3855724632740021,
  "inu_range": 0.19245767593383784,
  "provenance": {
    "md5sum": "2eab97f4948cc5023bcf427fc05a2785",
    "settings": {
      "testing": false
    },
    "software": "mriqc",
    "version": "23.1.0",
    "warnings": {
      "large_rot_frame": true,
      "small_air_mask": false
    }
  },
  "qi_1": 0.0,
  "qi_2": 0.0011034901548234864,
  "rpve_csf": 7.348165304719085,
  "rpve_gm": 7.246499081926374,
  "rpve_wm": 7.320270862381696,
  "size_x": 150,
  "size_y": 256,
  "size_z": 256,
  "snr_csf": 2.2235942906875135,
  "snr_gm": 7.860548582766405,
  "snr_total": 8.590246517575833,
  "snr_wm": 15.686596679273578,
  "snrd_csf": 83.17273389518265,
  "snrd_gm": 132.98460892909793,
  "snrd_total": 126.62638572443946,
  "snrd_wm": 163.7218143490378,
  "spacing_x": 1.2000014781951904,
  "spacing_y": 0.9375,
  "spacing_z": 0.9375,
  "summary_bg_k": 44.515492695428115,
  "summary_bg_mad": 0.0,
  "summary_bg_mean": 1.1738595271597585,
  "summary_bg_median": 0.0,
  "summary_bg_n": 2628669.0,
  "summary_bg_p05": 0.0,
  "summary_bg_p95": 8.800771608948708,
  "summary_bg_stdv": 3.8828146499145473,
  "summary_csf_k": -0.5151803136535262,
  "summary_csf_mad": 155.11044983914383,
  "summary_csf_mean": 485.086528163788,
  "summary_csf_median": 492.9420951753855,
  "summary_csf_n": 340855.8968503517,
  "summary_csf_p05": 81.62962879985571,
  "summary_csf_p95": 826.9511547498405,
  "summary_csf_stdv": 221.68674121207346,
  "summary_gm_k": -0.5385593665344128,
  "summary_gm_mad": 69.23526459029837,
  "summary_gm_mean": 789.6245377985699,
  "summary_gm_median": 788.1634843721986,
  "summary_gm_n": 506405.84205912176,
  "summary_gm_p05": 622.1848872303963,
  "summary_gm_p95": 972.9796881601214,
  "summary_gm_stdv": 100.26815531759199,
  "summary_wm_k": -0.49591300455373766,
  "summary_wm_mad": 48.19712701759786,
  "summary_wm_mean": 956.118282100485,
  "summary_wm_median": 970.3345124237239,
  "summary_wm_n": 474715.26137357036,
  "summary_wm_p05": 834.0214375592768,
  "summary_wm_p95": 1035.475055091083,
  "summary_wm_stdv": 61.85748956546274,
  "tpm_overlap_csf": 0.20282496811383566,
  "tpm_overlap_gm": 0.5266073897694649,
  "tpm_overlap_wm": 0.5468927427164191,
  "wm2max": 0.7498719853072424
}