{
  "bids_meta": {
    "InstitutionName": "HH",
    "dataset": "<unset>",
    "modality": "T1w",
    "subject_id": "0724"
  },
  "cjv": 0.739269033843665,
  "cnr": 1.334334869052312,
  "efc": 0.6019778455088363,
  "fber": -1.0,
  "fwhm_avg": 5.080364627437315,
  "fwhm_x": 4.394715182309188,
  "fwhm_y": 5.685355028131805,
  "fwhm_z": 5.161023671870952,
  "icvs_csf": 0.26610877509416203,
  "icvs_gm": 0.364912475768874,
  "icvs_wm": 0.36897874913696393,
  "inu_med": 0.34817183017730713,
  "inu_range": 0.13657310009002688,
  "provenance": {
    "md5sum": "31fccba269dae3560c3f5a6826b7fab0",
    "settings": {
      "testing": false
    },
    "software": "mriqc",
    "version": "23.1.0",
    "warnings": {
      "large_rot_frame": true,
      "small_air_mask": false
    }
  },
  "qi_1": 0.0,
  "qi_2": 0.0017912937619402416,
  "rpve_csf": 6.315877175800754,
  "rpve_gm": 6.2045557977794115,
  "rpve_wm": 6.273374730217272,
  "size_x": 150,
  "size_y": 256,
  "size_z": 256,
  "snr_csf": 2.2612306976327314,
  "snr_gm": 7.206368780767337,
  "snr_total": 8.767259928224226,
  "snr_wm": 16.834180306272607,
  "snrd_csf": 41.894574159982334,
  "snrd_gm": 72.91221080953736,
  "snrd_total": 67.64834625713245,
  "snrd_wm": 88.13825380187765,
  "spacing_x": 1.2000004053115845,
  "spacing_y": 0.9374999403953552,
  "spacing_z": 0.9375000596046448,
  "summary_bg_k": 22.887859241134894,
  "summary_bg_mad": 0.0,
  "summary_bg_mean": 2.4771862244878915,
  "summary_bg_median": 0.0,
  "summary_bg_n": 3256898.0,
  "summary_bg_p05": 0.0,
  "summary_bg_p95": 17.741009280085564,
  "summary_bg_stdv": 7.214239004990015,
  "summary_csf_k": -0.40938837656879645,
  "summary_csf_mad": 164.49508641782526,
  "summary_csf_mean": 468.3872998843611,
  "summary_csf_median": 461.3351830281317,
  "summary_csf_n": 409103.12396281096,
  "summary_csf_p05": 118.30403597652912,
  "summary_csf_p95": 809.6748445145786,
  "summary_csf_stdv": 204.0192624633472,
  "summary_gm_k": -0.23982107381382578,
  "summary_gm_mad": 73.69570669464707,
  "summary_gm_mean": 803.541209933054,
  "summary_gm_median": 802.8955728337169,
  "summary_gm_n": 560999.2896973243,
  "summary_gm_p05": 614.6156647615135,
  "summary_gm_p95": 994.990257512778,
  "summary_gm_stdv": 111.41462249088467,
  "summary_wm_k": -0.43479989068949587,
  "summary_wm_mad": 50.254816169488876,
  "summary_wm_mean": 962.4869907208993,
  "summary_wm_median": 970.5618988797069,
  "summary_wm_n": 567250.5872623285,
  "summary_wm_p05": 854.1652512066066,
  "summary_wm_p95": 1043.9159165248275,
  "summary_wm_stdv": 57.65419080257128,
  "tpm_overlap_csf": 0.18626023652057785,
  "tpm_overlap_gm": 0.5140554648644027,
  "tpm_overlap_wm": 0.5406284260843295,
  "wm2max": 0.7813731475828384
}