{
  "bids_meta": {
    "InstitutionName": "HH",
    "dataset": "<unset>",
    "modality": "T1w",
    "subject_id": "0488"
  },
  "cjv": 0.659440195701853,
  "cnr": 1.4696281896245391,
  "efc": 0.6104840763978227,
  "fber": -1.0,
  "fwhm_avg": 5.266769821503921,
  "fwhm_x": 4.539701839237761,
  "fwhm_y": 5.89393029194067,
  "fwhm_z": 5.366677333333333,
  "icvs_csf": 0.2737138715650394,
  "icvs_gm": 0.37243233278016025,
  "icvs_wm": 0.3538537956548002,
  "inu_med": 0.40055517852306366,
  "inu_range": 0.18145799338817592,
  "provenance": {
    "md5sum": "94b7ca7540d57611188bde1bd91229e8",
    "settings": {
      "testing": false
    },
    "software": "mriqc",
    "version": "23.1.0",
    "warnings": {
      "large_rot_frame": true,
      "small_air_mask": false
    }
  },
  "qi_1": 0.0,
  "qi_2": 0.0015297635755130593,
  "rpve_csf": 6.816986720647897,
  "rpve_gm": 6.697415740338008,
  "rpve_wm": 6.751810983322817,
  "size_x": 150,
  "size_y": 256,
  "size_z": 256,
  "snr_csf": 2.0820124208042308,
  "snr_gm": 7.355936042123076,
  "snr_total": 7.7034983146331255,
  "snr_wm": 13.672546480972066,
  "snrd_csf": 79.11228486428813,
  "snrd_gm": 156.40589651330524,
  "snrd_total": 143.1674326011296,
  "snrd_wm": 193.98411642579546,
  "spacing_x": 1.2000017166137695,
  "spacing_y": 0.9375000596046448,
  "spacing_z": 0.9375,
  "summary_bg_k": 22.975573823404137,
  "summary_bg_mad": 0.0,
  "summary_bg_mean": 1.022889891722566,
  "summary_bg_median": 0.0,
  "summary_bg_n": 2673806.0,
  "summary_bg_p05": 0.0,
  "summary_bg_p95": 7.638287162408233,
  "summary_bg_stdv": 3.236118794210586,
  "summary_csf_k": -0.5240698712754384,
  "summary_csf_mad": 163.17481129740906,
  "summary_csf_mean": 404.8525657344648,
  "summary_csf_median": 390.7838915716857,
  "summary_csf_n": 391330.91206968616,
  "summary_csf_p05": 84.24916735850275,
  "summary_csf_p95": 739.5458033215255,
  "summary_csf_stdv": 187.69503407637683,
  "summary_gm_k": -0.34014764558177735,
  "summary_gm_mad": 67.64300754218263,
  "summary_gm_mean": 776.1993468681924,
  "summary_gm_median": 772.5842454060912,
  "summary_gm_n": 532469.4858823386,
  "summary_gm_p05": 601.0305958241224,
  "summary_gm_p95": 971.1797116287053,
  "summary_gm_stdv": 105.02858038852368,
  "summary_wm_k": -0.6412119701641092,
  "summary_wm_mad": 54.763454381976935,
  "summary_wm_mean": 939.3858163231075,
  "summary_wm_median": 958.2060238812119,
  "summary_wm_n": 505907.6027135489,
  "summary_wm_p05": 800.8345074784011,
  "summary_wm_p95": 1025.2405440527946,
  "summary_wm_stdv": 70.08241502030671,
  "tpm_overlap_csf": 0.1748735565999335,
  "tpm_overlap_gm": 0.5173191239619586,
  "tpm_overlap_wm": 0.5523780263199735,
  "wm2max": 0.7899376473690757
}