{
  "bids_meta": {
    "InstitutionName": "HH",
    "dataset": "<unset>",
    "modality": "T1w",
    "subject_id": "0004"
  },
  "cjv": 0.7456791046306707,
  "cnr": 1.440570796720656,
  "efc": 0.6466036290155205,
  "fber": -1.0,
  "fwhm_avg": 5.152780130380306,
  "fwhm_x": 4.426159057807584,
  "fwhm_y": 5.761077333333334,
  "fwhm_z": 5.271103999999999,
  "icvs_csf": 0.23993796378573115,
  "icvs_gm": 0.386024372051002,
  "icvs_wm": 0.3740376641632668,
  "inu_med": 0.3326801359653473,
  "inu_range": 0.15432049334049225,
  "provenance": {
    "md5sum": "ef655a1646f27fa4fca5f98005d946c3",
    "settings": {
      "testing": false
    },
    "software": "mriqc",
    "version": "23.1.0",
    "warnings": {
      "large_rot_frame": true,
      "small_air_mask": false
    }
  },
  "qi_1": 0.0,
  "qi_2": 0.0010611109524252583,
  "rpve_csf": 5.965060571207292,
  "rpve_gm": 5.86720441199756,
  "rpve_wm": 5.940069071812846,
  "size_x": 150,
  "size_y": 256,
  "size_z": 256,
  "snr_csf": 2.3497660898391484,
  "snr_gm": 8.361075663529737,
  "snr_total": 9.498277398051195,
  "snr_wm": 17.7839904407847,
  "snrd_csf": 66.48679065666772,
  "snrd_gm": 95.58136916764059,
  "snrd_total": 92.19123053784942,
  "snrd_wm": 114.50553178923992,
  "spacing_x": 1.1999975442886353,
  "spacing_y": 0.9375,
  "spacing_z": 0.9375,
  "summary_bg_k": 3525.370303284975,
  "summary_bg_mad": 0.0,
  "summary_bg_mean": 1.0782519495963123,
  "summary_bg_median": 0.0,
  "summary_bg_n": 2870764.0,
  "summary_bg_p05": 0.0,
  "summary_bg_p95": 7.925721600651741,
  "summary_bg_stdv": 5.509603590670803,
  "summary_csf_k": -0.31879888513651844,
  "summary_csf_mad": 144.6992317623445,
  "summary_csf_mean": 536.7909781585781,
  "summary_csf_median": 559.1444171536714,
  "summary_csf_n": 389028.45647748467,
  "summary_csf_p05": 96.20098622329533,
  "summary_csf_p95": 895.3017054274678,
  "summary_csf_stdv": 237.95717409022296,
  "summary_gm_k": -0.716590687746153,
  "summary_gm_mad": 71.14441665774825,
  "summary_gm_mean": 806.3987183011823,
  "summary_gm_median": 803.8256686199456,
  "summary_gm_n": 625888.722452442,
  "summary_gm_p05": 650.3410214688629,
  "summary_gm_p95": 975.1939952801913,
  "summary_gm_stdv": 96.13894896065496,
  "summary_wm_k": -0.2606579161643574,
  "summary_wm_mad": 47.53004437378417,
  "summary_wm_mean": 957.9019569390365,
  "summary_wm_median": 962.9751744791865,
  "summary_wm_n": 606453.8218879928,
  "summary_wm_p05": 859.4581375475973,
  "summary_wm_p95": 1038.1933208238333,
  "summary_wm_stdv": 54.14838608611864,
  "tpm_overlap_csf": 0.21576199319075626,
  "tpm_overlap_gm": 0.5261246194491493,
  "tpm_overlap_wm": 0.5416698324239916,
  "wm2max": 0.7060295919858391
}