{
  "bids_meta": {
    "InstitutionName": "HH",
    "dataset": "<unset>",
    "modality": "T1w",
    "subject_id": "0440"
  },
  "cjv": 0.6367955207761274,
  "cnr": 1.5589966672487283,
  "efc": 0.5516248861184645,
  "fber": -1.0,
  "fwhm_avg": 4.872650780747076,
  "fwhm_x": 4.272149675574563,
  "fwhm_y": 5.485546666666666,
  "fwhm_z": 4.860256000000001,
  "icvs_csf": 0.2696435894121722,
  "icvs_gm": 0.37528048000114544,
  "icvs_wm": 0.35507593058668235,
  "inu_med": 0.37408798933029175,
  "inu_range": 0.14453035295009609,
  "provenance": {
    "md5sum": "83c0e3fdf4a44bd807b8e1caf0d88a90",
    "settings": {
      "testing": false
    },
    "software": "mriqc",
    "version": "23.1.0",
    "warnings": {
      "large_rot_frame": true,
      "small_air_mask": false
    }
  },
  "qi_1": 0.0,
  "qi_2": 0.002466754759256469,
  "rpve_csf": 7.525592290804445,
  "rpve_gm": 7.416564446350264,
  "rpve_wm": 7.477427379115739,
  "size_x": 150,
  "size_y": 256,
  "size_z": 256,
  "snr_csf": 2.130338723916265,
  "snr_gm": 7.436035965679529,
  "snr_total": 8.052076488679468,
  "snr_wm": 14.58985477644261,
  "snrd_csf": 78.93981826777252,
  "snrd_gm": 146.5810965457428,
  "snrd_total": 136.18089831470505,
  "snrd_wm": 183.0217801305998,
  "spacing_x": 1.2000024318695068,
  "spacing_y": 0.9375,
  "spacing_z": 0.9375,
  "summary_bg_k": 54.089929977052954,
  "summary_bg_mad": 0.0,
  "summary_bg_mean": 1.2141511554701405,
  "summary_bg_median": 0.0,
  "summary_bg_n": 3126064.0,
  "summary_bg_p05": 0.0,
  "summary_bg_p95": 7.921419385820627,
  "summary_bg_stdv": 3.4606246357519197,
  "summary_csf_k": -0.44287042646596175,
  "summary_csf_mad": 158.5817935769967,
  "summary_csf_mean": 427.90227280002233,
  "summary_csf_median": 416.9835164695978,
  "summary_csf_n": 349120.2286304162,
  "summary_csf_p05": 88.1767140775919,
  "summary_csf_p95": 762.7874216008931,
  "summary_csf_stdv": 195.73550186927994,
  "summary_gm_k": -0.4297404224708288,
  "summary_gm_mad": 70.86854592353302,
  "summary_gm_mean": 779.5529226209557,
  "summary_gm_median": 774.2847960237414,
  "summary_gm_n": 485893.2758763292,
  "summary_gm_p05": 608.0028868019581,
  "summary_gm_p95": 973.6782382782549,
  "summary_gm_stdv": 104.12590832437044,
  "summary_wm_k": -0.5217960033174291,
  "summary_wm_mad": 51.708536585305104,
  "summary_wm_mean": 949.6940241773443,
  "summary_wm_median": 966.7752870991826,
  "summary_wm_n": 459733.4961228801,
  "summary_wm_p05": 818.2599899284542,
  "summary_wm_p95": 1031.3914366606623,
  "summary_wm_stdv": 66.2634584415286,
  "tpm_overlap_csf": 0.1900974303261659,
  "tpm_overlap_gm": 0.5351845485827518,
  "tpm_overlap_wm": 0.556597697504624,
  "wm2max": 0.8451083193194183
}