{
  "bids_meta": {
    "InstitutionName": "HH",
    "dataset": "<unset>",
    "modality": "T1w",
    "subject_id": "1051"
  },
  "cjv": 0.6609096462253856,
  "cnr": 1.4955806393867672,
  "efc": 0.5837041316013548,
  "fber": -1.0,
  "fwhm_avg": 4.8722632016044285,
  "fwhm_x": 4.203093604813286,
  "fwhm_y": 5.548789333333334,
  "fwhm_z": 4.864906666666667,
  "icvs_csf": 0.2658966005396631,
  "icvs_gm": 0.3730021120297188,
  "icvs_wm": 0.36110128743061815,
  "inu_med": 0.3826923966407776,
  "inu_range": 0.1849246621131897,
  "provenance": {
    "md5sum": "0cb9aad0b81348875e5e54b48b76a3c8",
    "settings": {
      "testing": false
    },
    "software": "mriqc",
    "version": "23.1.0",
    "warnings": {
      "large_rot_frame": true,
      "small_air_mask": false
    }
  },
  "qi_1": 0.0,
  "qi_2": 0.0008999720185986994,
  "rpve_csf": 7.001446877933747,
  "rpve_gm": 6.89393959282939,
  "rpve_wm": 6.9609863275127974,
  "size_x": 150,
  "size_y": 256,
  "size_z": 256,
  "snr_csf": 2.2935885155364226,
  "snr_gm": 7.258448348154547,
  "snr_total": 8.260899433750884,
  "snr_wm": 15.230661437561684,
  "snrd_csf": 67.21690454523763,
  "snrd_gm": 120.28527879039926,
  "snrd_total": 112.1964284024624,
  "snrd_wm": 149.0871018717503,
  "spacing_x": 1.199997067451477,
  "spacing_y": 0.9375,
  "spacing_z": 0.9375,
  "summary_bg_k": 399.88358275322395,
  "summary_bg_mad": 0.0,
  "summary_bg_mean": 1.3803330794941158,
  "summary_bg_median": 0.0,
  "summary_bg_n": 2355760.0,
  "summary_bg_p05": 0.0,
  "summary_bg_p95": 8.64063810557127,
  "summary_bg_stdv": 4.249472312709519,
  "summary_csf_k": -0.2867163602975835,
  "summary_csf_mad": 158.9466959351497,
  "summary_csf_mean": 449.93357956637186,
  "summary_csf_median": 435.9952748939395,
  "summary_csf_n": 369452.9567289705,
  "summary_csf_p05": 128.35409425199032,
  "summary_csf_p95": 774.998771622777,
  "summary_csf_stdv": 190.09280953622684,
  "summary_gm_k": -0.4489581576815702,
  "summary_gm_mad": 73.1410283935798,
  "summary_gm_mean": 782.4202535484832,
  "summary_gm_median": 780.2176185697317,
  "summary_gm_n": 518271.8879287592,
  "summary_gm_p05": 603.81074488163,
  "summary_gm_p95": 977.4752628430724,
  "summary_gm_stdv": 107.49086146724616,
  "summary_wm_k": -0.38429931068327194,
  "summary_wm_mad": 50.3300789195342,
  "summary_wm_mean": 953.0915161118967,
  "summary_wm_median": 967.037568949163,
  "summary_wm_n": 501736.1562694342,
  "summary_wm_p05": 828.5658044368029,
  "summary_wm_p95": 1034.9810480698943,
  "summary_wm_stdv": 63.492751724653054,
  "tpm_overlap_csf": 0.2025526423739586,
  "tpm_overlap_gm": 0.5204783885486771,
  "tpm_overlap_wm": 0.5582177191455284,
  "wm2max": 0.7242734704922276
}