{
  "bids_meta": {
    "InstitutionName": "HH",
    "dataset": "<unset>",
    "modality": "T1w",
    "subject_id": "0008"
  },
  "cjv": 0.8220658707380247,
  "cnr": 1.1414104473078877,
  "efc": 0.5278788206831405,
  "fber": -1.0,
  "fwhm_avg": 4.983263397453732,
  "fwhm_x": 4.34744352569453,
  "fwhm_y": 5.65456,
  "fwhm_z": 4.947786666666667,
  "icvs_csf": 0.2738895731661712,
  "icvs_gm": 0.35971868551367675,
  "icvs_wm": 0.366391741320152,
  "inu_med": 0.4270050525665283,
  "inu_range": 0.19514577388763427,
  "provenance": {
    "md5sum": "828dcabdcde0b7384c471fb4c47bad52",
    "settings": {
      "testing": false
    },
    "software": "mriqc",
    "version": "23.1.0",
    "warnings": {
      "large_rot_frame": true,
      "small_air_mask": false
    }
  },
  "qi_1": 0.0,
  "qi_2": 0.0019977817648049855,
  "rpve_csf": 7.39750607843718,
  "rpve_gm": 7.250168724580249,
  "rpve_wm": 7.303653508690311,
  "size_x": 150,
  "size_y": 256,
  "size_z": 256,
  "snr_csf": 2.2447872909470985,
  "snr_gm": 6.617625435183627,
  "snr_total": 7.27181642025766,
  "snr_wm": 12.953036534642255,
  "snrd_csf": 50.966144321227965,
  "snrd_gm": 103.53523809494,
  "snrd_total": 93.00293602643137,
  "snrd_wm": 124.50742566312614,
  "spacing_x": 1.1999971866607666,
  "spacing_y": 0.9375,
  "spacing_z": 0.9375,
  "summary_bg_k": 15.189599701827088,
  "summary_bg_mad": 0.0,
  "summary_bg_mean": 2.575296018992937,
  "summary_bg_median": 0.0,
  "summary_bg_n": 2775955.0,
  "summary_bg_p05": 0.0,
  "summary_bg_p95": 12.42417287826538,
  "summary_bg_stdv": 4.998347809363111,
  "summary_csf_k": -0.3533763825080838,
  "summary_csf_mad": 151.61441679407181,
  "summary_csf_mean": 401.9483609840025,
  "summary_csf_median": 388.8450036048889,
  "summary_csf_n": 361206.39110480156,
  "summary_csf_p05": 101.2412052154541,
  "summary_csf_p95": 711.1927218437195,
  "summary_csf_stdv": 173.22107395828382,
  "summary_gm_k": -0.2673673104275953,
  "summary_gm_mad": 67.22798081810365,
  "summary_gm_mean": 787.0538485776405,
  "summary_gm_median": 789.9196724891663,
  "summary_gm_n": 474398.0820639964,
  "summary_gm_p05": 580.5808691978455,
  "summary_gm_p95": 989.3385882377625,
  "summary_gm_stdv": 119.36590362754698,
  "summary_wm_k": -0.6742832588720726,
  "summary_wm_mad": 64.30815966729055,
  "summary_wm_mean": 935.8535653038498,
  "summary_wm_median": 949.9264860153198,
  "summary_wm_n": 483198.5280891377,
  "summary_wm_p05": 801.7603225708008,
  "summary_wm_p95": 1035.777277469635,
  "summary_wm_stdv": 73.3361247393657,
  "tpm_overlap_csf": 0.17060185220390528,
  "tpm_overlap_gm": 0.5149799586561287,
  "tpm_overlap_wm": 0.5443430207784754,
  "wm2max": 0.711737931134866
}