{
  "bids_meta": {
    "InstitutionName": "HH",
    "dataset": "<unset>",
    "modality": "T1w",
    "subject_id": "0178"
  },
  "cjv": 0.6364986777402397,
  "cnr": 1.6448510863082646,
  "efc": 0.6089937228903622,
  "fber": -1.0,
  "fwhm_avg": 5.10340373417871,
  "fwhm_x": 4.390285869202796,
  "fwhm_y": 5.922229333333333,
  "fwhm_z": 4.997696,
  "icvs_csf": 0.2545390275766521,
  "icvs_gm": 0.3903937560841497,
  "icvs_wm": 0.3550672163391981,
  "inu_med": 0.3778526484966278,
  "inu_range": 0.18141514211893084,
  "provenance": {
    "md5sum": "658ffaf87b640395fa4df76f431f3c81",
    "settings": {
      "testing": false
    },
    "software": "mriqc",
    "version": "23.1.0",
    "warnings": {
      "large_rot_frame": true,
      "small_air_mask": false
    }
  },
  "qi_1": 0.0,
  "qi_2": 0.0015965470730303357,
  "rpve_csf": 7.761216934704853,
  "rpve_gm": 7.660666833207784,
  "rpve_wm": 7.724763732036579,
  "size_x": 150,
  "size_y": 256,
  "size_z": 256,
  "snr_csf": 2.315707058261412,
  "snr_gm": 9.12165518331999,
  "snr_total": 8.659276886874279,
  "snr_wm": 14.540468419041433,
  "snrd_csf": 71.9993859479978,
  "snrd_gm": 115.1861733008238,
  "snrd_total": 109.53723674656739,
  "snrd_wm": 141.42615099088061,
  "spacing_x": 1.2000038623809814,
  "spacing_y": 0.9375,
  "spacing_z": 0.9375,
  "summary_bg_k": 45.41717092164209,
  "summary_bg_mad": 0.0,
  "summary_bg_mean": 1.3216458595001783,
  "summary_bg_median": 0.0,
  "summary_bg_n": 3151963.0,
  "summary_bg_p05": 0.0,
  "summary_bg_p95": 9.673611721023917,
  "summary_bg_stdv": 4.449900998969146,
  "summary_csf_k": -0.6076976799921985,
  "summary_csf_mad": 166.96964661391004,
  "summary_csf_mean": 486.77259895151104,
  "summary_csf_median": 489.0434105861932,
  "summary_csf_n": 319205.1768623234,
  "summary_csf_p05": 125.08980673737824,
  "summary_csf_p95": 815.8934532981366,
  "summary_csf_stdv": 211.18502135574008,
  "summary_gm_k": -0.5029305496960799,
  "summary_gm_mad": 62.466201809077305,
  "summary_gm_mean": 786.8726689246317,
  "summary_gm_median": 782.3822148162872,
  "summary_gm_n": 489574.0709909835,
  "summary_gm_p05": 648.414239231497,
  "summary_gm_p95": 946.9619113113731,
  "summary_gm_stdv": 85.7718692549125,
  "summary_wm_k": -0.48868912280552257,
  "summary_wm_mad": 50.9772901486989,
  "summary_wm_mean": 946.3586435988562,
  "summary_wm_median": 960.6127374004573,
  "summary_wm_n": 445272.7531358055,
  "summary_wm_p05": 816.7658745143563,
  "summary_wm_p95": 1031.894682655111,
  "summary_wm_stdv": 66.0646982639764,
  "tpm_overlap_csf": 0.18439383909089718,
  "tpm_overlap_gm": 0.5489755029243861,
  "tpm_overlap_wm": 0.5557878157757831,
  "wm2max": 0.6925390566259155
}