{
  "bids_meta": {
    "InstitutionName": "HH",
    "dataset": "<unset>",
    "modality": "T1w",
    "subject_id": "0769"
  },
  "cjv": 0.6357133022448133,
  "cnr": 1.6354674366251167,
  "efc": 0.5828915606910867,
  "fber": -1.0,
  "fwhm_avg": 5.264666758090988,
  "fwhm_x": 4.476016274272962,
  "fwhm_y": 6.265312,
  "fwhm_z": 5.052672,
  "icvs_csf": 0.26228315707834077,
  "icvs_gm": 0.3812247915004988,
  "icvs_wm": 0.3564920514211604,
  "inu_med": 0.37505903840065,
  "inu_range": 0.1742633581161499,
  "provenance": {
    "md5sum": "2610b5cc8fa1d0b4f37652bbeff440ec",
    "settings": {
      "testing": false
    },
    "software": "mriqc",
    "version": "23.1.0",
    "warnings": {
      "large_rot_frame": true,
      "small_air_mask": false
    }
  },
  "qi_1": 0.0,
  "qi_2": 0.0009144826677216871,
  "rpve_csf": 7.8521766740854915,
  "rpve_gm": 7.755179846038163,
  "rpve_wm": 7.818125349099452,
  "size_x": 150,
  "size_y": 256,
  "size_z": 256,
  "snr_csf": 2.014674661761536,
  "snr_gm": 7.950497556133379,
  "snr_total": 8.598426555979303,
  "snr_wm": 15.830107450042995,
  "snrd_csf": 74.72525476027735,
  "snrd_gm": 132.91314803802197,
  "snrd_total": 124.26600623239376,
  "snrd_wm": 165.159615898882,
  "spacing_x": 1.1999956369400024,
  "spacing_y": 0.9375,
  "spacing_z": 0.9375,
  "summary_bg_k": 27.381297429863082,
  "summary_bg_mad": 0.0,
  "summary_bg_mean": 1.2769083548048055,
  "summary_bg_median": 0.0,
  "summary_bg_n": 2997915.0,
  "summary_bg_p05": 0.0,
  "summary_bg_p95": 9.51168686337769,
  "summary_bg_stdv": 3.8258647898709173,
  "summary_csf_k": -0.7287413397505231,
  "summary_csf_mad": 173.68507835933084,
  "summary_csf_mean": 437.2899904225972,
  "summary_csf_median": 436.3804561942816,
  "summary_csf_n": 325364.61691307626,
  "summary_csf_p05": 62.138392282649875,
  "summary_csf_p95": 789.4931524507701,
  "summary_csf_stdv": 216.6006223605433,
  "summary_gm_k": -0.5138572985254055,
  "summary_gm_mad": 70.13281315023158,
  "summary_gm_mean": 780.0274915058147,
  "summary_gm_median": 776.1860479582101,
  "summary_gm_n": 472912.7848925458,
  "summary_gm_p05": 618.7919302992523,
  "summary_gm_p95": 960.3563741352409,
  "summary_gm_stdv": 97.62725185859898,
  "summary_wm_k": -0.5985146786624087,
  "summary_wm_mad": 49.58019324955217,
  "summary_wm_mean": 950.743857933405,
  "summary_wm_median": 964.4989336207509,
  "summary_wm_n": 442231.5982286189,
  "summary_wm_p05": 830.9881756771356,
  "summary_wm_p95": 1028.0490361191332,
  "summary_wm_stdv": 60.92806673442799,
  "tpm_overlap_csf": 0.18238681463051704,
  "tpm_overlap_gm": 0.5313680919514361,
  "tpm_overlap_wm": 0.5530970990211879,
  "wm2max": 0.8163761018609207
}