{
  "bids_meta": {
    "InstitutionName": "HH",
    "dataset": "<unset>",
    "modality": "T1w",
    "subject_id": "0846"
  },
  "cjv": 0.7939702033948779,
  "cnr": 1.1304762756233666,
  "efc": 0.6584850859913985,
  "fber": -1.0,
  "fwhm_avg": 5.00249452394779,
  "fwhm_x": 4.358800905176704,
  "fwhm_y": 5.776885333333333,
  "fwhm_z": 4.871797333333333,
  "icvs_csf": 0.2596554717332094,
  "icvs_gm": 0.3543138751574441,
  "icvs_wm": 0.3860306531093465,
  "inu_med": 0.3987148106098175,
  "inu_range": 0.18539591580629344,
  "provenance": {
    "md5sum": "45593378385d1d7a059b5ecf6a7bf65e",
    "settings": {
      "testing": false
    },
    "software": "mriqc",
    "version": "23.1.0",
    "warnings": {
      "large_rot_frame": true,
      "small_air_mask": false
    }
  },
  "qi_1": 0.0,
  "qi_2": 0.0021736247608453536,
  "rpve_csf": 6.478398953019865,
  "rpve_gm": 6.3482669443131305,
  "rpve_wm": 6.424595747937871,
  "size_x": 150,
  "size_y": 256,
  "size_z": 256,
  "snr_csf": 2.426035327947563,
  "snr_gm": 5.7896081505980295,
  "snr_total": 7.805746190056721,
  "snr_wm": 15.201595091624574,
  "snrd_csf": 49.26421133839536,
  "snrd_gm": 90.37891618952038,
  "snrd_total": 83.16072723347156,
  "snrd_wm": 109.83905417249895,
  "spacing_x": 1.2000043392181396,
  "spacing_y": 0.9375,
  "spacing_z": 0.9375,
  "summary_bg_k": 1371.604290468812,
  "summary_bg_mad": 0.0,
  "summary_bg_mean": 1.4189827723111175,
  "summary_bg_median": 0.0,
  "summary_bg_n": 2681839.0,
  "summary_bg_p05": 0.0,
  "summary_bg_p95": 10.187537686899304,
  "summary_bg_stdv": 5.8313349314709795,
  "summary_csf_k": 0.10358737418775998,
  "summary_csf_mad": 141.6526688749201,
  "summary_csf_mean": 460.3711703644629,
  "summary_csf_median": 438.49817602708936,
  "summary_csf_n": 389016.8667894207,
  "summary_csf_p05": 173.8775229267776,
  "summary_csf_p95": 786.7383427228779,
  "summary_csf_stdv": 180.746589869242,
  "summary_gm_k": 0.2203472040975889,
  "summary_gm_mad": 79.07868126127954,
  "summary_gm_mean": 797.494036156773,
  "summary_gm_median": 804.4580198023468,
  "summary_gm_n": 530834.4655851832,
  "summary_gm_p05": 552.0164531096816,
  "summary_gm_p95": 1019.3665529116988,
  "summary_gm_stdv": 138.9484816842487,
  "summary_wm_k": -0.5907705598672583,
  "summary_wm_mad": 58.447814201730786,
  "summary_wm_mean": 966.6941019990267,
  "summary_wm_median": 977.671693155542,
  "summary_wm_n": 578352.6692307519,
  "summary_wm_p05": 846.8933271598071,
  "summary_wm_p95": 1055.316560588777,
  "summary_wm_stdv": 64.31370142681855,
  "tpm_overlap_csf": 0.20921610648609165,
  "tpm_overlap_gm": 0.4924384018624202,
  "tpm_overlap_wm": 0.5203676466627714,
  "wm2max": 0.6754239530635487
}