{
  "bids_meta": {
    "InstitutionName": "HH",
    "dataset": "<unset>",
    "modality": "T1w",
    "subject_id": "0966"
  },
  "cjv": 0.6349490645162672,
  "cnr": 1.5614835539162846,
  "efc": 0.49969136715050566,
  "fber": -1.0,
  "fwhm_avg": 4.932912080304512,
  "fwhm_x": 4.322149574246872,
  "fwhm_y": 5.556266666666667,
  "fwhm_z": 4.92032,
  "icvs_csf": 0.27170861142905667,
  "icvs_gm": 0.37454429361852903,
  "icvs_wm": 0.3537470949524143,
  "inu_med": 0.37276656925678253,
  "inu_range": 0.1413976475596428,
  "provenance": {
    "md5sum": "b8466021aea23282c821bcfb76cc471a",
    "settings": {
      "testing": false
    },
    "software": "mriqc",
    "version": "23.1.0",
    "warnings": {
      "large_rot_frame": true,
      "small_air_mask": false
    }
  },
  "qi_1": 0.0,
  "qi_2": 0.0006702587599083801,
  "rpve_csf": 7.475886099565889,
  "rpve_gm": 7.367331763184397,
  "rpve_wm": 7.426871305655386,
  "size_x": 150,
  "size_y": 256,
  "size_z": 256,
  "snr_csf": 2.0570400433447324,
  "snr_gm": 7.374571149351247,
  "snr_total": 7.995399300127116,
  "snr_wm": 14.55458670768537,
  "snrd_csf": 70.90719396487059,
  "snrd_gm": 134.50813805231184,
  "snrd_total": 124.55249724488817,
  "snrd_wm": 168.24215971748208,
  "spacing_x": 1.2000024318695068,
  "spacing_y": 0.9375,
  "spacing_z": 0.9375,
  "summary_bg_k": 46.56138953381774,
  "summary_bg_mad": 0.0,
  "summary_bg_mean": 1.3970062076679601,
  "summary_bg_median": 0.0,
  "summary_bg_n": 3126545.0,
  "summary_bg_p05": 0.0,
  "summary_bg_p95": 8.36314882338047,
  "summary_bg_stdv": 3.765572551624047,
  "summary_csf_k": -0.538932458369533,
  "summary_csf_mad": 160.8252159606839,
  "summary_csf_mean": 417.74498884634806,
  "summary_csf_median": 407.55815629661083,
  "summary_csf_n": 354187.390798403,
  "summary_csf_p05": 78.22003899514675,
  "summary_csf_p95": 758.3408183082938,
  "summary_csf_stdv": 198.12817075304216,
  "summary_gm_k": -0.4256111634777424,
  "summary_gm_mad": 71.4447207576322,
  "summary_gm_mean": 778.1933036370185,
  "summary_gm_median": 773.1216775923967,
  "summary_gm_n": 488239.4613753899,
  "summary_gm_p05": 605.076053507626,
  "summary_gm_p95": 973.6807198300958,
  "summary_gm_stdv": 104.83604675990497,
  "summary_wm_k": -0.5243080269746216,
  "summary_wm_mad": 51.66895466393029,
  "summary_wm_mean": 949.5793753780374,
  "summary_wm_median": 967.0170344039798,
  "summary_wm_n": 461129.1482619224,
  "summary_wm_p05": 817.6207849681377,
  "summary_wm_p95": 1031.0599708482623,
  "summary_wm_stdv": 66.44063519585325,
  "tpm_overlap_csf": 0.1852362392658318,
  "tpm_overlap_gm": 0.5339676343085898,
  "tpm_overlap_wm": 0.5555985118904843,
  "wm2max": 0.8486467014018217
}