{
  "bids_meta": {
    "InstitutionName": "HH",
    "dataset": "<unset>",
    "modality": "T1w",
    "subject_id": "0032"
  },
  "cjv": 0.7210901419995908,
  "cnr": 1.3894182703254778,
  "efc": 0.6737411394072286,
  "fber": -1.0,
  "fwhm_avg": 5.019596257304588,
  "fwhm_x": 4.428858105247096,
  "fwhm_y": 5.676618666666667,
  "fwhm_z": 4.9533119999999995,
  "icvs_csf": 0.2577503973410073,
  "icvs_gm": 0.3713891076709387,
  "icvs_wm": 0.3708604949880541,
  "inu_med": 0.33250345289707184,
  "inu_range": 0.14964066594839098,
  "provenance": {
    "md5sum": "74c2cbcd033a1c44a972d1a9c74802fa",
    "settings": {
      "testing": false
    },
    "software": "mriqc",
    "version": "23.1.0",
    "warnings": {
      "large_rot_frame": true,
      "small_air_mask": false
    }
  },
  "qi_1": 0.0,
  "qi_2": 0.0006416966103649205,
  "rpve_csf": 6.4201273961507574,
  "rpve_gm": 6.311037800160063,
  "rpve_wm": 6.381015085353407,
  "size_x": 150,
  "size_y": 256,
  "size_z": 256,
  "snr_csf": 2.6028788747934306,
  "snr_gm": 8.168579321918793,
  "snr_total": 9.434487523349063,
  "snr_wm": 17.532004373334964,
  "snrd_csf": 98.78536114719662,
  "snrd_gm": 157.10252363176346,
  "snrd_total": 147.86242077399285,
  "snrd_wm": 187.69937754301844,
  "spacing_x": 1.2000045776367188,
  "spacing_y": 0.9375,
  "spacing_z": 0.9375,
  "summary_bg_k": 262.19522859440485,
  "summary_bg_mad": 0.0,
  "summary_bg_mean": 0.9020375122632655,
  "summary_bg_median": 0.0,
  "summary_bg_n": 2993215.0,
  "summary_bg_p05": 0.0,
  "summary_bg_p95": 7.717263154685497,
  "summary_bg_stdv": 3.35850050941175,
  "summary_csf_k": -0.08767673583568092,
  "summary_csf_mad": 153.91545014609224,
  "summary_csf_mean": 509.71202700403927,
  "summary_csf_median": 506.4146729372442,
  "summary_csf_n": 389703.13606223185,
  "summary_csf_p05": 197.0605604276061,
  "summary_csf_p95": 824.9115303307772,
  "summary_csf_stdv": 194.55919677893507,
  "summary_gm_k": -0.42873498584970093,
  "summary_gm_mad": 66.13554498464902,
  "summary_gm_mean": 807.6517587150164,
  "summary_gm_median": 805.3725997321308,
  "summary_gm_n": 561518.0478935866,
  "summary_gm_p05": 642.6956417039037,
  "summary_gm_p95": 980.7314296960831,
  "summary_gm_stdv": 98.59387426551564,
  "summary_wm_k": -0.2245260467090855,
  "summary_wm_mad": 46.96899034997938,
  "summary_wm_mean": 954.9590605275629,
  "summary_wm_median": 962.2247444875538,
  "summary_wm_n": 560718.8172331975,
  "summary_wm_p05": 851.700755931437,
  "summary_wm_p95": 1031.827576506883,
  "summary_wm_stdv": 54.883849328875456,
  "tpm_overlap_csf": 0.20376550497916834,
  "tpm_overlap_gm": 0.5216970116239698,
  "tpm_overlap_wm": 0.5621239754467752,
  "wm2max": 0.6979409929583742
}