{
  "bids_meta": {
    "InstitutionName": "HH",
    "dataset": "<unset>",
    "modality": "T1w",
    "subject_id": "0922"
  },
  "cjv": 0.6272862197921992,
  "cnr": 1.660764801338808,
  "efc": 0.5419196176184445,
  "fber": -1.0,
  "fwhm_avg": 5.14821864398138,
  "fwhm_x": 4.367087931944139,
  "fwhm_y": 5.820042666666667,
  "fwhm_z": 5.257525333333334,
  "icvs_csf": 0.25611937389621187,
  "icvs_gm": 0.3850300066328787,
  "icvs_wm": 0.3588506194709095,
  "inu_med": 0.3407609164714813,
  "inu_range": 0.14939122796058657,
  "provenance": {
    "md5sum": "5515ab692fad98383623d3b6be063f2f",
    "settings": {
      "testing": false
    },
    "software": "mriqc",
    "version": "23.1.0",
    "warnings": {
      "large_rot_frame": true,
      "small_air_mask": false
    }
  },
  "qi_1": 0.0,
  "qi_2": 0.0004296929272042513,
  "rpve_csf": 6.663774304104304,
  "rpve_gm": 6.57504242202239,
  "rpve_wm": 6.640117612734564,
  "size_x": 150,
  "size_y": 256,
  "size_z": 256,
  "snr_csf": 2.185124897152247,
  "snr_gm": 8.76777592838968,
  "snr_total": 9.616008792431558,
  "snr_wm": 17.89512555175275,
  "snrd_csf": 91.59045149162068,
  "snrd_gm": 149.6984263373716,
  "snrd_total": 141.34868911239803,
  "snrd_wm": 182.75718950820178,
  "spacing_x": 1.1999987363815308,
  "spacing_y": 0.9375,
  "spacing_z": 0.9375,
  "summary_bg_k": 18.81083875434529,
  "summary_bg_mad": 0.0,
  "summary_bg_mean": 1.3133366777084035,
  "summary_bg_median": 0.0,
  "summary_bg_n": 2985839.0,
  "summary_bg_p05": 0.0,
  "summary_bg_p95": 8.87036207690835,
  "summary_bg_stdv": 3.4849990565084688,
  "summary_csf_k": -0.6108731389928796,
  "summary_csf_mad": 173.193642464236,
  "summary_csf_mean": 481.6280770621517,
  "summary_csf_median": 487.21554325707257,
  "summary_csf_n": 373450.9888104396,
  "summary_csf_p05": 86.2800245732069,
  "summary_csf_p95": 829.6939216963947,
  "summary_csf_stdv": 222.9688982887686,
  "summary_gm_k": -0.5477401372227275,
  "summary_gm_mad": 66.90592578182728,
  "summary_gm_mean": 799.2318727954638,
  "summary_gm_median": 796.3210020791739,
  "summary_gm_n": 561417.258332855,
  "summary_gm_p05": 650.178151467815,
  "summary_gm_p95": 967.0148821547627,
  "summary_gm_stdv": 90.82352233642106,
  "summary_wm_k": -0.4196823152150735,
  "summary_wm_mad": 43.40620748896205,
  "summary_wm_mean": 961.6687898794709,
  "summary_wm_median": 972.1771420519799,
  "summary_wm_n": 523244.7535615034,
  "summary_wm_p05": 854.9477940574288,
  "summary_wm_p95": 1034.3423844762146,
  "summary_wm_stdv": 54.32631418265797,
  "tpm_overlap_csf": 0.19655882931362476,
  "tpm_overlap_gm": 0.5335963658424784,
  "tpm_overlap_wm": 0.5534087168859424,
  "wm2max": 0.748977724667177
}