{
  "bids_meta": {
    "InstitutionName": "HH",
    "dataset": "<unset>",
    "modality": "T1w",
    "subject_id": "0752"
  },
  "cjv": 0.6638626820901583,
  "cnr": 1.526709500640744,
  "efc": 0.6455991510628547,
  "fber": -1.0,
  "fwhm_avg": 5.186648038596734,
  "fwhm_x": 4.427378782456868,
  "fwhm_y": 6.033418666666666,
  "fwhm_z": 5.099146666666667,
  "icvs_csf": 0.2608707976896629,
  "icvs_gm": 0.3804397460570933,
  "icvs_wm": 0.35868945625324383,
  "inu_med": 0.3584512174129486,
  "inu_range": 0.16023706197738646,
  "provenance": {
    "md5sum": "980a2846cf483257df9464343f4e5a94",
    "settings": {
      "testing": false
    },
    "software": "mriqc",
    "version": "23.1.0",
    "warnings": {
      "large_rot_frame": true,
      "small_air_mask": false
    }
  },
  "qi_1": 0.0,
  "qi_2": 0.002116327204637187,
  "rpve_csf": 6.881382688632185,
  "rpve_gm": 6.7778346957862246,
  "rpve_wm": 6.852992056044268,
  "size_x": 150,
  "size_y": 256,
  "size_z": 256,
  "snr_csf": 2.4645912395482577,
  "snr_gm": 7.946365316210322,
  "snr_total": 8.816089256013667,
  "snr_wm": 16.037311212282418,
  "snrd_csf": 75.90350607538268,
  "snrd_gm": 119.18888465458585,
  "snrd_total": 113.69564248456652,
  "snrd_wm": 145.99453672373102,
  "spacing_x": 1.1999989748001099,
  "spacing_y": 0.9375,
  "spacing_z": 0.9375,
  "summary_bg_k": 31.844507619275696,
  "summary_bg_mad": 0.0,
  "summary_bg_mean": 1.3677903853821802,
  "summary_bg_median": 0.0,
  "summary_bg_n": 2758917.0,
  "summary_bg_p05": 0.0,
  "summary_bg_p95": 10.255846934393048,
  "summary_bg_stdv": 4.341650289130936,
  "summary_csf_k": -0.27014909457378833,
  "summary_csf_mad": 149.9370390320749,
  "summary_csf_mean": 502.2700329584608,
  "summary_csf_median": 503.01964460872114,
  "summary_csf_n": 367922.52106151404,
  "summary_csf_p05": 142.30811163783073,
  "summary_csf_p95": 825.7164644245058,
  "summary_csf_stdv": 204.0983319838173,
  "summary_gm_k": -0.5279776817804089,
  "summary_gm_mad": 69.97061821496828,
  "summary_gm_mean": 792.0392830481665,
  "summary_gm_median": 789.8759029749781,
  "summary_gm_n": 536558.1418884678,
  "summary_gm_p05": 627.2317864950746,
  "summary_gm_p95": 973.1195578370243,
  "summary_gm_stdv": 99.40081225629582,
  "summary_wm_k": -0.4963944242232281,
  "summary_wm_mad": 47.960316719706036,
  "summary_wm_mean": 953.8333272449162,
  "summary_wm_median": 967.5194701105356,
  "summary_wm_n": 505882.33789153805,
  "summary_wm_p05": 836.6091840807348,
  "summary_wm_p95": 1032.2169541977346,
  "summary_wm_stdv": 60.329222338704895,
  "tpm_overlap_csf": 0.19187638559064124,
  "tpm_overlap_gm": 0.5256386155761611,
  "tpm_overlap_wm": 0.5401740483919373,
  "wm2max": 0.8331820303688777
}