{
  "bids_meta": {
    "InstitutionName": "HH",
    "dataset": "<unset>",
    "modality": "T1w",
    "subject_id": "0709"
  },
  "cjv": 0.6624438921733771,
  "cnr": 1.487135387906228,
  "efc": 0.624723780751003,
  "fber": -1.0,
  "fwhm_avg": 5.026542018685917,
  "fwhm_x": 4.393546374339794,
  "fwhm_y": 5.679936,
  "fwhm_z": 5.0061436817179565,
  "icvs_csf": 0.25404250256990263,
  "icvs_gm": 0.38759078079920595,
  "icvs_wm": 0.35836671663089137,
  "inu_med": 0.427574947476387,
  "inu_range": 0.22670034617185586,
  "provenance": {
    "md5sum": "56456157113654825e64edafdcf0ebdd",
    "settings": {
      "testing": false
    },
    "software": "mriqc",
    "version": "23.1.0",
    "warnings": {
      "large_rot_frame": true,
      "small_air_mask": false
    }
  },
  "qi_1": 0.0,
  "qi_2": 0.0023530305721250725,
  "rpve_csf": 6.515283218330898,
  "rpve_gm": 6.400339579567739,
  "rpve_wm": 6.47239785317908,
  "size_x": 150,
  "size_y": 256,
  "size_z": 256,
  "snr_csf": 2.3924189572803907,
  "snr_gm": 8.265529038872547,
  "snr_total": 8.110723949912806,
  "snr_wm": 13.674223853585481,
  "snrd_csf": 67.86441987583555,
  "snrd_gm": 104.25188035457882,
  "snrd_total": 99.90705809288208,
  "snrd_wm": 127.60487404823189,
  "spacing_x": 1.2000032663345337,
  "spacing_y": 0.9375,
  "spacing_z": 0.9375000596046448,
  "summary_bg_k": 32.36496009338781,
  "summary_bg_mad": 0.0,
  "summary_bg_mean": 1.6213119259787554,
  "summary_bg_median": 0.0,
  "summary_bg_n": 2601992.0,
  "summary_bg_p05": 0.0,
  "summary_bg_p95": 10.625255167484283,
  "summary_bg_stdv": 4.9103894451045935,
  "summary_csf_k": -0.25758334293677176,
  "summary_csf_mad": 149.72949109942363,
  "summary_csf_mean": 504.93387802737226,
  "summary_csf_median": 508.6585496645421,
  "summary_csf_n": 378116.35292990156,
  "summary_csf_p05": 126.53248581662774,
  "summary_csf_p95": 830.7365969289094,
  "summary_csf_stdv": 212.61237522569692,
  "summary_gm_k": -0.36221703258754223,
  "summary_gm_mad": 62.44408973772118,
  "summary_gm_mean": 785.9247520163242,
  "summary_gm_median": 781.3904599491507,
  "summary_gm_n": 576889.3432496501,
  "summary_gm_p05": 631.2065647933632,
  "summary_gm_p95": 962.0197977963835,
  "summary_gm_stdv": 94.53596727194817,
  "summary_wm_k": -0.41983129257986596,
  "summary_wm_mad": 53.50727640958158,
  "summary_wm_mean": 940.1903850034233,
  "summary_wm_median": 956.4262139461935,
  "summary_wm_n": 533392.3045678178,
  "summary_wm_p05": 803.7137123923749,
  "summary_wm_p95": 1030.0112142767757,
  "summary_wm_stdv": 69.94366390634659,
  "tpm_overlap_csf": 0.20179674681034745,
  "tpm_overlap_gm": 0.5354367289626358,
  "tpm_overlap_wm": 0.5459423942214153,
  "wm2max": 0.7721238425526827
}