{
  "bids_meta": {
    "InstitutionName": "HH",
    "dataset": "<unset>",
    "modality": "T1w",
    "subject_id": "1199"
  },
  "cjv": 0.8162288013079029,
  "cnr": 1.108848408605785,
  "efc": 0.667965754472966,
  "fber": -1.0,
  "fwhm_avg": 5.00322167671703,
  "fwhm_x": 4.248502363484426,
  "fwhm_y": 5.871349333333333,
  "fwhm_z": 4.889813333333334,
  "icvs_csf": 0.26934610938246667,
  "icvs_gm": 0.3537150501261063,
  "icvs_wm": 0.3769388404914271,
  "inu_med": 0.445654034614563,
  "inu_range": 0.21307798624038693,
  "provenance": {
    "md5sum": "e27322c4e0e875cf5f42953348ec1836",
    "settings": {
      "testing": false
    },
    "software": "mriqc",
    "version": "23.1.0",
    "warnings": {
      "large_rot_frame": true,
      "small_air_mask": false
    }
  },
  "qi_1": 0.0,
  "qi_2": 0.0016218067523754575,
  "rpve_csf": 6.487549983081476,
  "rpve_gm": 6.353366218468246,
  "rpve_wm": 6.4292925842871815,
  "size_x": 150,
  "size_y": 256,
  "size_z": 256,
  "snr_csf": 2.551399592242199,
  "snr_gm": 5.606365027695528,
  "snr_total": 7.204202628390057,
  "snr_wm": 13.454843265232444,
  "snrd_csf": 30.505376483949686,
  "snrd_gm": 56.013336676789564,
  "snrd_total": 51.66198616248865,
  "snrd_wm": 68.46724532672671,
  "spacing_x": 1.1999993324279785,
  "spacing_y": 0.9375,
  "spacing_z": 0.9375,
  "summary_bg_k": 160.3503071355989,
  "summary_bg_mad": 0.0,
  "summary_bg_mean": 2.4578555375517444,
  "summary_bg_median": 0.0,
  "summary_bg_n": 3018035.0,
  "summary_bg_p05": 0.0,
  "summary_bg_p95": 18.462940715253353,
  "summary_bg_stdv": 9.302203490879768,
  "summary_csf_k": 0.2660974909377618,
  "summary_csf_mad": 128.68183547800987,
  "summary_csf_mean": 447.1507295480374,
  "summary_csf_median": 433.142196983099,
  "summary_csf_n": 403135.4400406496,
  "summary_csf_p05": 162.0933648571372,
  "summary_csf_p95": 751.2460710480809,
  "summary_csf_stdv": 169.76629653898974,
  "summary_gm_k": 0.03732873069033227,
  "summary_gm_mad": 79.41802689735773,
  "summary_gm_mean": 787.9504752036353,
  "summary_gm_median": 795.3266769647598,
  "summary_gm_n": 529412.0368343834,
  "summary_gm_p05": 535.8004348352551,
  "summary_gm_p95": 1017.5786802917719,
  "summary_gm_stdv": 141.86124554751743,
  "summary_wm_k": -0.4545630774446985,
  "summary_wm_mad": 64.91698646837546,
  "summary_wm_mean": 962.0369619975695,
  "summary_wm_median": 972.1582383289933,
  "summary_wm_n": 564171.5251737566,
  "summary_wm_p05": 830.7787387445569,
  "summary_wm_p95": 1065.6787943467498,
  "summary_wm_stdv": 72.25334086650416,
  "tpm_overlap_csf": 0.20306286480527513,
  "tpm_overlap_gm": 0.5002169884475866,
  "tpm_overlap_wm": 0.5395470502661281,
  "wm2max": 0.6868030971357174
}