{
  "bids_meta": {
    "InstitutionName": "HH",
    "dataset": "<unset>",
    "modality": "T1w",
    "subject_id": "0209"
  },
  "cjv": 0.6711766398263309,
  "cnr": 1.5458789673325997,
  "efc": 0.641741629198571,
  "fber": -1.0,
  "fwhm_avg": 5.355968624722025,
  "fwhm_x": 4.652428540832743,
  "fwhm_y": 6.142773333333333,
  "fwhm_z": 5.272704,
  "icvs_csf": 0.2632460765162578,
  "icvs_gm": 0.37812194648998676,
  "icvs_wm": 0.35863197699375543,
  "inu_med": 0.38379350304603577,
  "inu_range": 0.20103129744529724,
  "provenance": {
    "md5sum": "b7d5807ace42f64ced7d30e93f9de86c",
    "settings": {
      "testing": false
    },
    "software": "mriqc",
    "version": "23.1.0",
    "warnings": {
      "large_rot_frame": true,
      "small_air_mask": false
    }
  },
  "qi_1": 0.0,
  "qi_2": 0.0025268514586326133,
  "rpve_csf": 6.2482741960233525,
  "rpve_gm": 6.149285698879589,
  "rpve_wm": 6.214563871174789,
  "size_x": 150,
  "size_y": 256,
  "size_z": 256,
  "snr_csf": 2.1672627743427664,
  "snr_gm": 8.083745101567748,
  "snr_total": 8.892583386730605,
  "snr_wm": 16.4267422842813,
  "snrd_csf": 45.554347478726825,
  "snrd_gm": 77.6524708570768,
  "snrd_total": 72.74095308034252,
  "snrd_wm": 95.01604090522392,
  "spacing_x": 1.2000033855438232,
  "spacing_y": 0.9375,
  "spacing_z": 0.9375,
  "summary_bg_k": 1687.9525334684836,
  "summary_bg_mad": 0.0,
  "summary_bg_mean": 1.303927483311925,
  "summary_bg_median": 0.0,
  "summary_bg_n": 2716522.0,
  "summary_bg_p05": 0.0,
  "summary_bg_p95": 9.573136568069458,
  "summary_bg_stdv": 6.667369553781611,
  "summary_csf_k": -0.4948507906172055,
  "summary_csf_mad": 167.73396037297064,
  "summary_csf_mean": 464.82699304706165,
  "summary_csf_median": 463.60982143878937,
  "summary_csf_n": 409184.69984296523,
  "summary_csf_p05": 89.2019956111908,
  "summary_csf_p95": 810.5992022752762,
  "summary_csf_stdv": 213.91464866307655,
  "summary_gm_k": -0.5200864155804661,
  "summary_gm_mad": 69.0733471008675,
  "summary_gm_mean": 792.1990531121519,
  "summary_gm_median": 790.2746969461441,
  "summary_gm_n": 587745.5695678242,
  "summary_gm_p05": 628.905979514122,
  "summary_gm_p95": 969.6360018253326,
  "summary_gm_stdv": 97.7608787416362,
  "summary_wm_k": -0.5411317641818543,
  "summary_wm_mad": 49.530466493298555,
  "summary_wm_mean": 955.7294981842485,
  "summary_wm_median": 966.984979391098,
  "summary_wm_n": 557450.7312788614,
  "summary_wm_p05": 841.7732623815536,
  "summary_wm_p95": 1033.4323657751083,
  "summary_wm_stdv": 58.866456618623715,
  "tpm_overlap_csf": 0.18943739940266452,
  "tpm_overlap_gm": 0.5201556871326101,
  "tpm_overlap_wm": 0.5561783662381992,
  "wm2max": 0.7761691367792061
}