{
  "bids_meta": {
    "InstitutionName": "HH",
    "dataset": "<unset>",
    "modality": "T1w",
    "subject_id": "0152"
  },
  "cjv": 0.7951105140554534,
  "cnr": 1.127389160280253,
  "efc": 0.6584850859913984,
  "fber": -1.0,
  "fwhm_avg": 5.00249452394779,
  "fwhm_x": 4.358800905176704,
  "fwhm_y": 5.776885333333333,
  "fwhm_z": 4.871797333333333,
  "icvs_csf": 0.26034430296819827,
  "icvs_gm": 0.3539176358842123,
  "icvs_wm": 0.3857380611475895,
  "inu_med": 0.3987148106098175,
  "inu_range": 0.18539591580629344,
  "provenance": {
    "md5sum": "45593378385d1d7a059b5ecf6a7bf65e",
    "settings": {
      "testing": false
    },
    "software": "mriqc",
    "version": "23.1.0",
    "warnings": {
      "large_rot_frame": true,
      "small_air_mask": false
    }
  },
  "qi_1": 0.0,
  "qi_2": 0.0020961419031555965,
  "rpve_csf": 6.477650359084124,
  "rpve_gm": 6.347614623242717,
  "rpve_wm": 6.424405643810285,
  "size_x": 150,
  "size_y": 256,
  "size_z": 256,
  "snr_csf": 2.4201991753107492,
  "snr_gm": 5.7774408335881935,
  "snr_total": 7.799945192783308,
  "snr_wm": 15.20219556945098,
  "snrd_csf": 49.35922681608183,
  "snrd_gm": 90.39916049217543,
  "snrd_total": 83.20058132460862,
  "snrd_wm": 109.84335666556859,
  "spacing_x": 1.2000043392181396,
  "spacing_y": 0.9375,
  "spacing_z": 0.9375,
  "summary_bg_k": 1376.8774208113155,
  "summary_bg_mad": 0.0,
  "summary_bg_mean": 1.4158526831588758,
  "summary_bg_median": 0.0,
  "summary_bg_n": 2672298.0,
  "summary_bg_p05": 0.0,
  "summary_bg_p95": 10.1677162386477,
  "summary_bg_stdv": 5.834231337912489,
  "summary_csf_k": 0.10965994942728141,
  "summary_csf_mad": 142.2246691968397,
  "summary_csf_mean": 461.6874967224578,
  "summary_csf_median": 439.56212462857366,
  "summary_csf_n": 390048.87646738254,
  "summary_csf_p05": 174.33290354907513,
  "summary_csf_p95": 789.4541889615357,
  "summary_csf_stdv": 181.62206054846897,
  "summary_gm_k": 0.24725661359146134,
  "summary_gm_mad": 79.19887704143589,
  "summary_gm_mean": 797.977714961168,
  "summary_gm_median": 805.0378746539354,
  "summary_gm_n": 530240.8182732225,
  "summary_gm_p05": 551.5347383823246,
  "summary_gm_p95": 1020.1693782862276,
  "summary_gm_stdv": 139.3414729318529,
  "summary_wm_k": -0.5899569154290494,
  "summary_wm_mad": 58.48066291342756,
  "summary_wm_mean": 967.2218304487268,
  "summary_wm_median": 978.1956150196493,
  "summary_wm_n": 577914.3067313536,
  "summary_wm_p05": 847.3437492549419,
  "summary_wm_p95": 1055.8841202501208,
  "summary_wm_stdv": 64.34562456685713,
  "tpm_overlap_csf": 0.20823799856269554,
  "tpm_overlap_gm": 0.4913358381360113,
  "tpm_overlap_wm": 0.5190470514348468,
  "wm2max": 0.6754063138284004
}