{
  "bids_meta": {
    "InstitutionName": "HH",
    "dataset": "<unset>",
    "modality": "T1w",
    "subject_id": "0281"
  },
  "cjv": 0.6694492286869267,
  "cnr": 1.5575197337339344,
  "efc": 0.6641329062308393,
  "fber": -1.0,
  "fwhm_avg": 5.352047083570664,
  "fwhm_x": 4.637111917378658,
  "fwhm_y": 6.145728,
  "fwhm_z": 5.273301333333333,
  "icvs_csf": 0.2614774147299605,
  "icvs_gm": 0.37934385655960157,
  "icvs_wm": 0.35917872871043804,
  "inu_med": 0.3822464346885681,
  "inu_range": 0.20092338323593134,
  "provenance": {
    "md5sum": "3bd8bba6f69dd79628dae061974a2405",
    "settings": {
      "testing": false
    },
    "software": "mriqc",
    "version": "23.1.0",
    "warnings": {
      "large_rot_frame": true,
      "small_air_mask": false
    }
  },
  "qi_1": 0.0,
  "qi_2": 0.001329148160207171,
  "rpve_csf": 6.291293671360378,
  "rpve_gm": 6.193922623632393,
  "rpve_wm": 6.260099052122976,
  "size_x": 150,
  "size_y": 256,
  "size_z": 256,
  "snr_csf": 2.198725185990793,
  "snr_gm": 8.178755579108083,
  "snr_total": 8.997188017066344,
  "snr_wm": 16.614083286100158,
  "snrd_csf": 46.14101395630484,
  "snrd_gm": 77.37928064870812,
  "snrd_total": 72.70959344334733,
  "snrd_wm": 94.60848572502903,
  "spacing_x": 1.2000033855438232,
  "spacing_y": 0.9375,
  "spacing_z": 0.9375,
  "summary_bg_k": 1684.758889570651,
  "summary_bg_mad": 0.0,
  "summary_bg_mean": 1.3093392305540452,
  "summary_bg_median": 0.0,
  "summary_bg_n": 2715976.0,
  "summary_bg_p05": 0.0,
  "summary_bg_p95": 9.603135973215103,
  "summary_bg_stdv": 6.698580632876454,
  "summary_csf_k": -0.45289165398121733,
  "summary_csf_mad": 166.3478280590012,
  "summary_csf_mean": 471.9435680346192,
  "summary_csf_median": 471.778552480042,
  "summary_csf_n": 403593.7890211018,
  "summary_csf_p05": 91.32778292894363,
  "summary_csf_p95": 815.4826282560825,
  "summary_csf_stdv": 214.56886518315332,
  "summary_gm_k": -0.5366692979983769,
  "summary_gm_mad": 68.8636423580494,
  "summary_gm_mean": 793.1279239363249,
  "summary_gm_median": 791.1808147728443,
  "summary_gm_n": 585522.1743295919,
  "summary_gm_p05": 631.7981549724936,
  "summary_gm_p95": 968.6183501146734,
  "summary_gm_stdv": 96.73600482372892,
  "summary_wm_k": -0.5340982169314112,
  "summary_wm_mad": 49.068977228757774,
  "summary_wm_mean": 956.5549453554912,
  "summary_wm_median": 967.3444647304714,
  "summary_wm_n": 554397.0373339403,
  "summary_wm_p05": 844.0470582172275,
  "summary_wm_p95": 1033.7334914840758,
  "summary_wm_stdv": 58.22431341186684,
  "tpm_overlap_csf": 0.1932490679800123,
  "tpm_overlap_gm": 0.5208851376802371,
  "tpm_overlap_wm": 0.5568214590512087,
  "wm2max": 0.7753038424535156
}