{
  "bids_meta": {
    "InstitutionName": "HH",
    "dataset": "<unset>",
    "modality": "T1w",
    "subject_id": "0996"
  },
  "cjv": 0.646115412220627,
  "cnr": 1.561985839684615,
  "efc": 0.6284010488185715,
  "fber": -1.0,
  "fwhm_avg": 5.231491430458872,
  "fwhm_x": 4.543018291376615,
  "fwhm_y": 6.0833493333333335,
  "fwhm_z": 5.068106666666667,
  "icvs_csf": 0.24672127821165163,
  "icvs_gm": 0.3926931632769446,
  "icvs_wm": 0.3605855585114038,
  "inu_med": 0.3989814519882202,
  "inu_range": 0.20986882746219626,
  "provenance": {
    "md5sum": "c4c08ece403f942b4210691825cdf282",
    "settings": {
      "testing": false
    },
    "software": "mriqc",
    "version": "23.1.0",
    "warnings": {
      "large_rot_frame": true,
      "small_air_mask": false
    }
  },
  "qi_1": 0.0,
  "qi_2": 0.0009712670323011121,
  "rpve_csf": 7.015988425395553,
  "rpve_gm": 6.904581228562208,
  "rpve_wm": 6.972415353732109,
  "size_x": 150,
  "size_y": 256,
  "size_z": 256,
  "snr_csf": 2.320217166574332,
  "snr_gm": 8.725140936509844,
  "snr_total": 8.394267218534834,
  "snr_wm": 14.137443552520324,
  "snrd_csf": 67.9451136239586,
  "snrd_gm": 104.94957713695231,
  "snrd_total": 100.47237712089539,
  "snrd_wm": 128.52244060177523,
  "spacing_x": 1.1999995708465576,
  "spacing_y": 0.9375,
  "spacing_z": 0.9375,
  "summary_bg_k": 88.10456490534526,
  "summary_bg_mad": 0.0,
  "summary_bg_mean": 1.3226859061730682,
  "summary_bg_median": 0.0,
  "summary_bg_n": 2732524.0,
  "summary_bg_p05": 0.0,
  "summary_bg_p95": 9.855702482163906,
  "summary_bg_stdv": 4.900871686406884,
  "summary_csf_k": -0.3846847855690858,
  "summary_csf_mad": 161.07015200789928,
  "summary_csf_mean": 505.65478580663967,
  "summary_csf_median": 508.2762667275965,
  "summary_csf_n": 341515.04758148314,
  "summary_csf_p05": 108.41272730380297,
  "summary_csf_p95": 839.7058514803648,
  "summary_csf_stdv": 219.063771228078,
  "summary_gm_k": -0.46878301682683254,
  "summary_gm_mad": 63.01930581002247,
  "summary_gm_mean": 791.2394747553072,
  "summary_gm_median": 785.0951513163745,
  "summary_gm_n": 543571.3746035357,
  "summary_gm_p05": 648.505223326385,
  "summary_gm_p95": 961.8660201951861,
  "summary_gm_stdv": 89.98071605549076,
  "summary_wm_k": -0.42696840563509975,
  "summary_wm_mad": 50.917500948763696,
  "summary_wm_mean": 945.0542203063237,
  "summary_wm_median": 961.4364126510918,
  "summary_wm_n": 499127.5785567898,
  "summary_wm_p05": 811.2001273781061,
  "summary_wm_p95": 1031.2855451144278,
  "summary_wm_stdv": 68.0063157077866,
  "tpm_overlap_csf": 0.20291141551962055,
  "tpm_overlap_gm": 0.5360163958737423,
  "tpm_overlap_wm": 0.5410522450423549,
  "wm2max": 0.7524752792487794
}