{
  "bids_meta": {
    "InstitutionName": "HH",
    "dataset": "<unset>",
    "modality": "T1w",
    "subject_id": "0775"
  },
  "cjv": 0.7058411920538982,
  "cnr": 1.3491876089648789,
  "efc": 0.6334542995688298,
  "fber": -1.0,
  "fwhm_avg": 4.904334004963514,
  "fwhm_x": 4.176149040399143,
  "fwhm_y": 5.644095641158063,
  "fwhm_z": 4.892757333333334,
  "icvs_csf": 0.2674432753924948,
  "icvs_gm": 0.37039943707272205,
  "icvs_wm": 0.3621572875347831,
  "inu_med": 0.3969590961933136,
  "inu_range": 0.19046581387519834,
  "provenance": {
    "md5sum": "5f4728091014873d275c5797fdbd4f68",
    "settings": {
      "testing": false
    },
    "software": "mriqc",
    "version": "23.1.0",
    "warnings": {
      "large_rot_frame": true,
      "small_air_mask": false
    }
  },
  "qi_1": 0.0,
  "qi_2": 0.0028761873683580564,
  "rpve_csf": 6.418977183826842,
  "rpve_gm": 6.293531108385258,
  "rpve_wm": 6.3621289746144045,
  "size_x": 150,
  "size_y": 256,
  "size_z": 256,
  "snr_csf": 2.415691897039488,
  "snr_gm": 7.202733773612531,
  "snr_total": 7.821706541875467,
  "snr_wm": 13.846693954974382,
  "snrd_csf": 55.046119483137495,
  "snrd_gm": 95.02805450937208,
  "snrd_total": 88.73786615621866,
  "snrd_wm": 116.13942447614639,
  "spacing_x": 1.200002670288086,
  "spacing_y": 0.9375000596046448,
  "spacing_z": 0.9375,
  "summary_bg_k": 28.116527544436778,
  "summary_bg_mad": 0.0,
  "summary_bg_mean": 1.8374616041176692,
  "summary_bg_median": 0.0,
  "summary_bg_n": 2562516.0,
  "summary_bg_p05": 0.0,
  "summary_bg_p95": 11.872929766774178,
  "summary_bg_stdv": 5.3789992475816755,
  "summary_csf_k": -0.08813880873943614,
  "summary_csf_mad": 148.84212812121402,
  "summary_csf_mean": 463.74661257270884,
  "summary_csf_median": 451.9563182294369,
  "summary_csf_n": 404712.5484279037,
  "summary_csf_p05": 144.56027916446328,
  "summary_csf_p95": 782.7793158218265,
  "summary_csf_stdv": 187.09164045957638,
  "summary_gm_k": -0.3795023914754361,
  "summary_gm_mad": 66.8471182618916,
  "summary_gm_mean": 781.9643982871661,
  "summary_gm_median": 780.2281077727675,
  "summary_gm_n": 560512.5045449882,
  "summary_gm_p05": 599.9509159214795,
  "summary_gm_p95": 975.763486225158,
  "summary_gm_stdv": 108.3237887585925,
  "summary_wm_k": -0.5396604770546358,
  "summary_wm_mad": 55.49983812167931,
  "summary_wm_mean": 938.0533945764223,
  "summary_wm_median": 953.5630700290203,
  "summary_wm_n": 548039.9481154884,
  "summary_wm_p05": 805.323163870722,
  "summary_wm_p95": 1027.253733292222,
  "summary_wm_stdv": 68.86569481158938,
  "tpm_overlap_csf": 0.19670961264812922,
  "tpm_overlap_gm": 0.5137571532488053,
  "tpm_overlap_wm": 0.544846628373483,
  "wm2max": 0.7814912427877007
}