{
  "bids_meta": {
    "InstitutionName": "HH",
    "dataset": "<unset>",
    "modality": "T1w",
    "subject_id": "1149"
  },
  "cjv": 0.6442101638045963,
  "cnr": 1.5487471888516358,
  "efc": 0.6318451757684141,
  "fber": -1.0,
  "fwhm_avg": 4.872737054529375,
  "fwhm_x": 4.1968031635881236,
  "fwhm_y": 5.617749333333333,
  "fwhm_z": 4.803658666666666,
  "icvs_csf": 0.2565398326793635,
  "icvs_gm": 0.3835650891975044,
  "icvs_wm": 0.35989507812313215,
  "inu_med": 0.38724252581596375,
  "inu_range": 0.19441311955451968,
  "provenance": {
    "md5sum": "f7c214d0f20c7fe73a0d78b2dc20cdba",
    "settings": {
      "testing": false
    },
    "software": "mriqc",
    "version": "23.1.0",
    "warnings": {
      "large_rot_frame": true,
      "small_air_mask": false
    }
  },
  "qi_1": 0.0,
  "qi_2": 0.0022322584984322863,
  "rpve_csf": 7.399415145155224,
  "rpve_gm": 7.298497384588121,
  "rpve_wm": 7.373956814855701,
  "size_x": 150,
  "size_y": 256,
  "size_z": 256,
  "snr_csf": 2.305328919144276,
  "snr_gm": 7.948383340869568,
  "snr_total": 8.699172784286635,
  "snr_wm": 15.843806092846059,
  "snrd_csf": 89.50876300442401,
  "snrd_gm": 140.08914559373346,
  "snrd_total": 133.92364425367785,
  "snrd_wm": 172.17302416287612,
  "spacing_x": 1.2000014781951904,
  "spacing_y": 0.9375,
  "spacing_z": 0.9375,
  "summary_bg_k": 50.746323251866656,
  "summary_bg_mad": 0.0,
  "summary_bg_mean": 1.0910462389295916,
  "summary_bg_median": 0.0,
  "summary_bg_n": 2628311.0,
  "summary_bg_p05": 0.0,
  "summary_bg_p95": 8.243673952296376,
  "summary_bg_stdv": 3.692615730887695,
  "summary_csf_k": -0.36989204760160366,
  "summary_csf_mad": 149.91444869687157,
  "summary_csf_mean": 496.97772396155136,
  "summary_csf_median": 504.5078648086637,
  "summary_csf_n": 336712.37862186134,
  "summary_csf_p05": 90.78003491275012,
  "summary_csf_p95": 831.8639084007591,
  "summary_csf_stdv": 218.843875791916,
  "summary_gm_k": -0.549240072950294,
  "summary_gm_mad": 68.75386785063421,
  "summary_gm_mean": 791.2019760058,
  "summary_gm_median": 789.5995135456324,
  "summary_gm_n": 503434.93324647855,
  "summary_gm_p05": 625.7471542339772,
  "summary_gm_p95": 972.8282424490899,
  "summary_gm_stdv": 99.3407961683411,
  "summary_wm_k": -0.4838087191768494,
  "summary_wm_mad": 47.74369018843718,
  "summary_wm_mean": 956.7233875386904,
  "summary_wm_median": 970.4373279493302,
  "summary_wm_n": 472367.68864895444,
  "summary_wm_p05": 835.9483873378485,
  "summary_wm_p95": 1035.7889909427613,
  "summary_wm_stdv": 61.250200555125275,
  "tpm_overlap_csf": 0.20760842676545663,
  "tpm_overlap_gm": 0.5261718502491057,
  "tpm_overlap_wm": 0.5471897431059687,
  "wm2max": 0.7468565514068849
}