{
  "bids_meta": {
    "InstitutionName": "HH",
    "dataset": "<unset>",
    "modality": "T1w",
    "subject_id": "0756"
  },
  "cjv": 0.7006159495239662,
  "cnr": 1.468088408691892,
  "efc": 0.615039710439295,
  "fber": -1.0,
  "fwhm_avg": 5.13236934001833,
  "fwhm_x": 4.441620020054991,
  "fwhm_y": 5.837322666666666,
  "fwhm_z": 5.118165333333334,
  "icvs_csf": 0.26276891927531254,
  "icvs_gm": 0.37630670916863174,
  "icvs_wm": 0.3609243715560558,
  "inu_med": 0.3740788698196411,
  "inu_range": 0.16408514976501465,
  "provenance": {
    "md5sum": "0980a4c2c3fb76c9895a3a1f55d2f97c",
    "settings": {
      "testing": false
    },
    "software": "mriqc",
    "version": "23.1.0",
    "warnings": {
      "large_rot_frame": true,
      "small_air_mask": false
    }
  },
  "qi_1": 0.0,
  "qi_2": 0.0005748511533774129,
  "rpve_csf": 7.675125318877638,
  "rpve_gm": 7.56515935863071,
  "rpve_wm": 7.627909728864836,
  "size_x": 150,
  "size_y": 256,
  "size_z": 256,
  "snr_csf": 2.2117965509739523,
  "snr_gm": 8.134881936644035,
  "snr_total": 8.72006131995837,
  "snr_wm": 15.813505472257125,
  "snrd_csf": 72.93970197925711,
  "snrd_gm": 126.15098141578662,
  "snrd_total": 117.3643064760738,
  "snrd_wm": 153.00223603317772,
  "spacing_x": 1.1999990940093994,
  "spacing_y": 0.9375,
  "spacing_z": 0.9375,
  "summary_bg_k": 229.13153996792363,
  "summary_bg_mad": 0.0,
  "summary_bg_mean": 1.2895641732695917,
  "summary_bg_median": 0.0,
  "summary_bg_n": 2866149.0,
  "summary_bg_p05": 0.0,
  "summary_bg_p95": 8.897062741219997,
  "summary_bg_stdv": 4.109910250615884,
  "summary_csf_k": -0.5394972178905473,
  "summary_csf_mad": 172.84375994263064,
  "summary_csf_mean": 461.00176600280975,
  "summary_csf_median": 457.5774279087782,
  "summary_csf_n": 333401.4677298893,
  "summary_csf_p05": 100.50201599299908,
  "summary_csf_p95": 801.0338722765446,
  "summary_csf_stdv": 206.88012262289547,
  "summary_gm_k": -0.5488328899756567,
  "summary_gm_mad": 67.64893269125344,
  "summary_gm_mean": 793.488359102061,
  "summary_gm_median": 791.3912456184626,
  "summary_gm_n": 477458.3291640217,
  "summary_gm_p05": 631.6914546266198,
  "summary_gm_p95": 969.1833876594901,
  "summary_gm_stdv": 97.28357744184444,
  "summary_wm_k": -0.5505115973201651,
  "summary_wm_mad": 50.36824127938096,
  "summary_wm_mean": 948.1890611896814,
  "summary_wm_median": 959.8389865681529,
  "summary_wm_n": 457941.2038080499,
  "summary_wm_p05": 831.7511056512594,
  "summary_wm_p95": 1029.4001000113785,
  "summary_wm_stdv": 60.69735393318116,
  "tpm_overlap_csf": 0.18458835484233968,
  "tpm_overlap_gm": 0.5291670150096576,
  "tpm_overlap_wm": 0.5597565558256457,
  "wm2max": 0.7244685811836586
}