{
  "bids_meta": {
    "InstitutionName": "HH",
    "dataset": "<unset>",
    "modality": "T1w",
    "subject_id": "0396"
  },
  "cjv": 0.7255420683549869,
  "cnr": 1.2764965074817771,
  "efc": 0.6046057431741183,
  "fber": -1.0,
  "fwhm_avg": 4.96177379422473,
  "fwhm_x": 4.273086716007527,
  "fwhm_y": 5.60896,
  "fwhm_z": 5.003274666666667,
  "icvs_csf": 0.2687326848547161,
  "icvs_gm": 0.35885544075104175,
  "icvs_wm": 0.3724118743942422,
  "inu_med": 0.3623702824115753,
  "inu_range": 0.17172572016716003,
  "provenance": {
    "md5sum": "256036ff974eae9ac0f7f29857458e0e",
    "settings": {
      "testing": false
    },
    "software": "mriqc",
    "version": "23.1.0",
    "warnings": {
      "large_rot_frame": true,
      "small_air_mask": false
    }
  },
  "qi_1": 0.0,
  "qi_2": 0.0026211181525510052,
  "rpve_csf": 6.0543155001557185,
  "rpve_gm": 5.933040393245257,
  "rpve_wm": 5.999489859629949,
  "size_x": 150,
  "size_y": 256,
  "size_z": 256,
  "snr_csf": 2.2342172527211908,
  "snr_gm": 6.7214974139362305,
  "snr_total": 8.395332164893654,
  "snr_wm": 16.230281828023543,
  "snrd_csf": 59.47610632499419,
  "snrd_gm": 109.83694938173582,
  "snrd_total": 100.83568170991164,
  "snrd_wm": 133.1939894230049,
  "spacing_x": 1.1999967098236084,
  "spacing_y": 0.9375,
  "spacing_z": 0.9375,
  "summary_bg_k": 447.22458781497267,
  "summary_bg_mad": 0.0,
  "summary_bg_mean": 1.565145091672899,
  "summary_bg_median": 0.0,
  "summary_bg_n": 2478460.0,
  "summary_bg_p05": 0.0,
  "summary_bg_p95": 10.021337356418371,
  "summary_bg_stdv": 4.776448944640566,
  "summary_csf_k": -0.017554031195906372,
  "summary_csf_mad": 152.09548873264126,
  "summary_csf_mean": 450.03298552142604,
  "summary_csf_median": 433.6266238410026,
  "summary_csf_n": 431077.05613815854,
  "summary_csf_p05": 100.57299093343318,
  "summary_csf_p95": 790.9903909098357,
  "summary_csf_stdv": 194.08413409902928,
  "summary_gm_k": -0.13388419249925398,
  "summary_gm_mad": 72.3333301170659,
  "summary_gm_mean": 799.3156070251506,
  "summary_gm_median": 800.7959578447044,
  "summary_gm_n": 575643.9603234428,
  "summary_gm_p05": 592.1699346974492,
  "summary_gm_p95": 999.9041079524904,
  "summary_gm_stdv": 119.1394138780329,
  "summary_wm_k": -0.5947310174401355,
  "summary_wm_mad": 51.21981754235477,
  "summary_wm_mean": 958.2574112526282,
  "summary_wm_median": 971.0867694299668,
  "summary_wm_n": 597389.9846665647,
  "summary_wm_p05": 842.9191390294582,
  "summary_wm_p95": 1036.297385720536,
  "summary_wm_stdv": 59.83173717774664,
  "tpm_overlap_csf": 0.19136245887921818,
  "tpm_overlap_gm": 0.5006266780972591,
  "tpm_overlap_wm": 0.5351832506815835,
  "wm2max": 0.7553971522674318
}