{
  "bids_meta": {
    "InstitutionName": "HH",
    "dataset": "<unset>",
    "modality": "T1w",
    "subject_id": "0026"
  },
  "cjv": 0.7335434548241818,
  "cnr": 1.3515557215897238,
  "efc": 0.625785576913538,
  "fber": 14866.04222966615,
  "fwhm_avg": 5.052461746141851,
  "fwhm_x": 4.3415879050922195,
  "fwhm_y": 5.792544,
  "fwhm_z": 5.023253333333333,
  "icvs_csf": 0.2502546812449314,
  "icvs_gm": 0.37408690344165485,
  "icvs_wm": 0.37565841531341376,
  "inu_med": 0.34536588191986084,
  "inu_range": 0.17400088906288147,
  "provenance": {
    "md5sum": "8c8d39c46f45480a45e0d06982379b63",
    "settings": {
      "testing": false
    },
    "software": "mriqc",
    "version": "23.1.0",
    "warnings": {
      "large_rot_frame": true,
      "small_air_mask": false
    }
  },
  "qi_1": 0.0,
  "qi_2": 0.0005551664326342818,
  "rpve_csf": 5.391214397463489,
  "rpve_gm": 5.285053401048306,
  "rpve_wm": 5.359385194131067,
  "size_x": 150,
  "size_y": 256,
  "size_z": 256,
  "snr_csf": 2.4764022608340563,
  "snr_gm": 7.893010603498716,
  "snr_total": 9.496704900182397,
  "snr_wm": 18.12070183621442,
  "snrd_csf": 21.351662437444833,
  "snrd_gm": 32.753673619028945,
  "snrd_total": 31.081159586917618,
  "snrd_wm": 39.13814270427907,
  "spacing_x": 1.1999987363815308,
  "spacing_y": 0.9375,
  "spacing_z": 0.9375,
  "summary_bg_k": 590.8463108452077,
  "summary_bg_mad": 0.0,
  "summary_bg_mean": 3.7846405469454902,
  "summary_bg_median": 0.0,
  "summary_bg_n": 2418148.0,
  "summary_bg_p05": 0.0,
  "summary_bg_p95": 18.401223298162222,
  "summary_bg_stdv": 16.330060579278722,
  "summary_csf_k": 0.22452357993983796,
  "summary_csf_mad": 144.26106698041187,
  "summary_csf_mean": 529.44969244651,
  "summary_csf_median": 532.2157966978848,
  "summary_csf_n": 448724.4118431874,
  "summary_csf_p05": 116.49557835794985,
  "summary_csf_p95": 863.3559115100652,
  "summary_csf_stdv": 214.9146817069962,
  "summary_gm_k": -0.5690041757990643,
  "summary_gm_mad": 70.02571433112024,
  "summary_gm_mean": 817.738087350804,
  "summary_gm_median": 816.4246016442776,
  "summary_gm_n": 670764.3784725233,
  "summary_gm_p05": 644.8345594648272,
  "summary_gm_p95": 996.7238281443715,
  "summary_gm_stdv": 103.43632285307837,
  "summary_wm_k": -0.37110141836162036,
  "summary_wm_mad": 46.71079441509408,
  "summary_wm_mean": 969.0065900824922,
  "summary_wm_median": 975.5651515033096,
  "summary_wm_n": 673582.2108377425,
  "summary_wm_p05": 868.7343106046319,
  "summary_wm_p95": 1046.8221141267568,
  "summary_wm_stdv": 53.837011179746995,
  "tpm_overlap_csf": 0.22360644048452594,
  "tpm_overlap_gm": 0.5196169911223024,
  "tpm_overlap_wm": 0.548920194063895,
  "wm2max": 0.6364209479754784
}