{
  "bids_meta": {
    "InstitutionName": "HH",
    "dataset": "<unset>",
    "modality": "T1w",
    "subject_id": "0529"
  },
  "cjv": 0.6711324205025357,
  "cnr": 1.33475331324226,
  "efc": 0.5981315705235786,
  "fber": -1.0,
  "fwhm_avg": 5.061586120082321,
  "fwhm_x": 4.4977716935802965,
  "fwhm_y": 5.702314666666666,
  "fwhm_z": 4.984672,
  "icvs_csf": 0.2753210869922352,
  "icvs_gm": 0.3614143996012557,
  "icvs_wm": 0.36326451340650917,
  "inu_med": 0.3870983421802521,
  "inu_range": 0.15025121569633482,
  "provenance": {
    "md5sum": "9fde4c16365c3dcfbb321178472ddb5f",
    "settings": {
      "testing": false
    },
    "software": "mriqc",
    "version": "23.1.0",
    "warnings": {
      "large_rot_frame": true,
      "small_air_mask": false
    }
  },
  "qi_1": 0.0,
  "qi_2": 0.0007096006875747493,
  "rpve_csf": 6.831514564737304,
  "rpve_gm": 6.711506018745696,
  "rpve_wm": 6.778523132752658,
  "size_x": 150,
  "size_y": 256,
  "size_z": 256,
  "snr_csf": 2.2793769921185407,
  "snr_gm": 6.1625075355987935,
  "snr_total": 7.5635941973244245,
  "snr_wm": 14.248898064255943,
  "snrd_csf": 65.36783369459386,
  "snrd_gm": 125.76186660704687,
  "snrd_total": 115.94902623721043,
  "snrd_wm": 156.7173784099906,
  "spacing_x": 1.2000008821487427,
  "spacing_y": 0.9375,
  "spacing_z": 0.9375,
  "summary_bg_k": 1067.8817934494862,
  "summary_bg_mad": 0.0,
  "summary_bg_mean": 1.2561018965122184,
  "summary_bg_median": 0.0,
  "summary_bg_n": 2856660.0,
  "summary_bg_p05": 0.0,
  "summary_bg_p95": 8.67703908495605,
  "summary_bg_stdv": 4.0653910335038494,
  "summary_csf_k": 0.05425680624482876,
  "summary_csf_mad": 138.74655972915667,
  "summary_csf_mean": 422.7474452949051,
  "summary_csf_median": 405.6343152076006,
  "summary_csf_n": 392101.0042575121,
  "summary_csf_p05": 105.5284461658448,
  "summary_csf_p95": 745.6269448176026,
  "summary_csf_stdv": 177.95818741367108,
  "summary_gm_k": -0.29480466088524127,
  "summary_gm_mad": 74.49181994312568,
  "summary_gm_mean": 779.0097992143578,
  "summary_gm_median": 780.4041492138058,
  "summary_gm_n": 514711.5703519462,
  "summary_gm_p05": 558.5527440682054,
  "summary_gm_p95": 997.6063185632229,
  "summary_gm_stdv": 126.6373122640081,
  "summary_wm_k": -0.5528463236846073,
  "summary_wm_mad": 54.42714283522009,
  "summary_wm_mean": 955.5200156997284,
  "summary_wm_median": 972.4958420600742,
  "summary_wm_n": 517346.4265809245,
  "summary_wm_p05": 820.8663102518767,
  "summary_wm_p95": 1041.244690194726,
  "summary_wm_stdv": 68.2505340262585,
  "tpm_overlap_csf": 0.17976586087058363,
  "tpm_overlap_gm": 0.5055718088478129,
  "tpm_overlap_wm": 0.5331017530910713,
  "wm2max": 0.7807020389131377
}