{
  "bids_meta": {
    "InstitutionName": "HH",
    "dataset": "<unset>",
    "modality": "T1w",
    "subject_id": "0799"
  },
  "cjv": 0.7262445662017215,
  "cnr": 1.2739604156016209,
  "efc": 0.6179712194859146,
  "fber": -1.0,
  "fwhm_avg": 4.740075717477207,
  "fwhm_x": 4.116355152431619,
  "fwhm_y": 5.420512,
  "fwhm_z": 4.6833599999999995,
  "icvs_csf": 0.27004109525754943,
  "icvs_gm": 0.36283116552168865,
  "icvs_wm": 0.3671277392207619,
  "inu_med": 0.3891236484050751,
  "inu_range": 0.17583529055118557,
  "provenance": {
    "md5sum": "f1f07e50a2d5fbceb207f342ee1a6c20",
    "settings": {
      "testing": false
    },
    "software": "mriqc",
    "version": "23.1.0",
    "warnings": {
      "large_rot_frame": true,
      "small_air_mask": false
    }
  },
  "qi_1": 0.0,
  "qi_2": 0.0009157139385511352,
  "rpve_csf": 7.397741988713682,
  "rpve_gm": 7.270340269201307,
  "rpve_wm": 7.343180724276734,
  "size_x": 150,
  "size_y": 256,
  "size_z": 256,
  "snr_csf": 2.618533931184683,
  "snr_gm": 6.871567371202122,
  "snr_total": 7.979803292031079,
  "snr_wm": 14.44930857370643,
  "snrd_csf": 56.664882716818845,
  "snrd_gm": 96.25374597204625,
  "snrd_total": 89.93196918496297,
  "snrd_wm": 116.8772788660238,
  "spacing_x": 1.1999984979629517,
  "spacing_y": 0.9375,
  "spacing_z": 0.9375,
  "summary_bg_k": 31.763070963747786,
  "summary_bg_mad": 0.0,
  "summary_bg_mean": 1.8898096186627567,
  "summary_bg_median": 0.0,
  "summary_bg_n": 2526699.0,
  "summary_bg_p05": 0.0,
  "summary_bg_p95": 12.722041616216302,
  "summary_bg_stdv": 5.392734981947705,
  "summary_csf_k": 0.1309239505793829,
  "summary_csf_mad": 143.45489283748788,
  "summary_csf_mean": 479.4463958664146,
  "summary_csf_median": 466.435226732865,
  "summary_csf_n": 354956.598126575,
  "summary_csf_p05": 201.19849367253482,
  "summary_csf_p95": 789.1470524780452,
  "summary_csf_stdv": 178.1281365676348,
  "summary_gm_k": -0.041165603261614336,
  "summary_gm_mad": 67.40863974079056,
  "summary_gm_mean": 792.258612443629,
  "summary_gm_median": 792.3097282443196,
  "summary_gm_n": 476924.8772489503,
  "summary_gm_p05": 593.3702886905521,
  "summary_gm_p95": 991.5583015196025,
  "summary_gm_stdv": 115.30250011375736,
  "summary_wm_k": -0.5392339049251236,
  "summary_wm_mad": 55.88007007800891,
  "summary_wm_mean": 947.8775725883162,
  "summary_wm_median": 962.0717003904283,
  "summary_wm_n": 482572.52573877963,
  "summary_wm_p05": 820.7262511067092,
  "summary_wm_p95": 1035.1223767362535,
  "summary_wm_stdv": 66.58247338733868,
  "tpm_overlap_csf": 0.20244776142547202,
  "tpm_overlap_gm": 0.5111071904327827,
  "tpm_overlap_wm": 0.5476558392934907,
  "wm2max": 0.7700565294352767
}