{
  "bids_meta": {
    "InstitutionName": "HH",
    "dataset": "<unset>",
    "modality": "T1w",
    "subject_id": "1190"
  },
  "cjv": 0.616982338468311,
  "cnr": 1.741115175272953,
  "efc": 0.6146764792380306,
  "fber": -1.0,
  "fwhm_avg": 5.15888187034209,
  "fwhm_x": 4.413232277692935,
  "fwhm_y": 5.922133333333333,
  "fwhm_z": 5.14128,
  "icvs_csf": 0.26155633016927515,
  "icvs_gm": 0.3818158181278633,
  "icvs_wm": 0.3566278517028616,
  "inu_med": 0.3717220425605774,
  "inu_range": 0.1744641080498695,
  "provenance": {
    "md5sum": "52336039ac177558f3428ca519241c80",
    "settings": {
      "testing": false
    },
    "software": "mriqc",
    "version": "23.1.0",
    "warnings": {
      "large_rot_frame": true,
      "small_air_mask": false
    }
  },
  "qi_1": 0.0,
  "qi_2": 0.0010909777478645532,
  "rpve_csf": 6.567401062668134,
  "rpve_gm": 6.491987786995498,
  "rpve_wm": 6.566694061590112,
  "size_x": 150,
  "size_y": 256,
  "size_z": 256,
  "snr_csf": 2.3779152480072074,
  "snr_gm": 8.285615652519013,
  "snr_total": 9.759136330462873,
  "snr_wm": 18.613878090862396,
  "snrd_csf": 66.89146023805108,
  "snrd_gm": 105.84308758928476,
  "snrd_total": 101.33641484728781,
  "snrd_wm": 131.27469671452758,
  "spacing_x": 1.1999980211257935,
  "spacing_y": 0.9375,
  "spacing_z": 0.9375,
  "summary_bg_k": 57.97918386445902,
  "summary_bg_mad": 0.0,
  "summary_bg_mean": 1.373565909417663,
  "summary_bg_median": 0.0,
  "summary_bg_n": 2449042.0,
  "summary_bg_p05": 0.0,
  "summary_bg_p95": 9.693290814757347,
  "summary_bg_stdv": 4.865485307527929,
  "summary_csf_k": -0.19929442390700203,
  "summary_csf_mad": 149.9187309127241,
  "summary_csf_mean": 494.8707677942123,
  "summary_csf_median": 496.78115425631404,
  "summary_csf_n": 386422.7993811618,
  "summary_csf_p05": 110.6405921280384,
  "summary_csf_p95": 822.6813408918679,
  "summary_csf_stdv": 208.91430503143138,
  "summary_gm_k": -0.6499458651719046,
  "summary_gm_mad": 72.72745987632513,
  "summary_gm_mean": 787.5282915623645,
  "summary_gm_median": 786.0622422583401,
  "summary_gm_n": 564093.926510937,
  "summary_gm_p05": 629.6722548455,
  "summary_gm_p95": 958.8524944335222,
  "summary_gm_stdv": 94.87062621247641,
  "summary_wm_k": -0.30399016706393844,
  "summary_wm_mad": 43.80341520495231,
  "summary_wm_mean": 966.0228302528132,
  "summary_wm_median": 974.9345451034606,
  "summary_wm_n": 526881.2752615152,
  "summary_wm_p05": 864.9303811602294,
  "summary_wm_p95": 1036.9373371079564,
  "summary_wm_stdv": 52.376705979816784,
  "tpm_overlap_csf": 0.2024924574138416,
  "tpm_overlap_gm": 0.5268244360233976,
  "tpm_overlap_wm": 0.558993995367409,
  "wm2max": 0.7259375505610547
}