{
  "bids_meta": {
    "InstitutionName": "HH",
    "dataset": "<unset>",
    "modality": "T1w",
    "subject_id": "0247"
  },
  "cjv": 0.7463454037302796,
  "cnr": 1.1620265038923359,
  "efc": 0.6463997893764598,
  "fber": -1.0,
  "fwhm_avg": 4.878380213363266,
  "fwhm_x": 4.320761668743071,
  "fwhm_y": 5.522176,
  "fwhm_z": 4.792202971346725,
  "icvs_csf": 0.26451839568668856,
  "icvs_gm": 0.3533474013174393,
  "icvs_wm": 0.38213420299587203,
  "inu_med": 0.4145965278148651,
  "inu_range": 0.2076210007071495,
  "provenance": {
    "md5sum": "82722ec21b80e1d240cfca1fd11b2278",
    "settings": {
      "testing": false
    },
    "software": "mriqc",
    "version": "23.1.0",
    "warnings": {
      "large_rot_frame": true,
      "small_air_mask": false
    }
  },
  "qi_1": 0.0,
  "qi_2": 0.0015317460950897697,
  "rpve_csf": 5.928255544757738,
  "rpve_gm": 5.803585155017992,
  "rpve_wm": 5.883411417299417,
  "size_x": 150,
  "size_y": 256,
  "size_z": 256,
  "snr_csf": 2.251917507556235,
  "snr_gm": 5.2955332347344966,
  "snr_total": 7.225656180383674,
  "snr_wm": 14.129517798860293,
  "snrd_csf": 35.14667460050268,
  "snrd_gm": 67.88447746120178,
  "snrd_total": 62.45499404638156,
  "snrd_wm": 84.33383007744023,
  "spacing_x": 1.199994444847107,
  "spacing_y": 0.9375,
  "spacing_z": 0.9374999403953552,
  "summary_bg_k": 1918.8133078591572,
  "summary_bg_mad": 0.0,
  "summary_bg_mean": 1.2239900111180737,
  "summary_bg_median": 0.0,
  "summary_bg_n": 2486438.0,
  "summary_bg_p05": 0.0,
  "summary_bg_p95": 8.198600560426712,
  "summary_bg_stdv": 7.576777241221728,
  "summary_csf_k": 0.397962354139759,
  "summary_csf_mad": 125.15123150634419,
  "summary_csf_mean": 429.1567753953698,
  "summary_csf_median": 406.4779856801033,
  "summary_csf_n": 432409.80900712206,
  "summary_csf_p05": 99.6237844415009,
  "summary_csf_p95": 759.0987170208246,
  "summary_csf_stdv": 180.50284448748636,
  "summary_gm_k": -0.18471443137271626,
  "summary_gm_mad": 81.24833943159469,
  "summary_gm_mean": 772.1371162092946,
  "summary_gm_median": 785.0969109032303,
  "summary_gm_n": 577619.1176428105,
  "summary_gm_p05": 501.7327790334821,
  "summary_gm_p95": 1010.4775190725923,
  "summary_gm_stdv": 148.256312727096,
  "summary_wm_k": -0.672481769399738,
  "summary_wm_mad": 60.73633247863796,
  "summary_wm_mean": 959.8954869635726,
  "summary_wm_median": 975.3368068020791,
  "summary_wm_n": 624677.075118255,
  "summary_wm_p05": 829.4610488042235,
  "summary_wm_p95": 1050.9581093396991,
  "summary_wm_stdv": 69.02825984674688,
  "tpm_overlap_csf": 0.2081068045946933,
  "tpm_overlap_gm": 0.4928450032805185,
  "tpm_overlap_wm": 0.5361466815682673,
  "wm2max": 0.7006819855078079
}