{
  "bids_meta": {
    "InstitutionName": "HH",
    "dataset": "<unset>",
    "modality": "T1w",
    "subject_id": "0204"
  },
  "cjv": 0.7464102529774156,
  "cnr": 1.4404124059581562,
  "efc": 0.6184305437847168,
  "fber": -1.0,
  "fwhm_avg": 5.133443347833208,
  "fwhm_x": 4.4191673768329585,
  "fwhm_y": 5.741866666666667,
  "fwhm_z": 5.2392959999999995,
  "icvs_csf": 0.24100217182591888,
  "icvs_gm": 0.3857786588346828,
  "icvs_wm": 0.37321916933939836,
  "inu_med": 0.33185163140296936,
  "inu_range": 0.15352888405323029,
  "provenance": {
    "md5sum": "7f3d23fa81c03877226f763885d43c83",
    "settings": {
      "testing": false
    },
    "software": "mriqc",
    "version": "23.1.0",
    "warnings": {
      "large_rot_frame": true,
      "small_air_mask": false
    }
  },
  "qi_1": 0.0,
  "qi_2": 0.002972696699828718,
  "rpve_csf": 5.959716111799549,
  "rpve_gm": 5.862167119884128,
  "rpve_wm": 5.935097008154303,
  "size_x": 150,
  "size_y": 256,
  "size_z": 256,
  "snr_csf": 2.35630472829486,
  "snr_gm": 8.38508902739211,
  "snr_total": 9.522787763990022,
  "snr_wm": 17.826969536283098,
  "snrd_csf": 66.80237318496842,
  "snrd_gm": 95.90968505878585,
  "snrd_total": 92.5180803634526,
  "snrd_wm": 114.84218284660352,
  "spacing_x": 1.1999975442886353,
  "spacing_y": 0.9375,
  "spacing_z": 0.9375,
  "summary_bg_k": 3489.5475232296667,
  "summary_bg_mad": 0.0,
  "summary_bg_mean": 1.0764805767911905,
  "summary_bg_median": 0.0,
  "summary_bg_n": 2870912.0,
  "summary_bg_p05": 0.0,
  "summary_bg_p95": 7.913083139806986,
  "summary_bg_stdv": 5.4931839250201,
  "summary_csf_k": -0.314338573324052,
  "summary_csf_mad": 144.7444047279936,
  "summary_csf_mean": 537.5853276556661,
  "summary_csf_median": 560.1241551116109,
  "summary_csf_n": 391089.4076014515,
  "summary_csf_p05": 96.86529747024179,
  "summary_csf_p95": 895.4760386571288,
  "summary_csf_stdv": 237.71264908038293,
  "summary_gm_k": -0.7153167901694166,
  "summary_gm_mad": 71.07074759122752,
  "summary_gm_mean": 806.6632038765395,
  "summary_gm_median": 804.1829765811563,
  "summary_gm_n": 626027.3341350555,
  "summary_gm_p05": 651.0101132318377,
  "summary_gm_p95": 975.0648620054126,
  "summary_gm_stdv": 95.90623685248893,
  "summary_wm_k": -0.2529517760983624,
  "summary_wm_mad": 47.418221720898615,
  "summary_wm_mean": 957.8403525287008,
  "summary_wm_median": 962.928075324744,
  "summary_wm_n": 605646.2592705708,
  "summary_wm_p05": 859.7272225432098,
  "summary_wm_p95": 1038.013311162591,
  "summary_wm_stdv": 54.015197502044494,
  "tpm_overlap_csf": 0.21337866786475584,
  "tpm_overlap_gm": 0.5250021567782308,
  "tpm_overlap_wm": 0.5411499289676142,
  "wm2max": 0.7056710941895089
}