{
  "bids_meta": {
    "InstitutionName": "HH",
    "dataset": "<unset>",
    "modality": "T1w",
    "subject_id": "0336"
  },
  "cjv": 0.8383012698486796,
  "cnr": 1.0621777985938061,
  "efc": 0.6287066608279818,
  "fber": -1.0,
  "fwhm_avg": 4.712648959927416,
  "fwhm_x": 4.1306405553573144,
  "fwhm_y": 5.382996991091602,
  "fwhm_z": 4.624309333333333,
  "icvs_csf": 0.26773425746701984,
  "icvs_gm": 0.35579331250874974,
  "icvs_wm": 0.3764724300242305,
  "inu_med": 0.4583342969417572,
  "inu_range": 0.2067875772714614,
  "provenance": {
    "md5sum": "b81bd339b5e8ddb446697ec6a52e17dc",
    "settings": {
      "testing": false
    },
    "software": "mriqc",
    "version": "23.1.0",
    "warnings": {
      "large_rot_frame": true,
      "small_air_mask": false
    }
  },
  "qi_1": 0.0,
  "qi_2": 0.000755720635158164,
  "rpve_csf": 6.989326325138802,
  "rpve_gm": 6.841573367152652,
  "rpve_wm": 6.914284714952808,
  "size_x": 150,
  "size_y": 256,
  "size_z": 256,
  "snr_csf": 2.4759216553477454,
  "snr_gm": 5.971811491526228,
  "snr_total": 7.176466241456869,
  "snr_wm": 13.081665577496636,
  "snrd_csf": 46.54056584477652,
  "snrd_gm": 85.68550457316094,
  "snrd_total": 78.43773623226922,
  "snrd_wm": 103.0871382788702,
  "spacing_x": 1.199997901916504,
  "spacing_y": 0.9375000596046448,
  "spacing_z": 0.9375,
  "summary_bg_k": 51.45630986239126,
  "summary_bg_mad": 0.0,
  "summary_bg_mean": 2.29059744168356,
  "summary_bg_median": 0.0,
  "summary_bg_n": 2484032.0,
  "summary_bg_p05": 0.0,
  "summary_bg_p95": 14.622523427009583,
  "summary_bg_stdv": 6.112249662498536,
  "summary_csf_k": 0.18354468206693708,
  "summary_csf_mad": 134.87329645985642,
  "summary_csf_mean": 455.0984303980865,
  "summary_csf_median": 434.2111930847168,
  "summary_csf_n": 372332.40979091777,
  "summary_csf_p05": 161.29922497272491,
  "summary_csf_p95": 772.3852640390396,
  "summary_csf_stdv": 175.37332372788063,
  "summary_gm_k": 0.008144998206272902,
  "summary_gm_mad": 69.61202397928074,
  "summary_gm_mean": 793.3955194057002,
  "summary_gm_median": 799.4231375455856,
  "summary_gm_n": 494794.2885127215,
  "summary_gm_p05": 557.5370038747787,
  "summary_gm_p95": 1011.4622679948807,
  "summary_gm_stdv": 133.86596861700838,
  "summary_wm_k": -0.6886755942394589,
  "summary_wm_mad": 66.48840751867198,
  "summary_wm_mean": 948.9156721922077,
  "summary_wm_median": 961.7757861614227,
  "summary_wm_n": 523552.3030071384,
  "summary_wm_p05": 815.3749812841415,
  "summary_wm_p95": 1050.7148394584656,
  "summary_wm_stdv": 73.52082668324006,
  "tpm_overlap_csf": 0.20100049344368706,
  "tpm_overlap_gm": 0.4993072522109714,
  "tpm_overlap_wm": 0.52595425496097,
  "wm2max": 0.6906351922936609
}