{
  "bids_meta": {
    "InstitutionName": "HH",
    "dataset": "<unset>",
    "modality": "T1w",
    "subject_id": "0374"
  },
  "cjv": 0.8791149443173311,
  "cnr": 0.9671415907805713,
  "efc": 0.7049038210053863,
  "fber": -1.0,
  "fwhm_avg": 4.77500499394618,
  "fwhm_x": 4.0852496485052034,
  "fwhm_y": 5.4507200000000005,
  "fwhm_z": 4.789045333333333,
  "icvs_csf": 0.2646489079172984,
  "icvs_gm": 0.34671082449822876,
  "icvs_wm": 0.3886402675844728,
  "inu_med": 0.5211822986602783,
  "inu_range": 0.24934424161911012,
  "provenance": {
    "md5sum": "1d94c688c8c34e27d0d5eff63b67072c",
    "settings": {
      "testing": false
    },
    "software": "mriqc",
    "version": "23.1.0",
    "warnings": {
      "large_rot_frame": true,
      "small_air_mask": false
    }
  },
  "qi_1": 0.0,
  "qi_2": 0.0019866023881805225,
  "rpve_csf": 7.147085544706388,
  "rpve_gm": 7.004711502385377,
  "rpve_wm": 7.086978092144869,
  "size_x": 150,
  "size_y": 256,
  "size_z": 256,
  "snr_csf": 2.7255137235310376,
  "snr_gm": 5.015141761422902,
  "snr_total": 6.94696612175763,
  "snr_wm": 13.100242880318953,
  "snrd_csf": 26.32168241247684,
  "snrd_gm": 47.73832738152433,
  "snrd_total": 43.989461315364224,
  "snrd_wm": 57.90837415209149,
  "spacing_x": 1.2000025510787964,
  "spacing_y": 0.9375,
  "spacing_z": 0.9375,
  "summary_bg_k": 49.766654750446975,
  "summary_bg_mad": 0.0,
  "summary_bg_mean": 3.2195505393785555,
  "summary_bg_median": 0.0,
  "summary_bg_n": 2640148.0,
  "summary_bg_p05": 0.0,
  "summary_bg_p95": 22.7864225525409,
  "summary_bg_stdv": 10.783338392906591,
  "summary_csf_k": 0.2369892574073793,
  "summary_csf_mad": 122.65395319206709,
  "summary_csf_mean": 446.86956859212756,
  "summary_csf_median": 433.2465857863426,
  "summary_csf_n": 359647.01567207376,
  "summary_csf_p05": 195.0827865190804,
  "summary_csf_p95": 732.7925221119076,
  "summary_csf_stdv": 158.95938432578475,
  "summary_gm_k": 2.2540632728136236,
  "summary_gm_mad": 77.58231979016291,
  "summary_gm_mean": 774.8250651757016,
  "summary_gm_median": 785.757803209126,
  "summary_gm_n": 471165.7958964949,
  "summary_gm_p05": 489.700432183221,
  "summary_gm_p95": 1018.7718156054616,
  "summary_gm_stdv": 156.67692096134732,
  "summary_wm_k": -0.5138544787754622,
  "summary_wm_mad": 69.5777947324477,
  "summary_wm_mean": 947.2907154824928,
  "summary_wm_median": 953.1535635404289,
  "summary_wm_n": 528146.1900097104,
  "summary_wm_p05": 820.0897156819701,
  "summary_wm_p95": 1057.2844690326601,
  "summary_wm_stdv": 72.75839615265929,
  "tpm_overlap_csf": 0.20972434616883337,
  "tpm_overlap_gm": 0.4877668545303128,
  "tpm_overlap_wm": 0.5347077281676103,
  "wm2max": 0.613894932058918
}