{
  "bids_meta": {
    "InstitutionName": "HH",
    "dataset": "<unset>",
    "modality": "T1w",
    "subject_id": "0459"
  },
  "cjv": 0.6425070192032665,
  "cnr": 1.5493355234431352,
  "efc": 0.602022848287257,
  "fber": -1.0,
  "fwhm_avg": 5.0579268250566995,
  "fwhm_x": 4.361812160272751,
  "fwhm_y": 5.859061333333333,
  "fwhm_z": 4.952906981564012,
  "icvs_csf": 0.2709225066263096,
  "icvs_gm": 0.3716796722960221,
  "icvs_wm": 0.35739782107766827,
  "inu_med": 0.39453232288360596,
  "inu_range": 0.19794059544801712,
  "provenance": {
    "md5sum": "b1d163798ef015c53197a85ffa2eb09d",
    "settings": {
      "testing": false
    },
    "software": "mriqc",
    "version": "23.1.0",
    "warnings": {
      "large_rot_frame": true,
      "small_air_mask": false
    }
  },
  "qi_1": 0.0,
  "qi_2": 0.0027494580801590792,
  "rpve_csf": 6.738642543148048,
  "rpve_gm": 6.644359102025344,
  "rpve_wm": 6.715357309441117,
  "size_x": 150,
  "size_y": 256,
  "size_z": 256,
  "snr_csf": 2.2694636649442743,
  "snr_gm": 7.357231859755085,
  "snr_total": 8.77758906075112,
  "snr_wm": 16.706071657554002,
  "snrd_csf": 52.97857884044024,
  "snrd_gm": 91.46856505779503,
  "snrd_total": 85.96233431934941,
  "snrd_wm": 113.43985905981297,
  "spacing_x": 1.2000012397766113,
  "spacing_y": 0.9375,
  "spacing_z": 0.9374999403953552,
  "summary_bg_k": 341.74080506462656,
  "summary_bg_mad": 0.0,
  "summary_bg_mean": 1.9690719900365583,
  "summary_bg_median": 0.0,
  "summary_bg_n": 2336608.0,
  "summary_bg_p05": 0.0,
  "summary_bg_p95": 12.680388713255525,
  "summary_bg_stdv": 5.601424207922216,
  "summary_csf_k": -0.20887215209468613,
  "summary_csf_mad": 152.9212748193878,
  "summary_csf_mean": 457.3307402049301,
  "summary_csf_median": 452.96749504096806,
  "summary_csf_n": 390652.91578132473,
  "summary_csf_p05": 93.21461288817227,
  "summary_csf_p95": 789.6855882294476,
  "summary_csf_stdv": 199.59205440495904,
  "summary_gm_k": -0.5262368429508206,
  "summary_gm_mad": 73.38292989029303,
  "summary_gm_mean": 781.3760346446487,
  "summary_gm_median": 782.0573464985937,
  "summary_gm_n": 535938.3003176007,
  "summary_gm_p05": 599.8048957027495,
  "summary_gm_p95": 972.8634322844446,
  "summary_gm_stdv": 106.29767170463937,
  "summary_wm_k": -0.5522053691688895,
  "summary_wm_mad": 47.31511800910253,
  "summary_wm_mean": 957.3162313649229,
  "summary_wm_median": 969.912178106606,
  "summary_wm_n": 515344.7848851579,
  "summary_wm_p05": 842.6080784015357,
  "summary_wm_p95": 1032.3136965278536,
  "summary_wm_stdv": 58.057409123782975,
  "tpm_overlap_csf": 0.20239377285603463,
  "tpm_overlap_gm": 0.5213524008834075,
  "tpm_overlap_wm": 0.5564179443755225,
  "wm2max": 0.7541519194119248
}