{
  "bids_meta": {
    "InstitutionName": "HH",
    "dataset": "<unset>",
    "modality": "T1w",
    "subject_id": "0562"
  },
  "cjv": 0.8353478183298721,
  "cnr": 1.0653232131225188,
  "efc": 0.6661403035088945,
  "fber": -1.0,
  "fwhm_avg": 5.1668825178001745,
  "fwhm_x": 4.48840222006719,
  "fwhm_y": 5.847285333333334,
  "fwhm_z": 5.16496,
  "icvs_csf": 0.2632943602493651,
  "icvs_gm": 0.3530899526453326,
  "icvs_wm": 0.38361568710530225,
  "inu_med": 0.4090867340564728,
  "inu_range": 0.21621221601963042,
  "provenance": {
    "md5sum": "b202d10982781014ec5c38e0237fad74",
    "settings": {
      "testing": false
    },
    "software": "mriqc",
    "version": "23.1.0",
    "warnings": {
      "large_rot_frame": true,
      "small_air_mask": false
    }
  },
  "qi_1": 0.0,
  "qi_2": 0.0026576710590859075,
  "rpve_csf": 5.899149267128073,
  "rpve_gm": 5.756525814078065,
  "rpve_wm": 5.808057120257959,
  "size_x": 150,
  "size_y": 256,
  "size_z": 256,
  "snr_csf": 2.6730990327398523,
  "snr_gm": 6.4034673016383525,
  "snr_total": 7.788649532530774,
  "snr_wm": 14.28938226321412,
  "snrd_csf": 9.946217233262733,
  "snrd_gm": 20.272352775324638,
  "snrd_total": 18.125851073192354,
  "snrd_wm": 24.1589832109897,
  "spacing_x": 1.2000038623809814,
  "spacing_y": 0.9375,
  "spacing_z": 0.9375,
  "summary_bg_k": 342.58666037383097,
  "summary_bg_mad": 0.0,
  "summary_bg_mean": 2.941102752505095,
  "summary_bg_median": 0.0,
  "summary_bg_n": 2717319.0,
  "summary_bg_p05": 0.0,
  "summary_bg_p95": 10.039398714900017,
  "summary_bg_stdv": 26.018443348846752,
  "summary_csf_k": 0.3763178008512442,
  "summary_csf_mad": 114.8351452855735,
  "summary_csf_mean": 421.45434271932953,
  "summary_csf_median": 395.0094814132899,
  "summary_csf_n": 434872.5003663474,
  "summary_csf_p05": 199.67897095158696,
  "summary_csf_p95": 693.0687229111791,
  "summary_csf_stdv": 147.77193901460183,
  "summary_gm_k": 0.09734475669529896,
  "summary_gm_mad": 68.66743615983616,
  "summary_gm_mean": 800.5619095285699,
  "summary_gm_median": 805.1072451975197,
  "summary_gm_n": 583184.1989159402,
  "summary_gm_p05": 582.606152748689,
  "summary_gm_p95": 1006.1286938842386,
  "summary_gm_stdv": 125.72978310092039,
  "summary_wm_k": -0.5131795042493184,
  "summary_wm_mad": 60.273307227883905,
  "summary_wm_mean": 950.7991016632844,
  "summary_wm_median": 959.4630004391074,
  "summary_wm_n": 633602.3030392252,
  "summary_wm_p05": 829.0675543397665,
  "summary_wm_p95": 1048.737769825384,
  "summary_wm_stdv": 67.14511695579479,
  "tpm_overlap_csf": 0.18976286165304457,
  "tpm_overlap_gm": 0.5003149558191544,
  "tpm_overlap_wm": 0.5617701775814672,
  "wm2max": 0.6170304611399936
}