{
  "bids_meta": {
    "InstitutionName": "HH",
    "dataset": "<unset>",
    "modality": "T1w",
    "subject_id": "0291"
  },
  "cjv": 0.6549142237489786,
  "cnr": 1.5205114447871255,
  "efc": 0.6228265612621969,
  "fber": -1.0,
  "fwhm_avg": 5.077586175347789,
  "fwhm_x": 4.267126526043365,
  "fwhm_y": 5.968469333333333,
  "fwhm_z": 4.997162666666667,
  "icvs_csf": 0.25845818410680654,
  "icvs_gm": 0.3739918604988752,
  "icvs_wm": 0.36754995539431834,
  "inu_med": 0.3407047390937805,
  "inu_range": 0.16305773109197613,
  "provenance": {
    "md5sum": "12dbd0f759b871304d14f43228751656",
    "settings": {
      "testing": false
    },
    "software": "mriqc",
    "version": "23.1.0",
    "warnings": {
      "large_rot_frame": true,
      "small_air_mask": false
    }
  },
  "qi_1": 0.0,
  "qi_2": 0.0026898860996278718,
  "rpve_csf": 6.042876654560223,
  "rpve_gm": 5.947368382264237,
  "rpve_wm": 6.015414265377265,
  "size_x": 150,
  "size_y": 256,
  "size_z": 256,
  "snr_csf": 2.348939640995808,
  "snr_gm": 7.819097840381159,
  "snr_total": 9.525829516305821,
  "snr_wm": 18.4094510675405,
  "snrd_csf": 26.09492836046873,
  "snrd_gm": 44.53100734430458,
  "snrd_total": 41.65367432121247,
  "snrd_wm": 54.335087258864114,
  "spacing_x": 1.1999995708465576,
  "spacing_y": 0.9375,
  "spacing_z": 0.9375,
  "summary_bg_k": 2353.700585469947,
  "summary_bg_mad": 0.0,
  "summary_bg_mean": 1.4264572389075285,
  "summary_bg_median": 0.0,
  "summary_bg_n": 2547010.0,
  "summary_bg_p05": 0.0,
  "summary_bg_p95": 8.813118729740381,
  "summary_bg_stdv": 11.736515640267282,
  "summary_csf_k": -0.11512381329037025,
  "summary_csf_mad": 158.97391746477408,
  "summary_csf_mean": 477.12633018910776,
  "summary_csf_median": 467.4805656261742,
  "summary_csf_n": 415188.2610669462,
  "summary_csf_p05": 124.82843577861786,
  "summary_csf_p95": 808.495285436511,
  "summary_csf_stdv": 199.01746068427846,
  "summary_gm_k": -0.5341342517676888,
  "summary_gm_mad": 71.15091343078704,
  "summary_gm_mean": 798.2326338323128,
  "summary_gm_median": 797.7558019571006,
  "summary_gm_n": 600782.021085285,
  "summary_gm_p05": 624.960883911699,
  "summary_gm_p95": 980.4955780226737,
  "summary_gm_stdv": 102.026493888556,
  "summary_wm_k": -0.430973423958116,
  "summary_wm_mad": 43.87580160884961,
  "summary_wm_mean": 963.2844867560088,
  "summary_wm_median": 973.3921080082655,
  "summary_wm_n": 590433.7189506001,
  "summary_wm_p05": 859.881065133959,
  "summary_wm_p95": 1033.2298130448908,
  "summary_wm_stdv": 52.8745414588483,
  "tpm_overlap_csf": 0.21270650962285087,
  "tpm_overlap_gm": 0.5235002612946483,
  "tpm_overlap_wm": 0.5553240531354968,
  "wm2max": 0.8276008825135868
}