{
  "bids_meta": {
    "InstitutionName": "HH",
    "dataset": "<unset>",
    "modality": "T1w",
    "subject_id": "0935"
  },
  "cjv": 0.6665046813411055,
  "cnr": 1.4650934315529227,
  "efc": 0.6163087490216681,
  "fber": -1.0,
  "fwhm_avg": 5.082630566246976,
  "fwhm_x": 4.376275334045674,
  "fwhm_y": 5.736160364695254,
  "fwhm_z": 5.1354560000000005,
  "icvs_csf": 0.27369962503232914,
  "icvs_gm": 0.3712451283310515,
  "icvs_wm": 0.3550552466366193,
  "inu_med": 0.3883814811706543,
  "inu_range": 0.15965719819068908,
  "provenance": {
    "md5sum": "88d5233c5c925f5489b7507a3d00e1a4",
    "settings": {
      "testing": false
    },
    "software": "mriqc",
    "version": "23.1.0",
    "warnings": {
      "large_rot_frame": true,
      "small_air_mask": false
    }
  },
  "qi_1": 0.0,
  "qi_2": 0.0005582781493279845,
  "rpve_csf": 6.460163701908292,
  "rpve_gm": 6.348556123338652,
  "rpve_wm": 6.415846421562312,
  "size_x": 150,
  "size_y": 256,
  "size_z": 256,
  "snr_csf": 2.1945955383110634,
  "snr_gm": 6.975088719157473,
  "snr_total": 7.798075897910518,
  "snr_wm": 14.224543436263017,
  "snrd_csf": 74.60010456632591,
  "snrd_gm": 134.59322499521338,
  "snrd_total": 125.64412181496527,
  "snrd_wm": 167.7390358833565,
  "spacing_x": 1.2000021934509277,
  "spacing_y": 0.9374999403953552,
  "spacing_z": 0.9375,
  "summary_bg_k": 721.5456276434877,
  "summary_bg_mad": 0.0,
  "summary_bg_mean": 1.3397039760925016,
  "summary_bg_median": 0.0,
  "summary_bg_n": 2670499.0,
  "summary_bg_p05": 0.0,
  "summary_bg_p95": 9.052490055561066,
  "summary_bg_stdv": 3.748883130770467,
  "summary_csf_k": -0.2962771770577688,
  "summary_csf_mad": 151.5496724408972,
  "summary_csf_mean": 434.23238555300946,
  "summary_csf_median": 426.8837352991104,
  "summary_csf_n": 411745.23150293843,
  "summary_csf_p05": 86.25078058242798,
  "summary_csf_p95": 766.6282493472099,
  "summary_csf_stdv": 194.51566790479396,
  "summary_gm_k": -0.44827040887683056,
  "summary_gm_mad": 72.23262517796111,
  "summary_gm_mean": 770.8449314943126,
  "summary_gm_median": 770.1820120215416,
  "summary_gm_n": 558489.6628592436,
  "summary_gm_p05": 584.425876557827,
  "summary_gm_p95": 971.425829410553,
  "summary_gm_stdv": 110.41885680732827,
  "summary_wm_k": -0.591713754017201,
  "summary_wm_mad": 54.18336891121578,
  "summary_wm_mean": 942.5881399921724,
  "summary_wm_median": 959.8520888090134,
  "summary_wm_n": 534134.1067071598,
  "summary_wm_p05": 809.9457349181175,
  "summary_wm_p95": 1026.3170555830002,
  "summary_wm_stdv": 67.47852362342653,
  "tpm_overlap_csf": 0.1843502386276455,
  "tpm_overlap_gm": 0.5225570556643203,
  "tpm_overlap_wm": 0.543393115802113,
  "wm2max": 0.7477366255144033
}