{
  "bids_meta": {
    "InstitutionName": "HH",
    "dataset": "<unset>",
    "modality": "T1w",
    "subject_id": "0830"
  },
  "cjv": 0.7690563576968577,
  "cnr": 1.1484868429684707,
  "efc": 0.6283286736978946,
  "fber": 8734.03215191402,
  "fwhm_avg": 4.933728567581933,
  "fwhm_x": 4.334135036079133,
  "fwhm_y": 5.588821333333333,
  "fwhm_z": 4.8782293333333335,
  "icvs_csf": 0.2638511593643488,
  "icvs_gm": 0.3570108474151369,
  "icvs_wm": 0.3791379932205144,
  "inu_med": 0.40513402223587036,
  "inu_range": 0.18909015059471135,
  "provenance": {
    "md5sum": "36b7822de4cb79cd19f69b70b6d6e43d",
    "settings": {
      "testing": false
    },
    "software": "mriqc",
    "version": "23.1.0",
    "warnings": {
      "large_rot_frame": true,
      "small_air_mask": false
    }
  },
  "qi_1": 0.0,
  "qi_2": 0.0028311304293605014,
  "rpve_csf": 6.977396004402221,
  "rpve_gm": 6.843443082864813,
  "rpve_wm": 6.9092301580681665,
  "size_x": 150,
  "size_y": 256,
  "size_z": 256,
  "snr_csf": 2.073574444254118,
  "snr_gm": 6.317811241904515,
  "snr_total": 7.575836222525532,
  "snr_wm": 14.336122981417965,
  "snrd_csf": 34.89841538623988,
  "snrd_gm": 67.18679886362922,
  "snrd_total": 61.0414300892372,
  "snrd_wm": 81.03907601784249,
  "spacing_x": 1.200001835823059,
  "spacing_y": 0.9375,
  "spacing_z": 0.9375,
  "summary_bg_k": 2015.557685627168,
  "summary_bg_mad": 0.0,
  "summary_bg_mean": 1.6618071170723796,
  "summary_bg_median": 0.0,
  "summary_bg_n": 2165657.0,
  "summary_bg_p05": 0.0,
  "summary_bg_p95": 10.53259164094925,
  "summary_bg_stdv": 7.750441304540094,
  "summary_csf_k": -0.1370729550763925,
  "summary_csf_mad": 137.4471283334097,
  "summary_csf_mean": 425.29721644179176,
  "summary_csf_median": 412.8577195107937,
  "summary_csf_n": 367856.8011107965,
  "summary_csf_p05": 62.822934575378895,
  "summary_csf_p95": 779.7098736464977,
  "summary_csf_stdv": 199.1040926879125,
  "summary_gm_k": -0.1610160133552503,
  "summary_gm_mad": 67.9501478497162,
  "summary_gm_mean": 787.9750361391772,
  "summary_gm_median": 794.8380536213517,
  "summary_gm_n": 497738.4545452633,
  "summary_gm_p05": 562.9719914123416,
  "summary_gm_p95": 994.2865873128176,
  "summary_gm_stdv": 125.80895894759784,
  "summary_wm_k": -0.6516240882122557,
  "summary_wm_mad": 58.079882471004034,
  "summary_wm_mean": 945.3832171600479,
  "summary_wm_median": 958.7142495065928,
  "summary_wm_n": 528587.7450819724,
  "summary_wm_p05": 820.5236662551761,
  "summary_wm_p95": 1036.3424308225513,
  "summary_wm_stdv": 66.87396194110183,
  "tpm_overlap_csf": 0.19476710081040005,
  "tpm_overlap_gm": 0.5028405034893988,
  "tpm_overlap_wm": 0.5500843979542708,
  "wm2max": 0.6995975782184679
}