{
  "bids_meta": {
    "InstitutionName": "HH",
    "dataset": "<unset>",
    "modality": "T1w",
    "subject_id": "0185"
  },
  "cjv": 0.6400804182912432,
  "cnr": 1.66538371007013,
  "efc": 0.6061036395485636,
  "fber": -1.0,
  "fwhm_avg": 5.133927935589926,
  "fwhm_x": 4.255757140103114,
  "fwhm_y": 6.112309333333333,
  "fwhm_z": 5.033717333333333,
  "icvs_csf": 0.26295095983011874,
  "icvs_gm": 0.3811252931630652,
  "icvs_wm": 0.35592374700681617,
  "inu_med": 0.36836548149585724,
  "inu_range": 0.18899409025907515,
  "provenance": {
    "md5sum": "cc55aafbbd5ff7caa2e793847438e7d7",
    "settings": {
      "testing": false
    },
    "software": "mriqc",
    "version": "23.1.0",
    "warnings": {
      "large_rot_frame": true,
      "small_air_mask": false
    }
  },
  "qi_1": 0.0,
  "qi_2": 0.0010818224839014058,
  "rpve_csf": 6.564511531330736,
  "rpve_gm": 6.483737560973519,
  "rpve_wm": 6.562989085915248,
  "size_x": 150,
  "size_y": 256,
  "size_z": 256,
  "snr_csf": 2.3459369005614827,
  "snr_gm": 7.943696072476882,
  "snr_total": 9.355381071208596,
  "snr_wm": 17.776510240587424,
  "snrd_csf": 72.42220515730392,
  "snrd_gm": 111.04555637225464,
  "snrd_total": 107.05023392641327,
  "snrd_wm": 137.68294024968122,
  "spacing_x": 1.1999956369400024,
  "spacing_y": 0.9375,
  "spacing_z": 0.9375,
  "summary_bg_k": 28.08920206884019,
  "summary_bg_mad": 0.0,
  "summary_bg_mean": 1.424182354412176,
  "summary_bg_median": 0.0,
  "summary_bg_n": 3230421.0,
  "summary_bg_p05": 0.0,
  "summary_bg_p95": 10.883204506710172,
  "summary_bg_stdv": 4.620394152698047,
  "summary_csf_k": -0.22380295040714948,
  "summary_csf_mad": 148.51065968837153,
  "summary_csf_mean": 501.60858832334935,
  "summary_csf_median": 510.7625423260033,
  "summary_csf_n": 388210.80531728733,
  "summary_csf_p05": 99.20366680063307,
  "summary_csf_p95": 833.9044304620475,
  "summary_csf_stdv": 217.72191927310314,
  "summary_gm_k": -0.6670559177295092,
  "summary_gm_mad": 74.09433298352624,
  "summary_gm_mean": 785.5380884950571,
  "summary_gm_median": 783.156361553818,
  "summary_gm_n": 562678.9005874303,
  "summary_gm_p05": 623.2625410184264,
  "summary_gm_p95": 964.2615718040615,
  "summary_gm_stdv": 98.58832192098994,
  "summary_wm_k": -0.3389765594819645,
  "summary_wm_mad": 46.1524333890627,
  "summary_wm_mean": 962.584722278087,
  "summary_wm_median": 971.0183284822851,
  "summary_wm_n": 525472.2954665404,
  "summary_wm_p05": 857.9874417651445,
  "summary_wm_p95": 1037.789563227445,
  "summary_wm_stdv": 54.623623612954496,
  "tpm_overlap_csf": 0.203087331942988,
  "tpm_overlap_gm": 0.5223921649864508,
  "tpm_overlap_wm": 0.5449528564705555,
  "wm2max": 0.8483727783594984
}