{
  "bids_meta": {
    "InstitutionName": "HH",
    "dataset": "<unset>",
    "modality": "T1w",
    "subject_id": "0250"
  },
  "cjv": 0.6696701616113266,
  "cnr": 1.3403766065106895,
  "efc": 0.5611508558695277,
  "fber": -1.0,
  "fwhm_avg": 5.073162785478858,
  "fwhm_x": 4.50295502310324,
  "fwhm_y": 5.7227733333333335,
  "fwhm_z": 4.99376,
  "icvs_csf": 0.2754288976727223,
  "icvs_gm": 0.3613713410395224,
  "icvs_wm": 0.36319976128775533,
  "inu_med": 0.3852206617593765,
  "inu_range": 0.1486033394932747,
  "provenance": {
    "md5sum": "954ca2ee0f949ee66ac48512cff0ef8a",
    "settings": {
      "testing": false
    },
    "software": "mriqc",
    "version": "23.1.0",
    "warnings": {
      "large_rot_frame": true,
      "small_air_mask": false
    }
  },
  "qi_1": 0.0,
  "qi_2": 0.0016067329006988088,
  "rpve_csf": 6.800694200942081,
  "rpve_gm": 6.68164520453247,
  "rpve_wm": 6.747740921636245,
  "size_x": 150,
  "size_y": 256,
  "size_z": 256,
  "snr_csf": 2.272390383919197,
  "snr_gm": 6.13286488803488,
  "snr_total": 7.5499010314661525,
  "snr_wm": 14.24444782244438,
  "snrd_csf": 64.38635241210117,
  "snrd_gm": 124.92248045745994,
  "snrd_total": 115.07974627326382,
  "snrd_wm": 155.93040595023038,
  "spacing_x": 1.2000008821487427,
  "spacing_y": 0.9375,
  "spacing_z": 0.9375,
  "summary_bg_k": 1069.873982852341,
  "summary_bg_mad": 0.0,
  "summary_bg_mean": 1.2790765050919248,
  "summary_bg_median": 0.0,
  "summary_bg_n": 2851528.0,
  "summary_bg_p05": 0.0,
  "summary_bg_p95": 8.761065855622292,
  "summary_bg_stdv": 4.081980805518277,
  "summary_csf_k": 0.01562557014675159,
  "summary_csf_mad": 137.7464676844297,
  "summary_csf_mean": 417.182477811762,
  "summary_csf_median": 401.1742511689663,
  "summary_csf_n": 394089.7265414614,
  "summary_csf_p05": 102.17421043664217,
  "summary_csf_p95": 738.3147435188293,
  "summary_csf_stdv": 176.54261566107826,
  "summary_gm_k": -0.3147036813353963,
  "summary_gm_mad": 74.942783208216,
  "summary_gm_mean": 776.4961691416979,
  "summary_gm_median": 778.3587775081396,
  "summary_gm_n": 517058.0653429044,
  "summary_gm_p05": 555.0892065539956,
  "summary_gm_p95": 995.7570582553744,
  "summary_gm_stdv": 126.9158931490729,
  "summary_wm_k": -0.5614194615665324,
  "summary_wm_mad": 54.438927366766706,
  "summary_wm_mean": 954.4908171423154,
  "summary_wm_median": 971.5609208792448,
  "summary_wm_n": 519674.2092614166,
  "summary_wm_p05": 819.9394382312894,
  "summary_wm_p95": 1039.9752126261592,
  "summary_wm_stdv": 68.20622309901668,
  "tpm_overlap_csf": 0.17981525080658764,
  "tpm_overlap_gm": 0.5067068571333768,
  "tpm_overlap_wm": 0.5354440346973834,
  "wm2max": 0.7826870916058469
}