{
  "bids_meta": {
    "InstitutionName": "HH",
    "dataset": "<unset>",
    "modality": "T1w",
    "subject_id": "0121"
  },
  "cjv": 0.6629319386446241,
  "cnr": 1.4769387380510717,
  "efc": 0.6230284394057858,
  "fber": -1.0,
  "fwhm_avg": 5.246979717336523,
  "fwhm_x": 4.5218351520095705,
  "fwhm_y": 6.097994666666667,
  "fwhm_z": 5.121109333333334,
  "icvs_csf": 0.2643029011528699,
  "icvs_gm": 0.3820165484955909,
  "icvs_wm": 0.3536805503515392,
  "inu_med": 0.4376658946275711,
  "inu_range": 0.22586128115653992,
  "provenance": {
    "md5sum": "6050ff87441c533a7616d7c25ad3a214",
    "settings": {
      "testing": false
    },
    "software": "mriqc",
    "version": "23.1.0",
    "warnings": {
      "large_rot_frame": true,
      "small_air_mask": false
    }
  },
  "qi_1": 0.0,
  "qi_2": 0.0025324877136440613,
  "rpve_csf": 7.62433737918038,
  "rpve_gm": 7.505893317707354,
  "rpve_wm": 7.574321487998445,
  "size_x": 150,
  "size_y": 256,
  "size_z": 256,
  "snr_csf": 1.910350409227096,
  "snr_gm": 7.05667044530052,
  "snr_total": 7.162291133924303,
  "snr_wm": 12.519852547245296,
  "snrd_csf": 80.57979157725153,
  "snrd_gm": 146.6875014152458,
  "snrd_total": 137.19617882919536,
  "snrd_wm": 184.3212434950888,
  "spacing_x": 1.1999973058700562,
  "spacing_y": 0.9375,
  "spacing_z": 0.9375,
  "summary_bg_k": 60.368009994241426,
  "summary_bg_mad": 0.0,
  "summary_bg_mean": 0.8217665073453204,
  "summary_bg_median": 0.0,
  "summary_bg_n": 2633038.0,
  "summary_bg_p05": 0.0,
  "summary_bg_p95": 5.989430509507656,
  "summary_bg_stdv": 3.4035469619851995,
  "summary_csf_k": -0.8986558147408776,
  "summary_csf_mad": 174.53440831544202,
  "summary_csf_mean": 418.0886377697143,
  "summary_csf_median": 418.6259606704116,
  "summary_csf_n": 337283.80415771436,
  "summary_csf_p05": 56.88784585893154,
  "summary_csf_p95": 777.6394717991352,
  "summary_csf_stdv": 219.13536807897975,
  "summary_gm_k": -0.3982359077702782,
  "summary_gm_mad": 71.4922466623309,
  "summary_gm_mean": 763.1236472487373,
  "summary_gm_median": 762.0669524744153,
  "summary_gm_n": 487501.2501405295,
  "summary_gm_p05": 582.6189168170094,
  "summary_gm_p95": 964.5331916585565,
  "summary_gm_stdv": 107.99231404895716,
  "summary_wm_k": -0.6358023568766447,
  "summary_wm_mad": 58.12009726226511,
  "summary_wm_mean": 935.2731811194075,
  "summary_wm_median": 957.5807546749711,
  "summary_wm_n": 451340.9461599695,
  "summary_wm_p05": 785.8602587729692,
  "summary_wm_p95": 1027.3869800642133,
  "summary_wm_stdv": 76.48490189827115,
  "tpm_overlap_csf": 0.1787458822157709,
  "tpm_overlap_gm": 0.5433030050396648,
  "tpm_overlap_wm": 0.5461997982486663,
  "wm2max": 0.8143961849766678
}