{
  "bids_meta": {
    "InstitutionName": "HH",
    "dataset": "<unset>",
    "modality": "T1w",
    "subject_id": "0796"
  },
  "cjv": 0.6632341233320059,
  "cnr": 1.3096851716512448,
  "efc": 0.6277755125457821,
  "fber": -1.0,
  "fwhm_avg": 4.847122816954667,
  "fwhm_x": 4.056909784197333,
  "fwhm_y": 5.71472,
  "fwhm_z": 4.769738666666667,
  "icvs_csf": 0.2696191682880649,
  "icvs_gm": 0.36529656484917056,
  "icvs_wm": 0.3650842668627645,
  "inu_med": 0.3694971799850464,
  "inu_range": 0.1742908924818039,
  "provenance": {
    "md5sum": "39c2af23984712027479d51c9adfc3d9",
    "settings": {
      "testing": false
    },
    "software": "mriqc",
    "version": "23.1.0",
    "warnings": {
      "large_rot_frame": true,
      "small_air_mask": false
    }
  },
  "qi_1": 0.0,
  "qi_2": 0.002684884039648401,
  "rpve_csf": 6.410987055644993,
  "rpve_gm": 6.282745278826996,
  "rpve_wm": 6.352285509463779,
  "size_x": 150,
  "size_y": 256,
  "size_z": 256,
  "snr_csf": 2.4693196212978625,
  "snr_gm": 6.705053403316134,
  "snr_total": 7.696349750816552,
  "snr_wm": 13.914676227835661,
  "snrd_csf": 17.367740762182446,
  "snrd_gm": 31.209373710476616,
  "snrd_total": 28.974204949790117,
  "snrd_wm": 38.345500376711286,
  "spacing_x": 1.1999995708465576,
  "spacing_y": 0.9375,
  "spacing_z": 0.9375,
  "summary_bg_k": 1333.709944050727,
  "summary_bg_mad": 0.0,
  "summary_bg_mean": 1.596629113941428,
  "summary_bg_median": 0.0,
  "summary_bg_n": 2628330.0,
  "summary_bg_p05": 0.0,
  "summary_bg_p95": 8.376550102606416,
  "summary_bg_stdv": 16.485875470573642,
  "summary_csf_k": 0.39316191558181135,
  "summary_csf_mad": 135.5435500173339,
  "summary_csf_mean": 460.0016218093925,
  "summary_csf_median": 437.04244094900787,
  "summary_csf_n": 408576.30436217476,
  "summary_csf_p05": 174.4689202811569,
  "summary_csf_p95": 776.6291743330657,
  "summary_csf_stdv": 176.9887957571115,
  "summary_gm_k": -0.08633344753758943,
  "summary_gm_mad": 65.46684662004732,
  "summary_gm_mean": 785.6537958269917,
  "summary_gm_median": 785.3537805341184,
  "summary_gm_n": 553564.2046889232,
  "summary_gm_p05": 583.5276509150863,
  "summary_gm_p95": 990.6372673977166,
  "summary_gm_stdv": 117.12853335132655,
  "summary_wm_k": -0.5243427582302393,
  "summary_wm_mad": 53.63258743071664,
  "summary_wm_mean": 946.2966807397373,
  "summary_wm_median": 964.927523592487,
  "summary_wm_n": 553242.4919291812,
  "summary_wm_p05": 809.5320775061846,
  "summary_wm_p95": 1031.8935169335455,
  "summary_wm_stdv": 69.34596506070137,
  "tpm_overlap_csf": 0.2028674173895953,
  "tpm_overlap_gm": 0.503307228316554,
  "tpm_overlap_wm": 0.540763718134238,
  "wm2max": 0.828386454183267
}