{
  "bids_meta": {
    "InstitutionName": "HH",
    "dataset": "<unset>",
    "modality": "T1w",
    "subject_id": "1062"
  },
  "cjv": 0.6086586166471727,
  "cnr": 1.5967958390963644,
  "efc": 0.6362499593739924,
  "fber": -1.0,
  "fwhm_avg": 4.934564112726837,
  "fwhm_x": 4.189612338180511,
  "fwhm_y": 5.693877333333333,
  "fwhm_z": 4.9202026666666665,
  "icvs_csf": 0.25718443351458214,
  "icvs_gm": 0.3854536608325065,
  "icvs_wm": 0.35736190565291137,
  "inu_med": 0.37193261086940765,
  "inu_range": 0.15794619917869568,
  "provenance": {
    "md5sum": "1f07ecb9b201ade81191dff663dc8089",
    "settings": {
      "testing": false
    },
    "software": "mriqc",
    "version": "23.1.0",
    "warnings": {
      "large_rot_frame": true,
      "small_air_mask": false
    }
  },
  "qi_1": 0.0,
  "qi_2": 0.0022470808282870516,
  "rpve_csf": 5.886807219563349,
  "rpve_gm": 5.7868899835069545,
  "rpve_wm": 5.85721628719051,
  "size_x": 150,
  "size_y": 256,
  "size_z": 256,
  "snr_csf": 2.1278243194467743,
  "snr_gm": 7.8265187710612505,
  "snr_total": 8.206701372021088,
  "snr_wm": 14.665761025555245,
  "snrd_csf": 53.262980326712295,
  "snrd_gm": 88.66847256315668,
  "snrd_total": 84.11526718626716,
  "snrd_wm": 110.41434866893249,
  "spacing_x": 1.2000012397766113,
  "spacing_y": 0.9375,
  "spacing_z": 0.9375,
  "summary_bg_k": 3012.635613117242,
  "summary_bg_mad": 0.0,
  "summary_bg_mean": 1.3944398689761166,
  "summary_bg_median": 0.0,
  "summary_bg_n": 2526413.0,
  "summary_bg_p05": 0.0,
  "summary_bg_p95": 9.118964368477464,
  "summary_bg_stdv": 5.746884080330048,
  "summary_csf_k": -0.5345792690849325,
  "summary_csf_mad": 165.3680998292054,
  "summary_csf_mean": 466.00836842240096,
  "summary_csf_median": 467.22510565817356,
  "summary_csf_n": 423516.4084640404,
  "summary_csf_p05": 75.50409683212638,
  "summary_csf_p95": 809.8939753621817,
  "summary_csf_stdv": 219.57853840922115,
  "summary_gm_k": -0.4467292771977731,
  "summary_gm_mad": 66.9109536442281,
  "summary_gm_mean": 780.091787550669,
  "summary_gm_median": 777.8035740349442,
  "summary_gm_n": 634742.7324206369,
  "summary_gm_p05": 614.9616098161787,
  "summary_gm_p95": 966.378188341856,
  "summary_gm_stdv": 99.38045050357002,
  "summary_wm_k": -0.3131155877017848,
  "summary_wm_mad": 49.19417157390549,
  "summary_wm_mean": 952.7593962673402,
  "summary_wm_median": 968.5593146793544,
  "summary_wm_n": 588482.8593072875,
  "summary_wm_p05": 819.9874855410308,
  "summary_wm_p95": 1035.3157026898116,
  "summary_wm_stdv": 66.04215697107041,
  "tpm_overlap_csf": 0.2078116020926272,
  "tpm_overlap_gm": 0.5289041377667978,
  "tpm_overlap_wm": 0.5548682394738703,
  "wm2max": 0.7152771290617793
}