{
  "bids_meta": {
    "InstitutionName": "HH",
    "dataset": "<unset>",
    "modality": "T1w",
    "subject_id": "0071"
  },
  "cjv": 0.7201466611705454,
  "cnr": 1.3846725676278506,
  "efc": 0.5772372762699204,
  "fber": -1.0,
  "fwhm_avg": 5.006909448158637,
  "fwhm_x": 4.350435011142575,
  "fwhm_y": 5.71632,
  "fwhm_z": 4.953973333333334,
  "icvs_csf": 0.26045619223198596,
  "icvs_gm": 0.3716178039702829,
  "icvs_wm": 0.3679260037977312,
  "inu_med": 0.3553272485733032,
  "inu_range": 0.17144173234701154,
  "provenance": {
    "md5sum": "1b375c3ae9095bc5dd47cec01846b010",
    "settings": {
      "testing": false
    },
    "software": "mriqc",
    "version": "23.1.0",
    "warnings": {
      "large_rot_frame": true,
      "small_air_mask": false
    }
  },
  "qi_1": 0.0,
  "qi_2": 0.0012033423628700596,
  "rpve_csf": 6.468878468051816,
  "rpve_gm": 6.355253423298482,
  "rpve_wm": 6.416961226719333,
  "size_x": 150,
  "size_y": 256,
  "size_z": 256,
  "snr_csf": 2.2552496140833123,
  "snr_gm": 8.065516946994023,
  "snr_total": 8.999398877051146,
  "snr_wm": 16.677430070076102,
  "snrd_csf": 69.25789919497633,
  "snrd_gm": 119.95686819437321,
  "snrd_total": 110.99750867553826,
  "snrd_wm": 143.7777586372652,
  "spacing_x": 1.200001835823059,
  "spacing_y": 0.9375,
  "spacing_z": 0.9375,
  "summary_bg_k": 16.92020389094264,
  "summary_bg_mad": 0.0,
  "summary_bg_mean": 1.8066381558551525,
  "summary_bg_median": 0.0,
  "summary_bg_n": 2491332.0,
  "summary_bg_p05": 0.0,
  "summary_bg_p95": 10.839912254363298,
  "summary_bg_stdv": 4.397520968835148,
  "summary_csf_k": -0.3574021354237864,
  "summary_csf_mad": 167.08402116256727,
  "summary_csf_mean": 468.8644074029296,
  "summary_csf_median": 464.8849674165249,
  "summary_csf_n": 391490.13996956684,
  "summary_csf_p05": 98.81461215391755,
  "summary_csf_p95": 810.4826153479517,
  "summary_csf_stdv": 206.13433243722514,
  "summary_gm_k": -0.4747406646986181,
  "summary_gm_mad": 66.14637341654334,
  "summary_gm_mean": 806.438959391888,
  "summary_gm_median": 805.1954421103001,
  "summary_gm_n": 558576.4916732223,
  "summary_gm_p05": 637.4785814620554,
  "summary_gm_p95": 983.2693681418896,
  "summary_gm_stdv": 99.83175618438433,
  "summary_wm_k": -0.5089885186668268,
  "summary_wm_mad": 49.001290696562684,
  "summary_wm_mean": 955.3075065824498,
  "summary_wm_median": 965.0901834480464,
  "summary_wm_n": 553027.368982353,
  "summary_wm_p05": 844.6440314725041,
  "summary_wm_p95": 1034.3787094391882,
  "summary_wm_stdv": 57.86798726425897,
  "tpm_overlap_csf": 0.20312764275666173,
  "tpm_overlap_gm": 0.5251976656540197,
  "tpm_overlap_wm": 0.5629142261088236,
  "wm2max": 0.7457744114025596
}