{
  "bids_meta": {
    "InstitutionName": "HH",
    "dataset": "<unset>",
    "modality": "T1w",
    "subject_id": "0924"
  },
  "cjv": 0.6805084723025989,
  "cnr": 1.5499432626057443,
  "efc": 0.5514364040853028,
  "fber": -1.0,
  "fwhm_avg": 5.035082354108692,
  "fwhm_x": 4.343156027802533,
  "fwhm_y": 5.7858883678568755,
  "fwhm_z": 4.9762026666666666,
  "icvs_csf": 0.25241470043289266,
  "icvs_gm": 0.38110489668832304,
  "icvs_wm": 0.3664804028787843,
  "inu_med": 0.3020641505718231,
  "inu_range": 0.12418147772550583,
  "provenance": {
    "md5sum": "eee10e9096b54336f983b5dc2bbdb2eb",
    "settings": {
      "testing": false
    },
    "software": "mriqc",
    "version": "23.1.0",
    "warnings": {
      "large_rot_frame": true,
      "small_air_mask": false
    }
  },
  "qi_1": 0.0,
  "qi_2": 0.0005526666571813343,
  "rpve_csf": 6.138724155495309,
  "rpve_gm": 6.051599837044495,
  "rpve_wm": 6.125882543685857,
  "size_x": 150,
  "size_y": 256,
  "size_z": 256,
  "snr_csf": 2.3144401191780664,
  "snr_gm": 8.158647689520308,
  "snr_total": 9.96512365915263,
  "snr_wm": 19.422283168759517,
  "snrd_csf": 119.51564601036009,
  "snrd_gm": 184.33575593253946,
  "snrd_total": 175.8351738914629,
  "snrd_wm": 223.65411973148912,
  "spacing_x": 1.1999937295913696,
  "spacing_y": 0.9374999403953552,
  "spacing_z": 0.9375,
  "summary_bg_k": 26.290176028490542,
  "summary_bg_mad": 0.0,
  "summary_bg_mean": 0.9345763342087374,
  "summary_bg_median": 0.0,
  "summary_bg_n": 3282499.0,
  "summary_bg_p05": 0.0,
  "summary_bg_p95": 5.462930101901293,
  "summary_bg_stdv": 2.849366530110072,
  "summary_csf_k": -0.5212571498865546,
  "summary_csf_mad": 156.06154561319104,
  "summary_csf_mean": 507.43597244963115,
  "summary_csf_median": 519.8060763627291,
  "summary_csf_n": 398355.32740396867,
  "summary_csf_p05": 102.25848381221294,
  "summary_csf_p95": 852.5718316175044,
  "summary_csf_stdv": 224.592297556049,
  "summary_gm_k": -0.6657128010177424,
  "summary_gm_mad": 72.71885994198118,
  "summary_gm_mean": 802.3291045667671,
  "summary_gm_median": 801.72637828812,
  "summary_gm_n": 601451.3641050569,
  "summary_gm_p05": 639.2337690666318,
  "summary_gm_p95": 978.337469201535,
  "summary_gm_stdv": 98.26698520448953,
  "summary_wm_k": -0.4321502129633621,
  "summary_wm_mad": 43.65235324386045,
  "summary_wm_mean": 965.5482180984437,
  "summary_wm_median": 972.7326448112726,
  "summary_wm_n": 578371.3096960826,
  "summary_wm_p05": 869.5754971727729,
  "summary_wm_p95": 1034.6458526328206,
  "summary_wm_stdv": 50.08328811988092,
  "tpm_overlap_csf": 0.20675567193170377,
  "tpm_overlap_gm": 0.5213890208920198,
  "tpm_overlap_wm": 0.5410119952257654,
  "wm2max": 0.811989931932871
}