{
  "bids_meta": {
    "InstitutionName": "HH",
    "dataset": "<unset>",
    "modality": "T1w",
    "subject_id": "1189"
  },
  "cjv": 0.6468153391256262,
  "cnr": 1.428719775001221,
  "efc": 0.6306699505554264,
  "fber": -1.0,
  "fwhm_avg": 4.83069991500477,
  "fwhm_x": 4.175001078347643,
  "fwhm_y": 5.564586666666667,
  "fwhm_z": 4.752511999999999,
  "icvs_csf": 0.26750881999136833,
  "icvs_gm": 0.37050623450259107,
  "icvs_wm": 0.3619849455060405,
  "inu_med": 0.3860255628824234,
  "inu_range": 0.1886535972356796,
  "provenance": {
    "md5sum": "e035eae5d7d4cfc9bd325ee143fde82d",
    "settings": {
      "testing": false
    },
    "software": "mriqc",
    "version": "23.1.0",
    "warnings": {
      "large_rot_frame": true,
      "small_air_mask": false
    }
  },
  "qi_1": 0.0,
  "qi_2": 0.001620308193966968,
  "rpve_csf": 6.599013000749041,
  "rpve_gm": 6.491713734004967,
  "rpve_wm": 6.569582412428502,
  "size_x": 150,
  "size_y": 256,
  "size_z": 256,
  "snr_csf": 2.4642687500780944,
  "snr_gm": 7.165935753802865,
  "snr_total": 8.422495179418219,
  "snr_wm": 15.637281034373698,
  "snrd_csf": 51.07860769516163,
  "snrd_gm": 83.23246617986872,
  "snrd_total": 78.87079314678353,
  "snrd_wm": 102.30130556532026,
  "spacing_x": 1.1999996900558472,
  "spacing_y": 0.9375,
  "spacing_z": 0.9375,
  "summary_bg_k": 943.4442000278968,
  "summary_bg_mad": 0.0,
  "summary_bg_mean": 2.1226410297680087,
  "summary_bg_median": 0.0,
  "summary_bg_n": 2224256.0,
  "summary_bg_p05": 0.0,
  "summary_bg_p95": 13.040248392149806,
  "summary_bg_stdv": 6.173640159543357,
  "summary_csf_k": 0.23399700545520563,
  "summary_csf_mad": 140.69015408688858,
  "summary_csf_mean": 485.3156521959504,
  "summary_csf_median": 481.33631982654333,
  "summary_csf_n": 393245.4559500613,
  "summary_csf_p05": 122.87039545923471,
  "summary_csf_p95": 801.4500794727355,
  "summary_csf_stdv": 195.3259796870633,
  "summary_gm_k": -0.27840778632561847,
  "summary_gm_mad": 67.15447959654941,
  "summary_gm_mean": 785.0548487284489,
  "summary_gm_median": 784.3363546673208,
  "summary_gm_n": 544654.539330752,
  "summary_gm_p05": 596.3415752928704,
  "summary_gm_p95": 979.171500094235,
  "summary_gm_stdv": 109.45334448745353,
  "summary_wm_k": -0.48765299985729893,
  "summary_wm_mad": 49.07442739747841,
  "summary_wm_mean": 951.513611529718,
  "summary_wm_median": 964.030465124175,
  "summary_wm_n": 532128.0058996715,
  "summary_wm_p05": 829.4776467438787,
  "summary_wm_p95": 1032.2804095577449,
  "summary_wm_stdv": 61.64943618899687,
  "tpm_overlap_csf": 0.21041784016524517,
  "tpm_overlap_gm": 0.5124001365824602,
  "tpm_overlap_wm": 0.5459925263051753,
  "wm2max": 0.7001030674734322
}