{
  "bids_meta": {
    "InstitutionName": "HH",
    "dataset": "<unset>",
    "modality": "T1w",
    "subject_id": "0297"
  },
  "cjv": 0.8067378228484114,
  "cnr": 1.2056686067794729,
  "efc": 0.6432452332011603,
  "fber": -1.0,
  "fwhm_avg": 4.8224330587757365,
  "fwhm_x": 4.121133842993877,
  "fwhm_y": 5.537898666666666,
  "fwhm_z": 4.8082666666666665,
  "icvs_csf": 0.26014969123828974,
  "icvs_gm": 0.3645019685488239,
  "icvs_wm": 0.37534834021288643,
  "inu_med": 0.3687135875225067,
  "inu_range": 0.15522720217704772,
  "provenance": {
    "md5sum": "aad98b20d6aee675288cbfb16c89f32f",
    "settings": {
      "testing": false
    },
    "software": "mriqc",
    "version": "23.1.0",
    "warnings": {
      "large_rot_frame": true,
      "small_air_mask": false
    }
  },
  "qi_1": 0.0,
  "qi_2": 0.001817167997313538,
  "rpve_csf": 5.952774395029339,
  "rpve_gm": 5.830050479625952,
  "rpve_wm": 5.905990753877061,
  "size_x": 150,
  "size_y": 256,
  "size_z": 256,
  "snr_csf": 2.604166797147641,
  "snr_gm": 7.233528837721433,
  "snr_total": 8.787594591312688,
  "snr_wm": 16.52508813906899,
  "snrd_csf": 28.183669046373556,
  "snrd_gm": 44.632978434075554,
  "snrd_total": 41.957639276697996,
  "snrd_wm": 53.05627034964488,
  "spacing_x": 1.1999974250793457,
  "spacing_y": 0.9375,
  "spacing_z": 0.9375,
  "summary_bg_k": 396.3865010426414,
  "summary_bg_mad": 0.0,
  "summary_bg_mean": 4.134641195799421,
  "summary_bg_median": 0.0,
  "summary_bg_n": 2590669.0,
  "summary_bg_p05": 0.0,
  "summary_bg_p95": 24.821250792592764,
  "summary_bg_stdv": 12.055643975212787,
  "summary_csf_k": -0.03457826139301101,
  "summary_csf_mad": 152.2533059903827,
  "summary_csf_mean": 522.0822720942107,
  "summary_csf_median": 518.628303874284,
  "summary_csf_n": 423249.2397660401,
  "summary_csf_p05": 187.40661792457104,
  "summary_csf_p95": 845.305601619184,
  "summary_csf_stdv": 199.15302344195376,
  "summary_gm_k": 0.5301988886341102,
  "summary_gm_mad": 73.67331689577921,
  "summary_gm_mean": 823.2896799405838,
  "summary_gm_median": 821.3240747340024,
  "summary_gm_n": 593024.6557171697,
  "summary_gm_p05": 635.2758337184787,
  "summary_gm_p95": 1013.5467562451959,
  "summary_gm_stdv": 113.54394247568062,
  "summary_wm_k": -0.21965611067856639,
  "summary_wm_mad": 51.37359026082417,
  "summary_wm_mean": 971.5612865300413,
  "summary_wm_median": 976.3272289372981,
  "summary_wm_n": 610671.1058789323,
  "summary_wm_p05": 864.8662291094661,
  "summary_wm_p95": 1060.521899536252,
  "summary_wm_stdv": 59.08146578897595,
  "tpm_overlap_csf": 0.21389470807821606,
  "tpm_overlap_gm": 0.51234344492692,
  "tpm_overlap_wm": 0.540697383225023,
  "wm2max": 0.689642539383472
}