{
  "bids_meta": {
    "InstitutionName": "HH",
    "dataset": "<unset>",
    "modality": "T1w",
    "subject_id": "0386"
  },
  "cjv": 0.728245907960925,
  "cnr": 1.169348210303332,
  "efc": 0.5632201869822899,
  "fber": -1.0,
  "fwhm_avg": 5.008221036534796,
  "fwhm_x": 4.35871043148138,
  "fwhm_y": 5.66756302700062,
  "fwhm_z": 4.998389651122389,
  "icvs_csf": 0.27325699285594157,
  "icvs_gm": 0.3495819967830439,
  "icvs_wm": 0.37716101036101457,
  "inu_med": 0.41182300448417664,
  "inu_range": 0.20682156085968018,
  "provenance": {
    "md5sum": "a90f7e3d6b8dd858cba1fd7983d78127",
    "settings": {
      "testing": false
    },
    "software": "mriqc",
    "version": "23.1.0",
    "warnings": {
      "large_rot_frame": true,
      "small_air_mask": false
    }
  },
  "qi_1": 0.0,
  "qi_2": 0.0014557679984349276,
  "rpve_csf": 6.3756912948537865,
  "rpve_gm": 6.252938821952332,
  "rpve_wm": 6.32503468448432,
  "size_x": 150,
  "size_y": 256,
  "size_z": 256,
  "snr_csf": 2.2464398887818717,
  "snr_gm": 5.108851562246584,
  "snr_total": 7.108580039175306,
  "snr_wm": 13.970448666497461,
  "snrd_csf": 46.74622599869787,
  "snrd_gm": 96.72382130840116,
  "snrd_total": 88.18475602272302,
  "snrd_wm": 121.08422076107003,
  "spacing_x": 1.2000017166137695,
  "spacing_y": 0.9374999403953552,
  "spacing_z": 0.9374999403953552,
  "summary_bg_k": 25.627457557212843,
  "summary_bg_mad": 0.0,
  "summary_bg_mean": 2.188758213526868,
  "summary_bg_median": 0.0,
  "summary_bg_n": 2416752.0,
  "summary_bg_p05": 0.0,
  "summary_bg_p95": 12.191889479756355,
  "summary_bg_stdv": 5.261564998751807,
  "summary_csf_k": -0.06661667705285135,
  "summary_csf_mad": 131.24546257422324,
  "summary_csf_mean": 394.6227616907361,
  "summary_csf_median": 375.4306836538017,
  "summary_csf_n": 416447.75652812317,
  "summary_csf_p05": 114.71861224249005,
  "summary_csf_p95": 705.0976082459092,
  "summary_csf_stdv": 167.12231418908263,
  "summary_gm_k": -0.14129450550953937,
  "summary_gm_mad": 81.962922361098,
  "summary_gm_mean": 762.1024650262142,
  "summary_gm_median": 776.8133059646934,
  "summary_gm_n": 532768.2075447195,
  "summary_gm_p05": 480.65199068561196,
  "summary_gm_p95": 1005.8308820798993,
  "summary_gm_stdv": 152.0522895340857,
  "summary_wm_k": -0.6682611928011823,
  "summary_wm_mad": 60.51437495937238,
  "summary_wm_mean": 955.1111121377467,
  "summary_wm_median": 972.4577933046967,
  "summary_wm_n": 574799.0379793477,
  "summary_wm_p05": 821.6494212616235,
  "summary_wm_p95": 1043.4888015780598,
  "summary_wm_stdv": 69.6081400538882,
  "tpm_overlap_csf": 0.18062731046941174,
  "tpm_overlap_gm": 0.4865654555284236,
  "tpm_overlap_wm": 0.5337965784099512,
  "wm2max": 0.823892843818224
}