{
  "bids_meta": {
    "InstitutionName": "HH",
    "dataset": "<unset>",
    "modality": "T1w",
    "subject_id": "0937"
  },
  "cjv": 0.7240515820682799,
  "cnr": 1.3292429593780848,
  "efc": 0.574210713193419,
  "fber": -1.0,
  "fwhm_avg": 4.7970701141334215,
  "fwhm_x": 4.210602342400264,
  "fwhm_y": 5.367679999999999,
  "fwhm_z": 4.812928,
  "icvs_csf": 0.2603594441014331,
  "icvs_gm": 0.3737810951054379,
  "icvs_wm": 0.3658594607931289,
  "inu_med": 0.4005533456802368,
  "inu_range": 0.19484793096780778,
  "provenance": {
    "md5sum": "abe281d874c5fa535334977377ecf07a",
    "settings": {
      "testing": false
    },
    "software": "mriqc",
    "version": "23.1.0",
    "warnings": {
      "large_rot_frame": true,
      "small_air_mask": false
    }
  },
  "qi_1": 0.0,
  "qi_2": 0.000385327131666689,
  "rpve_csf": 7.759073642962176,
  "rpve_gm": 7.631931318616708,
  "rpve_wm": 7.700440770875599,
  "size_x": 150,
  "size_y": 256,
  "size_z": 256,
  "snr_csf": 2.5272874136116465,
  "snr_gm": 7.740946639077538,
  "snr_total": 8.253497896973188,
  "snr_wm": 14.49225963823038,
  "snrd_csf": 76.13389664893144,
  "snrd_gm": 125.30385905850959,
  "snrd_total": 117.44677778157399,
  "snrd_wm": 150.90257763728093,
  "spacing_x": 1.1999993324279785,
  "spacing_y": 0.9375,
  "spacing_z": 0.9375,
  "summary_bg_k": 73.66976982732018,
  "summary_bg_mad": 0.0,
  "summary_bg_mean": 1.2049008505494119,
  "summary_bg_median": 0.0,
  "summary_bg_n": 2498337.0,
  "summary_bg_p05": 0.0,
  "summary_bg_p95": 8.881683066487312,
  "summary_bg_stdv": 4.160641595091788,
  "summary_csf_k": -0.1561753290743657,
  "summary_csf_mad": 155.64718911740678,
  "summary_csf_mean": 488.3830681914488,
  "summary_csf_median": 483.51130725443363,
  "summary_csf_n": 326548.5429242379,
  "summary_csf_p05": 174.0386943742633,
  "summary_csf_p95": 805.4605701565742,
  "summary_csf_stdv": 191.31601903040604,
  "summary_gm_k": -0.43685019650132917,
  "summary_gm_mad": 64.89944344801451,
  "summary_gm_mean": 796.9563573188879,
  "summary_gm_median": 795.7800055444241,
  "summary_gm_n": 468804.4729875612,
  "summary_gm_p05": 623.973480194807,
  "summary_gm_p95": 979.0763272419572,
  "summary_gm_stdv": 102.8012714612158,
  "summary_wm_k": -0.40080307735799714,
  "summary_wm_mad": 52.81135602103596,
  "summary_wm_mean": 944.8762607749197,
  "summary_wm_median": 958.3524000868201,
  "summary_wm_n": 458868.9849502793,
  "summary_wm_p05": 819.3940041735768,
  "summary_wm_p95": 1033.8232096359134,
  "summary_wm_stdv": 66.12849753969374,
  "tpm_overlap_csf": 0.2121820909238173,
  "tpm_overlap_gm": 0.5269224608004218,
  "tpm_overlap_wm": 0.5572889442698298,
  "wm2max": 0.7897141718552
}