{
  "bids_meta": {
    "InstitutionName": "HH",
    "dataset": "<unset>",
    "modality": "T1w",
    "subject_id": "0595"
  },
  "cjv": 0.7043182379486147,
  "cnr": 1.438724925802622,
  "efc": 0.5964265928729214,
  "fber": -1.0,
  "fwhm_avg": 5.283776096892225,
  "fwhm_x": 4.524565624010008,
  "fwhm_y": 6.0673813333333335,
  "fwhm_z": 5.259381333333334,
  "icvs_csf": 0.2586693788459247,
  "icvs_gm": 0.37412908672671524,
  "icvs_wm": 0.3672015344273601,
  "inu_med": 0.3202291429042816,
  "inu_range": 0.12218366265296937,
  "provenance": {
    "md5sum": "818e2d81dbd3b8e752b84af35deba49b",
    "settings": {
      "testing": false
    },
    "software": "mriqc",
    "version": "23.1.0",
    "warnings": {
      "large_rot_frame": true,
      "small_air_mask": false
    }
  },
  "qi_1": 0.0,
  "qi_2": 0.0022635897834469747,
  "rpve_csf": 8.03384082522378,
  "rpve_gm": 7.934758687556028,
  "rpve_wm": 7.9904322559687575,
  "size_x": 150,
  "size_y": 256,
  "size_z": 256,
  "snr_csf": 1.7586872813020518,
  "snr_gm": 7.962452345752027,
  "snr_total": 9.475289257059407,
  "snr_wm": 18.70472814412414,
  "snrd_csf": 59.90018102276096,
  "snrd_gm": 114.71017088344539,
  "snrd_total": 104.2089600977232,
  "snrd_wm": 138.01652838696327,
  "spacing_x": 1.2000046968460083,
  "spacing_y": 0.9375,
  "spacing_z": 0.9375,
  "summary_bg_k": 774.9030893657991,
  "summary_bg_mad": 0.0,
  "summary_bg_mean": 1.3837400825092354,
  "summary_bg_median": 0.0,
  "summary_bg_n": 3327600.0,
  "summary_bg_p05": 0.0,
  "summary_bg_p95": 9.686220735311508,
  "summary_bg_stdv": 4.612098917221198,
  "summary_csf_k": -1.1218434612673098,
  "summary_csf_mad": 206.51252690818407,
  "summary_csf_mean": 412.9378613319932,
  "summary_csf_median": 421.6916660964489,
  "summary_csf_n": 313989.18815609894,
  "summary_csf_p05": 37.903591468930244,
  "summary_csf_p95": 809.7544109076262,
  "summary_csf_stdv": 239.77599603554705,
  "summary_gm_k": -0.5056310492058613,
  "summary_gm_mad": 71.60179679284737,
  "summary_gm_mean": 806.8411618504139,
  "summary_gm_median": 807.5488629937172,
  "summary_gm_n": 454141.4555175316,
  "summary_gm_p05": 632.5374991446733,
  "summary_gm_p95": 983.1514046341181,
  "summary_gm_stdv": 101.4195047999353,
  "summary_wm_k": -0.23530678975735064,
  "summary_wm_mad": 43.958918558320605,
  "summary_wm_mean": 964.5367686968527,
  "summary_wm_median": 971.6234377026558,
  "summary_wm_n": 445732.3561023315,
  "summary_wm_p05": 865.5297617614269,
  "summary_wm_p95": 1037.3351229727268,
  "summary_wm_stdv": 51.94528037496583,
  "tpm_overlap_csf": 0.17484012454763637,
  "tpm_overlap_gm": 0.5257696558324025,
  "tpm_overlap_wm": 0.5600663459482959,
  "wm2max": 0.7895787139689578
}