{
  "bids_meta": {
    "InstitutionName": "HH",
    "dataset": "<unset>",
    "modality": "T1w",
    "subject_id": "1131"
  },
  "cjv": 0.6274981715112516,
  "cnr": 1.6576345974588702,
  "efc": 0.5419196176184449,
  "fber": -1.0,
  "fwhm_avg": 5.14821864398138,
  "fwhm_x": 4.367087931944139,
  "fwhm_y": 5.820042666666667,
  "fwhm_z": 5.257525333333334,
  "icvs_csf": 0.2549993562471876,
  "icvs_gm": 0.385245986177695,
  "icvs_wm": 0.3597546575751173,
  "inu_med": 0.3407609164714813,
  "inu_range": 0.14939122796058657,
  "provenance": {
    "md5sum": "5515ab692fad98383623d3b6be063f2f",
    "settings": {
      "testing": false
    },
    "software": "mriqc",
    "version": "23.1.0",
    "warnings": {
      "large_rot_frame": true,
      "small_air_mask": false
    }
  },
  "qi_1": 0.0,
  "qi_2": 0.0008551104959794811,
  "rpve_csf": 6.664120504862065,
  "rpve_gm": 6.574774782939992,
  "rpve_wm": 6.639639548962266,
  "size_x": 150,
  "size_y": 256,
  "size_z": 256,
  "snr_csf": 2.1821283700679404,
  "snr_gm": 8.744583089844099,
  "snr_total": 9.579463119784101,
  "snr_wm": 17.811677899440266,
  "snrd_csf": 91.24358230533676,
  "snrd_gm": 149.45163660664676,
  "snrd_total": 141.06534485576228,
  "snrd_wm": 182.50081565530328,
  "spacing_x": 1.1999987363815308,
  "spacing_y": 0.9375,
  "spacing_z": 0.9375,
  "summary_bg_k": 19.02061349568964,
  "summary_bg_mad": 0.0,
  "summary_bg_mean": 1.315492248550135,
  "summary_bg_median": 0.0,
  "summary_bg_n": 2995117.0,
  "summary_bg_p05": 0.0,
  "summary_bg_p95": 8.893735347315669,
  "summary_bg_stdv": 3.4890342747509853,
  "summary_csf_k": -0.6199483451113448,
  "summary_csf_mad": 172.8175562667042,
  "summary_csf_mean": 480.4938512387357,
  "summary_csf_median": 485.93237379938364,
  "summary_csf_n": 371817.87649913155,
  "summary_csf_p05": 85.95661928318441,
  "summary_csf_p95": 828.7410392574966,
  "summary_csf_stdv": 222.68704582626634,
  "summary_gm_k": -0.537814273672125,
  "summary_gm_mad": 66.89943654232916,
  "summary_gm_mean": 798.8143233362655,
  "summary_gm_median": 795.9287295565009,
  "summary_gm_n": 561732.1808904925,
  "summary_gm_p05": 649.3153811879456,
  "summary_gm_p95": 966.9695581160486,
  "summary_gm_stdv": 91.0195503798588,
  "summary_wm_k": -0.42301297512775315,
  "summary_wm_mad": 43.54571272250426,
  "summary_wm_mean": 961.3136400788438,
  "summary_wm_median": 971.937448432669,
  "summary_wm_n": 524562.9432514601,
  "summary_wm_p05": 854.0893966779113,
  "summary_wm_p95": 1034.1935958638787,
  "summary_wm_stdv": 54.56737582464471,
  "tpm_overlap_csf": 0.19932343280384696,
  "tpm_overlap_gm": 0.5363947852225158,
  "tpm_overlap_wm": 0.5549760882561985,
  "wm2max": 0.748865694493717
}