{
  "bids_meta": {
    "InstitutionName": "HH",
    "dataset": "<unset>",
    "modality": "T1w",
    "subject_id": "0302"
  },
  "cjv": 0.7898799904548994,
  "cnr": 1.2122933502464226,
  "efc": 0.637290105299966,
  "fber": -1.0,
  "fwhm_avg": 4.938336619895334,
  "fwhm_x": 4.3066682068512385,
  "fwhm_y": 5.483018666666666,
  "fwhm_z": 5.0253229861680975,
  "icvs_csf": 0.2605588372240811,
  "icvs_gm": 0.3619833670391574,
  "icvs_wm": 0.3774577957367615,
  "inu_med": 0.3590245693922043,
  "inu_range": 0.17148685306310651,
  "provenance": {
    "md5sum": "bd8a1f38c34d7a079a3ebb38f5932ad1",
    "settings": {
      "testing": false
    },
    "software": "mriqc",
    "version": "23.1.0",
    "warnings": {
      "large_rot_frame": true,
      "small_air_mask": false
    }
  },
  "qi_1": 0.0,
  "qi_2": 0.0022011203112642062,
  "rpve_csf": 6.032497308060573,
  "rpve_gm": 5.9140240884165305,
  "rpve_wm": 5.982803961421714,
  "size_x": 150,
  "size_y": 256,
  "size_z": 256,
  "snr_csf": 2.4998891328016706,
  "snr_gm": 7.347988460275109,
  "snr_total": 9.21476711853943,
  "snr_wm": 17.796423762541515,
  "snrd_csf": 35.899458455036616,
  "snrd_gm": 60.66255662466736,
  "snrd_total": 56.1310832890046,
  "snrd_wm": 71.83123478730981,
  "spacing_x": 1.1999995708465576,
  "spacing_y": 0.9375,
  "spacing_z": 0.9374999403953552,
  "summary_bg_k": 2035.635039154017,
  "summary_bg_mad": 0.0,
  "summary_bg_mean": 1.7027726529906262,
  "summary_bg_median": 0.0,
  "summary_bg_n": 2663339.0,
  "summary_bg_p05": 0.0,
  "summary_bg_p95": 9.825722873210907,
  "summary_bg_stdv": 8.910841910737075,
  "summary_csf_k": -0.04130106358619701,
  "summary_csf_mad": 154.80032732927415,
  "summary_csf_mean": 495.4005183201549,
  "summary_csf_median": 488.28671246767044,
  "summary_csf_n": 419169.33972070215,
  "summary_csf_p05": 156.0738506913185,
  "summary_csf_p95": 827.5327232480049,
  "summary_csf_stdv": 195.32311397923775,
  "summary_gm_k": 0.5392791929226117,
  "summary_gm_mad": 71.22808523471802,
  "summary_gm_mean": 822.6166661757177,
  "summary_gm_median": 825.102149695158,
  "summary_gm_n": 582334.2265731333,
  "summary_gm_p05": 630.0356934964657,
  "summary_gm_p95": 1008.843167424202,
  "summary_gm_stdv": 112.28943073491949,
  "summary_wm_k": -0.32224039254853176,
  "summary_wm_mad": 48.763253185447425,
  "summary_wm_mean": 970.7007591721159,
  "summary_wm_median": 977.0129967480898,
  "summary_wm_n": 607228.4352241778,
  "summary_wm_p05": 869.9384745955467,
  "summary_wm_p95": 1050.4214894771576,
  "summary_wm_stdv": 54.899355359173946,
  "tpm_overlap_csf": 0.20463224919897474,
  "tpm_overlap_gm": 0.5081388776610594,
  "tpm_overlap_wm": 0.5538009187697744,
  "wm2max": 0.691098838098882
}