{
  "bids_meta": {
    "InstitutionName": "HH",
    "dataset": "<unset>",
    "modality": "T1w",
    "subject_id": "0228"
  },
  "cjv": 0.5913823980203388,
  "cnr": 1.782433428829526,
  "efc": 0.6284423852927887,
  "fber": -1.0,
  "fwhm_avg": 5.080020937352863,
  "fwhm_x": 4.295881478725256,
  "fwhm_y": 6.013408,
  "fwhm_z": 4.930773333333334,
  "icvs_csf": 0.25010666722793246,
  "icvs_gm": 0.3867217653726572,
  "icvs_wm": 0.36317156739941037,
  "inu_med": 0.340084046125412,
  "inu_range": 0.17922115325927734,
  "provenance": {
    "md5sum": "a018fc8e0b21d3ba9dd3e45365e02757",
    "settings": {
      "testing": false
    },
    "software": "mriqc",
    "version": "23.1.0",
    "warnings": {
      "large_rot_frame": true,
      "small_air_mask": false
    }
  },
  "qi_1": 0.0,
  "qi_2": 0.0017377941101768398,
  "rpve_csf": 6.072791987490435,
  "rpve_gm": 5.999208773700737,
  "rpve_wm": 6.07402041710489,
  "size_x": 150,
  "size_y": 256,
  "size_z": 256,
  "snr_csf": 2.518927875895402,
  "snr_gm": 8.860996782689185,
  "snr_total": 10.501945725399146,
  "snr_wm": 20.12591251761285,
  "snrd_csf": 32.416839952789694,
  "snrd_gm": 48.306325328236305,
  "snrd_total": 46.71383307290333,
  "snrd_wm": 59.41833393768399,
  "spacing_x": 1.2000051736831665,
  "spacing_y": 0.9375,
  "spacing_z": 0.9375,
  "summary_bg_k": 2755.1734011815092,
  "summary_bg_mad": 0.0,
  "summary_bg_mean": 1.5261233543496535,
  "summary_bg_median": 0.0,
  "summary_bg_n": 2668386.0,
  "summary_bg_p05": 0.0,
  "summary_bg_p95": 9.265493899583817,
  "summary_bg_stdv": 10.788842052424043,
  "summary_csf_k": -0.03527115118977875,
  "summary_csf_mad": 152.7447236260307,
  "summary_csf_mean": 527.6769518437632,
  "summary_csf_median": 533.843282237649,
  "summary_csf_n": 398970.40599991824,
  "summary_csf_p05": 150.26799554005265,
  "summary_csf_p95": 850.2168035879731,
  "summary_csf_stdv": 211.93247266807865,
  "summary_gm_k": -0.6169822805516958,
  "summary_gm_mad": 68.24594318349973,
  "summary_gm_mean": 800.1297381171586,
  "summary_gm_median": 795.5126811750233,
  "summary_gm_n": 616898.9473564208,
  "summary_gm_p05": 654.8064598627388,
  "summary_gm_p95": 967.1667294949293,
  "summary_gm_stdv": 89.77681133588213,
  "summary_wm_k": -0.1888484086891804,
  "summary_wm_mad": 39.97319433977954,
  "summary_wm_mean": 970.9879332019489,
  "summary_wm_median": 978.5061856918037,
  "summary_wm_n": 579331.6479681085,
  "summary_wm_p05": 876.2894724681973,
  "summary_wm_p95": 1036.7387374676764,
  "summary_wm_stdv": 48.6191788979577,
  "tpm_overlap_csf": 0.2177896006415263,
  "tpm_overlap_gm": 0.5216355656379805,
  "tpm_overlap_wm": 0.5467063474866078,
  "wm2max": 0.7071393118946101
}