{
  "bids_meta": {
    "InstitutionName": "HH",
    "dataset": "<unset>",
    "modality": "T1w",
    "subject_id": "0613"
  },
  "cjv": 0.7035600953318757,
  "cnr": 1.3937548463449687,
  "efc": 0.5843173901359863,
  "fber": -1.0,
  "fwhm_avg": 5.203716743219037,
  "fwhm_x": 4.450883224092719,
  "fwhm_y": 5.829866666666666,
  "fwhm_z": 5.330400338897727,
  "icvs_csf": 0.27266442798605706,
  "icvs_gm": 0.36439452369882847,
  "icvs_wm": 0.3629410483151144,
  "inu_med": 0.37523236870765686,
  "inu_range": 0.15850672870874405,
  "provenance": {
    "md5sum": "5b34f233eb4ef24a6b7acd73ea089825",
    "settings": {
      "testing": false
    },
    "software": "mriqc",
    "version": "23.1.0",
    "warnings": {
      "large_rot_frame": true,
      "small_air_mask": false
    }
  },
  "qi_1": 0.0,
  "qi_2": 0.0011981115882327119,
  "rpve_csf": 7.122567401910823,
  "rpve_gm": 7.011899628179203,
  "rpve_wm": 7.072813340442894,
  "size_x": 150,
  "size_y": 256,
  "size_z": 256,
  "snr_csf": 2.2204679353102263,
  "snr_gm": 6.877974611164283,
  "snr_total": 8.312512703353066,
  "snr_wm": 15.83909556358469,
  "snrd_csf": 46.141835033008,
  "snrd_gm": 88.63858384767609,
  "snrd_total": 81.26752422862522,
  "snrd_wm": 109.02215380519155,
  "spacing_x": 1.1999977827072144,
  "spacing_y": 0.9375,
  "spacing_z": 0.9374999403953552,
  "summary_bg_k": 18.240499041700513,
  "summary_bg_mad": 0.0,
  "summary_bg_mean": 2.36032240621428,
  "summary_bg_median": 0.0,
  "summary_bg_n": 2644255.0,
  "summary_bg_p05": 0.0,
  "summary_bg_p95": 14.57056931219995,
  "summary_bg_stdv": 5.823196123263571,
  "summary_csf_k": -0.3882503388920715,
  "summary_csf_mad": 153.97208513428959,
  "summary_csf_mean": 422.04650671321735,
  "summary_csf_median": 410.1328439153731,
  "summary_csf_n": 372922.0478636366,
  "summary_csf_p05": 105.2981772813946,
  "summary_csf_p95": 750.4646298028529,
  "summary_csf_stdv": 184.70534408633728,
  "summary_gm_k": -0.5234975620999007,
  "summary_gm_mad": 76.27163386457738,
  "summary_gm_mean": 786.4975092426172,
  "summary_gm_median": 787.8662486672401,
  "summary_gm_n": 498380.93297234375,
  "summary_gm_p05": 590.3719335962087,
  "summary_gm_p95": 986.4619611036032,
  "summary_gm_stdv": 114.54905008841301,
  "summary_wm_k": -0.5535063867116943,
  "summary_wm_mad": 51.19929035066413,
  "summary_wm_mean": 956.5764226901235,
  "summary_wm_median": 969.0461152642965,
  "summary_wm_n": 496393.0205019949,
  "summary_wm_p05": 838.5764190293849,
  "summary_wm_p95": 1038.06701682508,
  "summary_wm_stdv": 61.18058542459608,
  "tpm_overlap_csf": 0.17968209333858012,
  "tpm_overlap_gm": 0.5096382058439858,
  "tpm_overlap_wm": 0.5495908927559814,
  "wm2max": 0.7468503898819188
}