{
  "bids_meta": {
    "InstitutionName": "HH",
    "dataset": "<unset>",
    "modality": "T1w",
    "subject_id": "0272"
  },
  "cjv": 0.680619381282992,
  "cnr": 1.545852286884567,
  "efc": 0.5514364040853027,
  "fber": -1.0,
  "fwhm_avg": 5.035082354108692,
  "fwhm_x": 4.343156027802533,
  "fwhm_y": 5.7858883678568755,
  "fwhm_z": 4.9762026666666666,
  "icvs_csf": 0.25217711349476846,
  "icvs_gm": 0.3810900931498573,
  "icvs_wm": 0.3667327933553742,
  "inu_med": 0.3020641505718231,
  "inu_range": 0.12418147772550583,
  "provenance": {
    "md5sum": "eee10e9096b54336f983b5dc2bbdb2eb",
    "settings": {
      "testing": false
    },
    "software": "mriqc",
    "version": "23.1.0",
    "warnings": {
      "large_rot_frame": true,
      "small_air_mask": false
    }
  },
  "qi_1": 0.0,
  "qi_2": 0.0016675959767644302,
  "rpve_csf": 6.138715183886845,
  "rpve_gm": 6.0508843811293795,
  "rpve_wm": 6.125122512395647,
  "size_x": 150,
  "size_y": 256,
  "size_z": 256,
  "snr_csf": 2.3127949962589214,
  "snr_gm": 8.137540135922873,
  "snr_total": 9.93048704921515,
  "snr_wm": 19.341126015463654,
  "snrd_csf": 119.46080123925044,
  "snrd_gm": 184.30784336848583,
  "snrd_total": 175.80004483993108,
  "snrd_wm": 223.63148991205702,
  "spacing_x": 1.1999937295913696,
  "spacing_y": 0.9374999403953552,
  "spacing_z": 0.9375,
  "summary_bg_k": 26.28992329121373,
  "summary_bg_mad": 0.0,
  "summary_bg_mean": 0.934513553388106,
  "summary_bg_median": 0.0,
  "summary_bg_n": 3282498.0,
  "summary_bg_p05": 0.0,
  "summary_bg_p95": 5.462542427703738,
  "summary_bg_stdv": 2.8491755368797462,
  "summary_csf_k": -0.5255663664302976,
  "summary_csf_mad": 156.01541113799004,
  "summary_csf_mean": 507.2775217562233,
  "summary_csf_median": 519.5327148772776,
  "summary_csf_n": 397980.3729073736,
  "summary_csf_p05": 102.18028497882187,
  "summary_csf_p95": 852.5822713784873,
  "summary_csf_stdv": 224.6338577373967,
  "summary_gm_k": -0.6621944746143695,
  "summary_gm_mad": 72.64358019728435,
  "summary_gm_mean": 802.2613633682048,
  "summary_gm_median": 801.5512473136187,
  "summary_gm_n": 601428.0014599039,
  "summary_gm_p05": 638.8573429733515,
  "summary_gm_p95": 978.7409893516451,
  "summary_gm_stdv": 98.50035361442012,
  "summary_wm_k": -0.4273198733018795,
  "summary_wm_mad": 43.754434404541925,
  "summary_wm_mean": 965.2717659979821,
  "summary_wm_median": 972.5690258294344,
  "summary_wm_n": 578769.6267685388,
  "summary_wm_p05": 868.8043670728803,
  "summary_wm_p95": 1034.5251347497106,
  "summary_wm_stdv": 50.284982624463304,
  "tpm_overlap_csf": 0.20655656444511086,
  "tpm_overlap_gm": 0.5210790198436709,
  "tpm_overlap_wm": 0.5401190519025079,
  "wm2max": 0.811910967629464
}