{
  "bids_meta": {
    "InstitutionName": "HH",
    "dataset": "<unset>",
    "modality": "T1w",
    "subject_id": "0720"
  },
  "cjv": 0.6124235310845388,
  "cnr": 1.6020177362598702,
  "efc": 0.5621360133999306,
  "fber": -1.0,
  "fwhm_avg": 5.139782100574143,
  "fwhm_x": 4.351868968389096,
  "fwhm_y": 6.004533333333333,
  "fwhm_z": 5.062944,
  "icvs_csf": 0.2632153422381869,
  "icvs_gm": 0.3811561977605015,
  "icvs_wm": 0.3556284600013116,
  "inu_med": 0.3509925603866577,
  "inu_range": 0.13965205252170565,
  "provenance": {
    "md5sum": "4ac3055584ceb978b29cd8c69d748e83",
    "settings": {
      "testing": false
    },
    "software": "mriqc",
    "version": "23.1.0",
    "warnings": {
      "large_rot_frame": true,
      "small_air_mask": false
    }
  },
  "qi_1": 0.0,
  "qi_2": 0.003766089400668379,
  "rpve_csf": 6.253378875362123,
  "rpve_gm": 6.156345196779208,
  "rpve_wm": 6.217602314716556,
  "size_x": 150,
  "size_y": 256,
  "size_z": 256,
  "snr_csf": 1.9140092444627763,
  "snr_gm": 7.93373826064495,
  "snr_total": 8.59431360836786,
  "snr_wm": 15.935193319995856,
  "snrd_csf": 137.5225552343265,
  "snrd_gm": 248.9777257007557,
  "snrd_total": 231.5114265798393,
  "snrd_wm": 308.0339988044357,
  "spacing_x": 1.199997067451477,
  "spacing_y": 0.9375,
  "spacing_z": 0.9375,
  "summary_bg_k": 56.197036067360564,
  "summary_bg_mad": 0.0,
  "summary_bg_mean": 0.5082413128902095,
  "summary_bg_median": 0.0,
  "summary_bg_n": 3235026.0,
  "summary_bg_p05": 0.0,
  "summary_bg_p95": 4.083976864814758,
  "summary_bg_stdv": 2.0576155015028643,
  "summary_csf_k": -0.8186694195246575,
  "summary_csf_mad": 179.12451431962245,
  "summary_csf_mean": 431.3244152541708,
  "summary_csf_median": 431.92309487983584,
  "summary_csf_n": 409112.974157155,
  "summary_csf_p05": 50.41158942505717,
  "summary_csf_p95": 796.8647150341421,
  "summary_csf_stdv": 225.66378310425162,
  "summary_gm_k": -0.3705249010925886,
  "summary_gm_mad": 66.57250875505686,
  "summary_gm_mean": 785.7463992327513,
  "summary_gm_median": 781.9752160478383,
  "summary_gm_n": 592427.2664285775,
  "summary_gm_p05": 621.0410027187318,
  "summary_gm_p95": 969.093676880002,
  "summary_gm_stdv": 98.56319056437812,
  "summary_wm_k": -0.3208110636827399,
  "summary_wm_mad": 47.02018500890089,
  "summary_wm_mean": 954.6394981764539,
  "summary_wm_median": 967.4558319915086,
  "summary_wm_n": 552749.758919477,
  "summary_wm_p05": 833.0249268580228,
  "summary_wm_p95": 1032.0124454535544,
  "summary_wm_stdv": 60.711843115645955,
  "tpm_overlap_csf": 0.18111990706565181,
  "tpm_overlap_gm": 0.5291567274463433,
  "tpm_overlap_wm": 0.5496788379694676,
  "wm2max": 0.8298303229337712
}