{
  "bids_meta": {
    "InstitutionName": "HH",
    "dataset": "<unset>",
    "modality": "T1w",
    "subject_id": "0095"
  },
  "cjv": 0.791624422152469,
  "cnr": 1.133515512839392,
  "efc": 0.6243854893059382,
  "fber": -1.0,
  "fwhm_avg": 5.007473960607786,
  "fwhm_x": 4.365259215156692,
  "fwhm_y": 5.781973333333334,
  "fwhm_z": 4.875189333333334,
  "icvs_csf": 0.2598068202070661,
  "icvs_gm": 0.35432007875817084,
  "icvs_wm": 0.38587310103476313,
  "inu_med": 0.39692047238349915,
  "inu_range": 0.1831769466400146,
  "provenance": {
    "md5sum": "95fe570c202bad4c2baec38784d4a09d",
    "settings": {
      "testing": false
    },
    "software": "mriqc",
    "version": "23.1.0",
    "warnings": {
      "large_rot_frame": true,
      "small_air_mask": false
    }
  },
  "qi_1": 0.0,
  "qi_2": 0.0016306520632970636,
  "rpve_csf": 6.46134578608143,
  "rpve_gm": 6.331747190623487,
  "rpve_wm": 6.4083128415956345,
  "size_x": 150,
  "size_y": 256,
  "size_z": 256,
  "snr_csf": 2.394713744816173,
  "snr_gm": 5.745739936828322,
  "snr_total": 7.763496110925511,
  "snr_wm": 15.150034651132037,
  "snrd_csf": 48.88572401060423,
  "snrd_gm": 90.16131437069205,
  "snrd_total": 82.93794386534391,
  "snrd_wm": 109.76679321473543,
  "spacing_x": 1.2000043392181396,
  "spacing_y": 0.9375,
  "spacing_z": 0.9375,
  "summary_bg_k": 1379.392333009227,
  "summary_bg_mad": 0.0,
  "summary_bg_mean": 1.4164362267211001,
  "summary_bg_median": 0.0,
  "summary_bg_n": 2678056.0,
  "summary_bg_p05": 0.0,
  "summary_bg_p95": 10.099731378257275,
  "summary_bg_stdv": 5.831261027307148,
  "summary_csf_k": 0.1095512409450019,
  "summary_csf_mad": 140.8445794645963,
  "summary_csf_mean": 457.06294463234065,
  "summary_csf_median": 435.1237653940916,
  "summary_csf_n": 390242.57487845677,
  "summary_csf_p05": 163.46883518993855,
  "summary_csf_p95": 785.1465360671282,
  "summary_csf_stdv": 181.70155361216882,
  "summary_gm_k": 0.18883943240453727,
  "summary_gm_mad": 79.71060132768521,
  "summary_gm_mean": 795.1704427816303,
  "summary_gm_median": 802.5109865069389,
  "summary_gm_n": 532206.120514944,
  "summary_gm_p05": 548.0686310827732,
  "summary_gm_p95": 1018.0731730163097,
  "summary_gm_stdv": 139.67047610617033,
  "summary_wm_k": -0.599246436069655,
  "summary_wm_mad": 58.4319238546167,
  "summary_wm_mean": 965.744025170978,
  "summary_wm_median": 977.0161196440458,
  "summary_wm_n": 579600.306120237,
  "summary_wm_p05": 845.441173017025,
  "summary_wm_p95": 1054.2702052742243,
  "summary_wm_stdv": 64.48930971485144,
  "tpm_overlap_csf": 0.20861834323543293,
  "tpm_overlap_gm": 0.4924277068014511,
  "tpm_overlap_wm": 0.5199270399507397,
  "wm2max": 0.6788251846640873
}