{
  "bids_meta": {
    "InstitutionName": "HH",
    "dataset": "<unset>",
    "modality": "T1w",
    "subject_id": "0959"
  },
  "cjv": 0.7106182697926688,
  "cnr": 1.1928400311682996,
  "efc": 0.5923665545305469,
  "fber": -1.0,
  "fwhm_avg": 4.875515204501256,
  "fwhm_x": 4.260326946837103,
  "fwhm_y": 5.545002666666666,
  "fwhm_z": 4.821216000000001,
  "icvs_csf": 0.2775888542821082,
  "icvs_gm": 0.3522946862673727,
  "icvs_wm": 0.3701164594505191,
  "inu_med": 0.398726150393486,
  "inu_range": 0.15476994812488554,
  "provenance": {
    "md5sum": "1ec29b7e394e69b673ee1620b56a0e21",
    "settings": {
      "testing": false
    },
    "software": "mriqc",
    "version": "23.1.0",
    "warnings": {
      "large_rot_frame": true,
      "small_air_mask": false
    }
  },
  "qi_1": 0.0,
  "qi_2": 0.002284317535451343,
  "rpve_csf": 7.46340663686016,
  "rpve_gm": 7.334353844667582,
  "rpve_wm": 7.398433922238179,
  "size_x": 150,
  "size_y": 256,
  "size_z": 256,
  "snr_csf": 2.4032307418929606,
  "snr_gm": 5.63788674116238,
  "snr_total": 7.116386471703016,
  "snr_wm": 13.308041932053706,
  "snrd_csf": 69.34290083760334,
  "snrd_gm": 140.5509648164132,
  "snrd_total": 128.012923700525,
  "snrd_wm": 174.14490544755841,
  "spacing_x": 1.199999451637268,
  "spacing_y": 0.9375,
  "spacing_z": 0.9375,
  "summary_bg_k": 157.0106616622853,
  "summary_bg_mad": 0.0,
  "summary_bg_mean": 0.9917533999732616,
  "summary_bg_median": 0.0,
  "summary_bg_n": 3100732.0,
  "summary_bg_p05": 0.0,
  "summary_bg_p95": 6.4105529468506575,
  "summary_bg_stdv": 3.609222017191686,
  "summary_csf_k": 0.3563555590391281,
  "summary_csf_mad": 111.78703779033977,
  "summary_csf_mean": 400.50237070836397,
  "summary_csf_median": 382.01804149337113,
  "summary_csf_n": 362409.4601690278,
  "summary_csf_p05": 114.88081165403128,
  "summary_csf_p95": 694.6771400924772,
  "summary_csf_stdv": 158.9599815700704,
  "summary_gm_k": -0.07749218642158517,
  "summary_gm_mad": 69.82400917843506,
  "summary_gm_mean": 765.2256174251813,
  "summary_gm_median": 774.3114819340408,
  "summary_gm_n": 459942.55569361575,
  "summary_gm_p05": 515.0890864189714,
  "summary_gm_p95": 992.7794235162437,
  "summary_gm_stdv": 137.34058091878407,
  "summary_wm_k": -0.7512480031131026,
  "summary_wm_mad": 61.69217125446007,
  "summary_wm_mean": 941.64056383725,
  "summary_wm_median": 959.3843769375235,
  "summary_wm_n": 483209.98555949575,
  "summary_wm_p05": 803.6333973985165,
  "summary_wm_p95": 1034.0661616288126,
  "summary_wm_stdv": 72.09049904676817,
  "tpm_overlap_csf": 0.18570840160946653,
  "tpm_overlap_gm": 0.49831866018749277,
  "tpm_overlap_wm": 0.5556275139941254,
  "wm2max": 0.7704531093186634
}