{
  "bids_meta": {
    "InstitutionName": "HH",
    "dataset": "<unset>",
    "modality": "T1w",
    "subject_id": "0325"
  },
  "cjv": 0.8489969594402679,
  "cnr": 1.021470191124662,
  "efc": 0.6043573193711039,
  "fber": -1.0,
  "fwhm_avg": 4.7058695383735065,
  "fwhm_x": 4.1402539484538545,
  "fwhm_y": 5.3260266666666665,
  "fwhm_z": 4.651328,
  "icvs_csf": 0.26809432645008896,
  "icvs_gm": 0.34981863667531715,
  "icvs_wm": 0.3820870368745939,
  "inu_med": 0.42592738568782806,
  "inu_range": 0.1678775206208229,
  "provenance": {
    "md5sum": "8d1e320a54f0d937dd7c277669638d52",
    "settings": {
      "testing": false
    },
    "software": "mriqc",
    "version": "23.1.0",
    "warnings": {
      "large_rot_frame": true,
      "small_air_mask": false
    }
  },
  "qi_1": 0.0,
  "qi_2": 0.001854955479610431,
  "rpve_csf": 7.180000127475487,
  "rpve_gm": 7.033528906256878,
  "rpve_wm": 7.101812358838995,
  "size_x": 150,
  "size_y": 256,
  "size_z": 256,
  "snr_csf": 2.2506371954894524,
  "snr_gm": 5.73377371212108,
  "snr_total": 7.095446520756499,
  "snr_wm": 13.301928654658964,
  "snrd_csf": 44.924514001260256,
  "snrd_gm": 87.1441554679474,
  "snrd_total": 78.90217087994829,
  "snrd_wm": 104.63784317063723,
  "spacing_x": 1.1999988555908203,
  "spacing_y": 0.9375,
  "spacing_z": 0.9375,
  "summary_bg_k": 842.2851641062385,
  "summary_bg_mad": 0.0,
  "summary_bg_mean": 1.796425039599856,
  "summary_bg_median": 0.0,
  "summary_bg_n": 2903105.0,
  "summary_bg_p05": 0.0,
  "summary_bg_p95": 11.840884197503328,
  "summary_bg_stdv": 5.900375378613385,
  "summary_csf_k": 0.06502143284727957,
  "summary_csf_mad": 127.28447020199975,
  "summary_csf_mean": 417.1821295978602,
  "summary_csf_median": 404.6050506569445,
  "summary_csf_n": 363291.4050246835,
  "summary_csf_p05": 90.81029926612973,
  "summary_csf_p95": 743.2588667683303,
  "summary_csf_stdv": 179.77330802460517,
  "summary_gm_k": 0.1498169954954629,
  "summary_gm_mad": 67.87162414252202,
  "summary_gm_mean": 773.9946174148005,
  "summary_gm_median": 784.8491235002875,
  "summary_gm_n": 474035.03723624983,
  "summary_gm_p05": 524.9383193179965,
  "summary_gm_p95": 991.2835061252117,
  "summary_gm_stdv": 136.88163067928033,
  "summary_wm_k": -0.7211641877117154,
  "summary_wm_mad": 65.89119594053943,
  "summary_wm_mean": 930.2099898381146,
  "summary_wm_median": 942.4030683003366,
  "summary_wm_n": 517761.5591717167,
  "summary_wm_p05": 802.6444102674723,
  "summary_wm_p95": 1028.8890676014125,
  "summary_wm_stdv": 70.84703148632775,
  "tpm_overlap_csf": 0.18647932452045551,
  "tpm_overlap_gm": 0.4914674875146428,
  "tpm_overlap_wm": 0.5302282749280366,
  "wm2max": 0.7275851276565818
}