{
  "bids_meta": {
    "InstitutionName": "HH",
    "dataset": "<unset>",
    "modality": "T1w",
    "subject_id": "1141"
  },
  "cjv": 0.8566509744321348,
  "cnr": 0.9958246099417188,
  "efc": 0.5718898415395895,
  "fber": -1.0,
  "fwhm_avg": 4.911502820604787,
  "fwhm_x": 4.2253031284810305,
  "fwhm_y": 5.601557333333333,
  "fwhm_z": 4.907648,
  "icvs_csf": 0.26703010210984857,
  "icvs_gm": 0.3465647322819186,
  "icvs_wm": 0.3864051656082329,
  "inu_med": 0.4237402379512787,
  "inu_range": 0.19062591791152955,
  "provenance": {
    "md5sum": "b7cf4412624ec0873d1804ddc115a05e",
    "settings": {
      "testing": false
    },
    "software": "mriqc",
    "version": "23.1.0",
    "warnings": {
      "large_rot_frame": true,
      "small_air_mask": false
    }
  },
  "qi_1": 0.0,
  "qi_2": 0.0016180746217573268,
  "rpve_csf": 7.174871359035841,
  "rpve_gm": 7.031532602284259,
  "rpve_wm": 7.096301378665791,
  "size_x": 150,
  "size_y": 256,
  "size_z": 256,
  "snr_csf": 2.3988768735318926,
  "snr_gm": 5.760575800572329,
  "snr_total": 7.4754353154738515,
  "snr_wm": 14.266853272317332,
  "snrd_csf": 78.00307778259484,
  "snrd_gm": 154.49647888451508,
  "snrd_total": 138.88090677883773,
  "snrd_wm": 184.14316366940326,
  "spacing_x": 1.2000014781951904,
  "spacing_y": 0.9375,
  "spacing_z": 0.9375,
  "summary_bg_k": 61.80185682942819,
  "summary_bg_mad": 0.0,
  "summary_bg_mean": 0.9652826741367058,
  "summary_bg_median": 0.0,
  "summary_bg_n": 3565214.0,
  "summary_bg_p05": 0.0,
  "summary_bg_p95": 7.968517158180475,
  "summary_bg_stdv": 3.4261803309770253,
  "summary_csf_k": 0.3114389667294808,
  "summary_csf_mad": 125.24439277812803,
  "summary_csf_mean": 428.1641207702374,
  "summary_csf_median": 407.9343032296747,
  "summary_csf_n": 362387.0861145421,
  "summary_csf_p05": 129.40285225585103,
  "summary_csf_p95": 739.8743738066405,
  "summary_csf_stdv": 170.05197093978336,
  "summary_gm_k": 0.6013901338050935,
  "summary_gm_mad": 70.3774915437282,
  "summary_gm_mean": 797.4552557807668,
  "summary_gm_median": 807.9734192136675,
  "summary_gm_n": 470323.6919336026,
  "summary_gm_p05": 544.0590641312301,
  "summary_gm_p95": 1016.157040797174,
  "summary_gm_stdv": 140.25899289066092,
  "summary_wm_k": -0.5395831867843794,
  "summary_wm_mad": 62.44099790414196,
  "summary_wm_mean": 954.4073880555936,
  "summary_wm_median": 963.01729753986,
  "summary_wm_n": 524391.2237533841,
  "summary_wm_p05": 833.1744658090174,
  "summary_wm_p95": 1052.3575742673129,
  "summary_wm_stdv": 67.5002651904979,
  "tpm_overlap_csf": 0.18822252961079722,
  "tpm_overlap_gm": 0.4915072131797593,
  "tpm_overlap_wm": 0.5332674574440186,
  "wm2max": 0.7046959395227876
}