{
  "bids_meta": {
    "InstitutionName": "HH",
    "dataset": "<unset>",
    "modality": "T1w",
    "subject_id": "0059"
  },
  "cjv": 0.6270902632225079,
  "cnr": 1.6117912086062878,
  "efc": 0.6134256582817542,
  "fber": -1.0,
  "fwhm_avg": 5.171310248478328,
  "fwhm_x": 4.420981412101648,
  "fwhm_y": 6.039264,
  "fwhm_z": 5.053685333333333,
  "icvs_csf": 0.2642239325250509,
  "icvs_gm": 0.38064344779323556,
  "icvs_wm": 0.3551326196817135,
  "inu_med": 0.37637975811958313,
  "inu_range": 0.19427061527967449,
  "provenance": {
    "md5sum": "477b0188a2b66c5cad760a59646c3fb6",
    "settings": {
      "testing": false
    },
    "software": "mriqc",
    "version": "23.1.0",
    "warnings": {
      "large_rot_frame": true,
      "small_air_mask": false
    }
  },
  "qi_1": 0.0,
  "qi_2": 0.0012501363444478637,
  "rpve_csf": 6.45523769406551,
  "rpve_gm": 6.356048831571205,
  "rpve_wm": 6.421632511574649,
  "size_x": 150,
  "size_y": 256,
  "size_z": 256,
  "snr_csf": 2.359890653164108,
  "snr_gm": 8.576987280196892,
  "snr_total": 8.852359715148681,
  "snr_wm": 15.62020121208504,
  "snrd_csf": 75.04936894043763,
  "snrd_gm": 124.34207752755648,
  "snrd_total": 117.3087834640259,
  "snrd_wm": 152.53490392408355,
  "spacing_x": 1.1999982595443726,
  "spacing_y": 0.9375,
  "spacing_z": 0.9375,
  "summary_bg_k": 41.583166524144005,
  "summary_bg_mad": 0.0,
  "summary_bg_mean": 1.2512114450666678,
  "summary_bg_median": 0.0,
  "summary_bg_n": 2628135.0,
  "summary_bg_p05": 0.0,
  "summary_bg_p95": 9.371057532727718,
  "summary_bg_stdv": 4.147046331653844,
  "summary_csf_k": -0.34897709875689387,
  "summary_csf_mad": 164.81415348838598,
  "summary_csf_mean": 479.17377224943317,
  "summary_csf_median": 475.0662765149027,
  "summary_csf_n": 397707.74970822874,
  "summary_csf_p05": 130.9116141591221,
  "summary_csf_p95": 803.6196727585047,
  "summary_csf_stdv": 201.3083439362212,
  "summary_gm_k": -0.46647677716353897,
  "summary_gm_mad": 63.51337457264342,
  "summary_gm_mean": 790.2393312085596,
  "summary_gm_median": 787.091598758474,
  "summary_gm_n": 572941.4728496507,
  "summary_gm_p05": 638.1329754497856,
  "summary_gm_p95": 961.0225457120687,
  "summary_gm_stdv": 91.76776018881334,
  "summary_wm_k": -0.5087256268510116,
  "summary_wm_mad": 48.39841283540376,
  "summary_wm_mean": 951.7543514975823,
  "summary_wm_median": 965.5536064971238,
  "summary_wm_n": 534542.7784374217,
  "summary_wm_p05": 829.3128469828516,
  "summary_wm_p95": 1030.9965412449092,
  "summary_wm_stdv": 61.81435758914983,
  "tpm_overlap_csf": 0.19611927842371277,
  "tpm_overlap_gm": 0.5355099148420274,
  "tpm_overlap_wm": 0.5687871668784188,
  "wm2max": 0.7346028117375578
}