{
  "bids_meta": {
    "InstitutionName": "HH",
    "dataset": "<unset>",
    "modality": "T1w",
    "subject_id": "0550"
  },
  "cjv": 0.7408565508664424,
  "cnr": 1.3102701475409317,
  "efc": 0.6293475904096679,
  "fber": -1.0,
  "fwhm_avg": 5.414538628454598,
  "fwhm_x": 4.7716162780782065,
  "fwhm_y": 6.176863607285588,
  "fwhm_z": 5.295136,
  "icvs_csf": 0.2694957092925491,
  "icvs_gm": 0.3648415711936384,
  "icvs_wm": 0.36566271951381235,
  "inu_med": 0.4471552222967148,
  "inu_range": 0.2500060200691223,
  "provenance": {
    "md5sum": "354727adeece7e0ea370ff3fb253d566",
    "settings": {
      "testing": false
    },
    "software": "mriqc",
    "version": "23.1.0",
    "warnings": {
      "large_rot_frame": true,
      "small_air_mask": false
    }
  },
  "qi_1": 0.0,
  "qi_2": 0.0018350462955318502,
  "rpve_csf": 6.846145049109122,
  "rpve_gm": 6.718033269560413,
  "rpve_wm": 6.7732450478081665,
  "size_x": 150,
  "size_y": 256,
  "size_z": 256,
  "snr_csf": 2.3003436017912007,
  "snr_gm": 6.90160133257,
  "snr_total": 7.733376456714502,
  "snr_wm": 13.998184435782303,
  "snrd_csf": 24.766259068132978,
  "snrd_gm": 49.4188509900839,
  "snrd_total": 44.863928393077934,
  "snrd_wm": 60.40667512101691,
  "spacing_x": 1.2000021934509277,
  "spacing_y": 0.9375000596046448,
  "spacing_z": 0.9375,
  "summary_bg_k": 1937.3739815796182,
  "summary_bg_mad": 0.0,
  "summary_bg_mean": 1.7078491959407562,
  "summary_bg_median": 0.0,
  "summary_bg_n": 2430815.0,
  "summary_bg_p05": 0.0,
  "summary_bg_p95": 9.493422729894519,
  "summary_bg_stdv": 10.400687772683563,
  "summary_csf_k": -0.1677704044752062,
  "summary_csf_mad": 148.11675998378217,
  "summary_csf_mean": 412.34068907955185,
  "summary_csf_median": 393.1793865598738,
  "summary_csf_n": 383704.2183982965,
  "summary_csf_p05": 130.89416188187897,
  "summary_csf_p95": 724.5338383167982,
  "summary_csf_stdv": 170.9218022500707,
  "summary_gm_k": -0.470765509249202,
  "summary_gm_mad": 70.8013622330854,
  "summary_gm_mean": 782.9608160154297,
  "summary_gm_median": 784.5542382206768,
  "summary_gm_n": 519456.3218893217,
  "summary_gm_p05": 588.6706672925502,
  "summary_gm_p95": 982.8961610402912,
  "summary_gm_stdv": 113.67702149778232,
  "summary_wm_k": -0.7338201957763677,
  "summary_wm_mad": 58.432449553811445,
  "summary_wm_mean": 943.2457889083198,
  "summary_wm_median": 958.9926117975265,
  "summary_wm_n": 520625.46137287247,
  "summary_wm_p05": 813.1652698088437,
  "summary_wm_p95": 1032.220114948228,
  "summary_wm_stdv": 68.50829085700629,
  "tpm_overlap_csf": 0.1814772002939481,
  "tpm_overlap_gm": 0.5175165952309225,
  "tpm_overlap_wm": 0.5604598533825539,
  "wm2max": 0.7385647243650426
}