{
  "bids_meta": {
    "InstitutionName": "HH",
    "dataset": "<unset>",
    "modality": "T1w",
    "subject_id": "1097"
  },
  "cjv": 0.7441607277751412,
  "cnr": 1.2968216630299705,
  "efc": 0.6032472222499504,
  "fber": -1.0,
  "fwhm_avg": 5.42110895453622,
  "fwhm_x": 4.783391256555008,
  "fwhm_y": 6.1805116070536545,
  "fwhm_z": 5.299424,
  "icvs_csf": 0.26826346091732617,
  "icvs_gm": 0.364614112638845,
  "icvs_wm": 0.3671224264438287,
  "inu_med": 0.4476093649864197,
  "inu_range": 0.24920501112937932,
  "provenance": {
    "md5sum": "2bc49df570c534f90b61416b657fb83b",
    "settings": {
      "testing": false
    },
    "software": "mriqc",
    "version": "23.1.0",
    "warnings": {
      "large_rot_frame": true,
      "small_air_mask": false
    }
  },
  "qi_1": 0.0,
  "qi_2": 0.0024802351094126555,
  "rpve_csf": 6.811732374784916,
  "rpve_gm": 6.681717612127381,
  "rpve_wm": 6.7363189619653445,
  "size_x": 150,
  "size_y": 256,
  "size_z": 256,
  "snr_csf": 2.283746798424927,
  "snr_gm": 6.760441339886876,
  "snr_total": 7.604082660039218,
  "snr_wm": 13.76805984180585,
  "snrd_csf": 24.723067600385512,
  "snrd_gm": 49.96532461258501,
  "snrd_total": 45.28984645854651,
  "snrd_wm": 61.18114716266903,
  "spacing_x": 1.2000021934509277,
  "spacing_y": 0.9375000596046448,
  "spacing_z": 0.9375,
  "summary_bg_k": 1909.5157286096448,
  "summary_bg_mad": 0.0,
  "summary_bg_mean": 1.7031689211394254,
  "summary_bg_median": 0.0,
  "summary_bg_n": 2430670.0,
  "summary_bg_p05": 0.0,
  "summary_bg_p95": 9.411335442215204,
  "summary_bg_stdv": 10.263714144958952,
  "summary_csf_k": -0.17710286744869386,
  "summary_csf_mad": 146.25806535423064,
  "summary_csf_mean": 405.6354391255808,
  "summary_csf_median": 387.32468328252435,
  "summary_csf_n": 383912.6441553533,
  "summary_csf_p05": 121.66953603550792,
  "summary_csf_p95": 715.365774333477,
  "summary_csf_stdv": 169.6003160707477,
  "summary_gm_k": -0.4605278131503545,
  "summary_gm_mad": 71.27375066416525,
  "summary_gm_mean": 780.5524420038179,
  "summary_gm_median": 782.7832631245255,
  "summary_gm_n": 521800.3510462278,
  "summary_gm_p05": 581.9385865405202,
  "summary_gm_p95": 983.6800800710917,
  "summary_gm_stdv": 115.7886702494463,
  "summary_wm_k": -0.7530799466236195,
  "summary_wm_mad": 59.48497954021167,
  "summary_wm_mean": 942.0948628893564,
  "summary_wm_median": 958.4962849542499,
  "summary_wm_n": 525390.0064616533,
  "summary_wm_p05": 810.1308832876384,
  "summary_wm_p95": 1031.9881259836257,
  "summary_wm_stdv": 69.61731600464341,
  "tpm_overlap_csf": 0.1821374960926623,
  "tpm_overlap_gm": 0.5189514131953128,
  "tpm_overlap_wm": 0.5609720118186762,
  "wm2max": 0.7395383191772051
}