{
  "bids_meta": {
    "InstitutionName": "HH",
    "dataset": "<unset>",
    "modality": "T1w",
    "subject_id": "0255"
  },
  "cjv": 0.6461063845927904,
  "cnr": 1.5353938886262286,
  "efc": 0.5744936172615784,
  "fber": -1.0,
  "fwhm_avg": 4.741185198215491,
  "fwhm_x": 4.096216927979808,
  "fwhm_y": 5.424725333333333,
  "fwhm_z": 4.702613333333333,
  "icvs_csf": 0.2579911039817722,
  "icvs_gm": 0.37795696128708356,
  "icvs_wm": 0.3640519347311443,
  "inu_med": 0.35054832696914673,
  "inu_range": 0.17717434614896777,
  "provenance": {
    "md5sum": "9553956703dc92ff293483b5e342f80e",
    "settings": {
      "testing": false
    },
    "software": "mriqc",
    "version": "23.1.0",
    "warnings": {
      "large_rot_frame": true,
      "small_air_mask": false
    }
  },
  "qi_1": 0.0,
  "qi_2": 0.0012524324278005005,
  "rpve_csf": 6.051121997666837,
  "rpve_gm": 5.957304314191369,
  "rpve_wm": 6.034489516617967,
  "size_x": 150,
  "size_y": 256,
  "size_z": 256,
  "snr_csf": 2.702581819542208,
  "snr_gm": 8.453158020064693,
  "snr_total": 9.842629934375829,
  "snr_wm": 18.372149963520588,
  "snrd_csf": 116.99085415557458,
  "snrd_gm": 174.96348768945316,
  "snrd_total": 167.7631077440436,
  "snrd_wm": 211.33498138710306,
  "spacing_x": 1.1999950408935547,
  "spacing_y": 0.9375,
  "spacing_z": 0.9375,
  "summary_bg_k": 51.85207050593298,
  "summary_bg_mad": 0.0,
  "summary_bg_mean": 0.9281991231430629,
  "summary_bg_median": 0.0,
  "summary_bg_n": 2690924.0,
  "summary_bg_p05": 0.0,
  "summary_bg_p95": 5.7252915650606155,
  "summary_bg_stdv": 3.008713128058474,
  "summary_csf_k": 0.1912341934804802,
  "summary_csf_mad": 141.48520517517125,
  "summary_csf_mean": 536.3739091156266,
  "summary_csf_median": 537.280356824398,
  "summary_csf_n": 412852.84433398466,
  "summary_csf_p05": 191.8896108418703,
  "summary_csf_p95": 844.4409300982952,
  "summary_csf_stdv": 198.8023830570599,
  "summary_gm_k": -0.4857968657259679,
  "summary_gm_mad": 64.69906811162102,
  "summary_gm_mean": 806.2049708767195,
  "summary_gm_median": 803.5196065157652,
  "summary_gm_n": 604829.4072737751,
  "summary_gm_p05": 647.8813809752464,
  "summary_gm_p95": 977.3890600353479,
  "summary_gm_stdv": 95.05547398441396,
  "summary_wm_k": -0.3150165878196072,
  "summary_wm_mad": 43.22398443974681,
  "summary_wm_mean": 962.431261638756,
  "summary_wm_median": 970.5556475222111,
  "summary_wm_n": 582577.7494624859,
  "summary_wm_p05": 859.611633554101,
  "summary_wm_p95": 1034.6947433501482,
  "summary_wm_stdv": 52.82750339318895,
  "tpm_overlap_csf": 0.21461651865415074,
  "tpm_overlap_gm": 0.5145287651911955,
  "tpm_overlap_wm": 0.5514020979783467,
  "wm2max": 0.7187432836404134
}