{
  "bids_meta": {
    "InstitutionName": "HH",
    "dataset": "<unset>",
    "modality": "T1w",
    "subject_id": "0616"
  },
  "cjv": 0.8265170648587309,
  "cnr": 1.1092754027137735,
  "efc": 0.6110543255250246,
  "fber": -1.0,
  "fwhm_avg": 5.058175404361578,
  "fwhm_x": 4.372808514230139,
  "fwhm_y": 5.7491523655212635,
  "fwhm_z": 5.052565333333334,
  "icvs_csf": 0.2688023520396962,
  "icvs_gm": 0.35488453790392677,
  "icvs_wm": 0.37631311005637696,
  "inu_med": 0.4258245527744293,
  "inu_range": 0.2365289330482483,
  "provenance": {
    "md5sum": "9b7508764feecb5091e10b5138c33dcc",
    "settings": {
      "testing": false
    },
    "software": "mriqc",
    "version": "23.1.0",
    "warnings": {
      "large_rot_frame": true,
      "small_air_mask": false
    }
  },
  "qi_1": 0.0,
  "qi_2": 0.0011409746187751328,
  "rpve_csf": 6.274134862804473,
  "rpve_gm": 6.134360426494064,
  "rpve_wm": 6.198881941113961,
  "size_x": 150,
  "size_y": 256,
  "size_z": 256,
  "snr_csf": 2.2902725520830023,
  "snr_gm": 6.426963084070132,
  "snr_total": 7.703261428736905,
  "snr_wm": 14.39254865005758,
  "snrd_csf": 72.25149610459198,
  "snrd_gm": 136.62610747382396,
  "snrd_total": 124.08195829562614,
  "snrd_wm": 163.36827130846248,
  "spacing_x": 1.1999976634979248,
  "spacing_y": 0.9374999403953552,
  "spacing_z": 0.9375,
  "summary_bg_k": 125.75265951358514,
  "summary_bg_mad": 0.0,
  "summary_bg_mean": 1.4074198092456054,
  "summary_bg_median": 0.0,
  "summary_bg_n": 2531653.0,
  "summary_bg_p05": 0.0,
  "summary_bg_p95": 9.352735802531242,
  "summary_bg_stdv": 3.857398962198911,
  "summary_csf_k": -0.008405409753560189,
  "summary_csf_mad": 143.3539699338309,
  "summary_csf_mean": 440.2189451757949,
  "summary_csf_median": 425.41193878278136,
  "summary_csf_n": 416454.40918749804,
  "summary_csf_p05": 107.52895368263125,
  "summary_csf_p95": 774.3240003101528,
  "summary_csf_stdv": 185.74707522956126,
  "summary_gm_k": -0.20236179297826107,
  "summary_gm_mad": 68.92409934229708,
  "summary_gm_mean": 799.4428624579556,
  "summary_gm_median": 804.445311203599,
  "summary_gm_n": 549821.1955404775,
  "summary_gm_p05": 578.9068381302059,
  "summary_gm_p95": 1005.0890022143722,
  "summary_gm_stdv": 125.1671386825632,
  "summary_wm_k": -0.6876721859413539,
  "summary_wm_mad": 61.21601959336564,
  "summary_wm_mean": 950.946991088272,
  "summary_wm_median": 961.9013692438602,
  "summary_wm_n": 583020.396692417,
  "summary_wm_p05": 828.0747231282294,
  "summary_wm_p95": 1043.5727592371404,
  "summary_wm_stdv": 66.83323209126178,
  "tpm_overlap_csf": 0.1849344074756377,
  "tpm_overlap_gm": 0.49419377122792396,
  "tpm_overlap_wm": 0.5308779063040305,
  "wm2max": 0.6368470896772783
}