{
  "bids_meta": {
    "InstitutionName": "HH",
    "dataset": "<unset>",
    "modality": "T1w",
    "subject_id": "0938"
  },
  "cjv": 0.7725319917202925,
  "cnr": 1.1238884640955284,
  "efc": 0.6244906983759085,
  "fber": 8097.286659427792,
  "fwhm_avg": 5.170107067780893,
  "fwhm_x": 4.456507870009347,
  "fwhm_y": 6.107434666666666,
  "fwhm_z": 4.946378666666666,
  "icvs_csf": 0.27487306750570223,
  "icvs_gm": 0.3507911569251962,
  "icvs_wm": 0.3743357755691016,
  "inu_med": 0.42953506112098694,
  "inu_range": 0.20640864670276637,
  "provenance": {
    "md5sum": "3d9ba60a0dde66e9d603c2ce72e1b249",
    "settings": {
      "testing": false
    },
    "software": "mriqc",
    "version": "23.1.0",
    "warnings": {
      "large_rot_frame": true,
      "small_air_mask": false
    }
  },
  "qi_1": 0.0,
  "qi_2": 0.0006983853222154198,
  "rpve_csf": 6.3933460770421915,
  "rpve_gm": 6.260521398602901,
  "rpve_wm": 6.329690655861698,
  "size_x": 150,
  "size_y": 256,
  "size_z": 256,
  "snr_csf": 2.166373101881681,
  "snr_gm": 5.573968312552811,
  "snr_total": 7.118154694533555,
  "snr_wm": 13.614122669166171,
  "snrd_csf": 30.371867063417756,
  "snrd_gm": 60.546623919674445,
  "snrd_total": 55.048187759914846,
  "snrd_wm": 74.22607229665235,
  "spacing_x": 1.1999956369400024,
  "spacing_y": 0.9375,
  "spacing_z": 0.9375,
  "summary_bg_k": 24.59738677487923,
  "summary_bg_mad": 0.0,
  "summary_bg_mean": 3.1600972806112178,
  "summary_bg_median": 0.0,
  "summary_bg_n": 2600980.0,
  "summary_bg_p05": 0.0,
  "summary_bg_p95": 20.912640115246177,
  "summary_bg_stdv": 8.516084390489457,
  "summary_csf_k": 0.04677383507943933,
  "summary_csf_mad": 130.3517750836787,
  "summary_csf_mean": 410.73173526733115,
  "summary_csf_median": 394.8023388851434,
  "summary_csf_n": 417802.1153941592,
  "summary_csf_p05": 83.0405067820102,
  "summary_csf_p95": 745.4123892653733,
  "summary_csf_stdv": 182.24093812218504,
  "summary_gm_k": 0.005856162070574822,
  "summary_gm_mad": 74.13011022660496,
  "summary_gm_mean": 778.0217889581508,
  "summary_gm_median": 787.0424523185939,
  "summary_gm_n": 533196.2449244724,
  "summary_gm_p05": 520.2049731351435,
  "summary_gm_p95": 1005.63688656874,
  "summary_gm_stdv": 141.19953149066006,
  "summary_wm_k": -0.698189729685335,
  "summary_wm_mad": 63.24032829482941,
  "summary_wm_mean": 950.625614241948,
  "summary_wm_median": 964.8608986660838,
  "summary_wm_n": 568983.6415029617,
  "summary_wm_p05": 818.2039942406118,
  "summary_wm_p95": 1045.9248315282166,
  "summary_wm_stdv": 70.87199625209144,
  "tpm_overlap_csf": 0.17956887398285631,
  "tpm_overlap_gm": 0.5013599375419837,
  "tpm_overlap_wm": 0.5379305824000231,
  "wm2max": 0.7598001537279017
}