{
  "bids_meta": {
    "InstitutionName": "HH",
    "dataset": "<unset>",
    "modality": "T1w",
    "subject_id": "1230"
  },
  "cjv": 0.6374143197809623,
  "cnr": 1.6365557238909587,
  "efc": 0.6089937228903622,
  "fber": -1.0,
  "fwhm_avg": 5.10340373417871,
  "fwhm_x": 4.390285869202796,
  "fwhm_y": 5.922229333333333,
  "fwhm_z": 4.997696,
  "icvs_csf": 0.2535813374749137,
  "icvs_gm": 0.39056546581028273,
  "icvs_wm": 0.35585319671480364,
  "inu_med": 0.3778526484966278,
  "inu_range": 0.18141514211893084,
  "provenance": {
    "md5sum": "658ffaf87b640395fa4df76f431f3c81",
    "settings": {
      "testing": false
    },
    "software": "mriqc",
    "version": "23.1.0",
    "warnings": {
      "large_rot_frame": true,
      "small_air_mask": false
    }
  },
  "qi_1": 0.0,
  "qi_2": 0.002343639512523552,
  "rpve_csf": 7.761422128825642,
  "rpve_gm": 7.6597081000701035,
  "rpve_wm": 7.723692771771539,
  "size_x": 150,
  "size_y": 256,
  "size_z": 256,
  "snr_csf": 2.3123012870426085,
  "snr_gm": 9.0819898642468,
  "snr_total": 8.61754288811411,
  "snr_wm": 14.458337513052925,
  "snrd_csf": 71.84075886407834,
  "snrd_gm": 115.16356596579,
  "snrd_total": 109.46551625833605,
  "snrd_wm": 141.39222394513985,
  "spacing_x": 1.2000038623809814,
  "spacing_y": 0.9375,
  "spacing_z": 0.9375,
  "summary_bg_k": 45.417293630553104,
  "summary_bg_mad": 0.0,
  "summary_bg_mean": 1.3215412616110116,
  "summary_bg_median": 0.0,
  "summary_bg_n": 3151962.0,
  "summary_bg_p05": 0.0,
  "summary_bg_p95": 9.672867370769382,
  "summary_bg_stdv": 4.449556317994237,
  "summary_csf_k": -0.6131622249619912,
  "summary_csf_mad": 166.6524802766492,
  "summary_csf_mean": 485.9067603674412,
  "summary_csf_median": 487.92816655151546,
  "summary_csf_n": 318004.1836558322,
  "summary_csf_p05": 124.72097689472139,
  "summary_csf_p95": 815.2148938234895,
  "summary_csf_stdv": 211.01376456110694,
  "summary_gm_k": -0.4989424030871201,
  "summary_gm_mad": 62.423355428893245,
  "summary_gm_mean": 786.6657387230548,
  "summary_gm_median": 782.1680684294552,
  "summary_gm_n": 489789.40388878505,
  "summary_gm_p05": 647.5176494326442,
  "summary_gm_p95": 947.5304827652872,
  "summary_gm_stdv": 86.12289615454871,
  "summary_wm_k": -0.490753049923478,
  "summary_wm_mad": 51.12552693262189,
  "summary_wm_mean": 945.876978416103,
  "summary_wm_median": 960.3079043850303,
  "summary_wm_n": 446258.41337320174,
  "summary_wm_p05": 815.5740984473377,
  "summary_wm_p95": 1031.738309584558,
  "summary_wm_stdv": 66.41889688648568,
  "tpm_overlap_csf": 0.18640604325478252,
  "tpm_overlap_gm": 0.5504968180414911,
  "tpm_overlap_wm": 0.5565532139654331,
  "wm2max": 0.6923725675506789
}