{
  "bids_meta": {
    "InstitutionName": "HH",
    "dataset": "<unset>",
    "modality": "T1w",
    "subject_id": "0539"
  },
  "cjv": 0.6234676677148795,
  "cnr": 1.642509216241345,
  "efc": 0.6467715656246563,
  "fber": -1.0,
  "fwhm_avg": 5.161212021211999,
  "fwhm_x": 4.410548063635998,
  "fwhm_y": 6.027317333333333,
  "fwhm_z": 5.045770666666667,
  "icvs_csf": 0.26372044730028327,
  "icvs_gm": 0.38146365068070676,
  "icvs_wm": 0.35481590201901,
  "inu_med": 0.37573832273483276,
  "inu_range": 0.19535778164863588,
  "provenance": {
    "md5sum": "b665ab438e7a7fc6a00c04f7876d0cd0",
    "settings": {
      "testing": false
    },
    "software": "mriqc",
    "version": "23.1.0",
    "warnings": {
      "large_rot_frame": true,
      "small_air_mask": false
    }
  },
  "qi_1": 0.0,
  "qi_2": 0.002336902545077281,
  "rpve_csf": 6.491963865766504,
  "rpve_gm": 6.396619169992665,
  "rpve_wm": 6.4628629284345145,
  "size_x": 150,
  "size_y": 256,
  "size_z": 256,
  "snr_csf": 2.415803549351645,
  "snr_gm": 8.766359680088147,
  "snr_total": 9.067363461576358,
  "snr_wm": 16.019927155289285,
  "snrd_csf": 77.85860285346105,
  "snrd_gm": 126.88610652998258,
  "snrd_total": 120.09264376041995,
  "snrd_wm": 155.53322189781616,
  "spacing_x": 1.1999982595443726,
  "spacing_y": 0.9375,
  "spacing_z": 0.9375,
  "summary_bg_k": 42.42762457883096,
  "summary_bg_mad": 0.0,
  "summary_bg_mean": 1.2047267606029035,
  "summary_bg_median": 0.0,
  "summary_bg_n": 2635622.0,
  "summary_bg_p05": 0.0,
  "summary_bg_p95": 9.19910629838705,
  "summary_bg_stdv": 4.071431905541016,
  "summary_csf_k": -0.28565815822070517,
  "summary_csf_mad": 163.20105892911513,
  "summary_csf_mean": 487.18429100254025,
  "summary_csf_median": 483.8625968247652,
  "summary_csf_n": 394672.6817342574,
  "summary_csf_p05": 141.1828941218555,
  "summary_csf_p95": 807.8322528190911,
  "summary_csf_stdv": 200.2902860052416,
  "summary_gm_k": -0.4860662479180764,
  "summary_gm_mad": 63.3001274363872,
  "summary_gm_mean": 791.6076324310702,
  "summary_gm_median": 788.5505102388561,
  "summary_gm_n": 570882.0970824009,
  "summary_gm_p05": 642.8200353197753,
  "summary_gm_p95": 958.6560182310641,
  "summary_gm_stdv": 89.95179850850546,
  "summary_wm_k": -0.5047789401679883,
  "summary_wm_mad": 47.696626759736674,
  "summary_wm_mean": 953.6368094702082,
  "summary_wm_median": 966.5818019062281,
  "summary_wm_n": 531002.2222598125,
  "summary_wm_p05": 834.4420970268548,
  "summary_wm_p95": 1031.6771727465093,
  "summary_wm_stdv": 60.33616023267108,
  "tpm_overlap_csf": 0.19773579474167874,
  "tpm_overlap_gm": 0.5339441943118155,
  "tpm_overlap_wm": 0.5695928078374276,
  "wm2max": 0.7324123229338204
}