{
  "bids_meta": {
    "InstitutionName": "HH",
    "dataset": "<unset>",
    "modality": "T1w",
    "subject_id": "0540"
  },
  "cjv": 0.8275370216582801,
  "cnr": 1.1281995103810354,
  "efc": 0.6484223669814476,
  "fber": 10405.020025,
  "fwhm_avg": 5.297614274452459,
  "fwhm_x": 4.472138823357377,
  "fwhm_y": 6.000981333333333,
  "fwhm_z": 5.419722666666667,
  "icvs_csf": 0.26863813507683926,
  "icvs_gm": 0.3545512616814436,
  "icvs_wm": 0.3768106032417171,
  "inu_med": 0.4537331163883209,
  "inu_range": 0.18753832876682286,
  "provenance": {
    "md5sum": "08085d34b8a7946621da052e71462e39",
    "settings": {
      "testing": false
    },
    "software": "mriqc",
    "version": "23.1.0",
    "warnings": {
      "large_rot_frame": true,
      "small_air_mask": false
    }
  },
  "qi_1": 0.0,
  "qi_2": 0.0015177880209157632,
  "rpve_csf": 7.459724785986336,
  "rpve_gm": 7.333454190828905,
  "rpve_wm": 7.413403915942256,
  "size_x": 150,
  "size_y": 256,
  "size_z": 256,
  "snr_csf": 2.426738569599109,
  "snr_gm": 5.765097795562911,
  "snr_total": 7.4323218542948455,
  "snr_wm": 14.105129197722519,
  "snrd_csf": 17.77008415327792,
  "snrd_gm": 31.672629683571767,
  "snrd_total": 29.36018994457432,
  "snrd_wm": 38.63785599687328,
  "spacing_x": 1.2000007629394531,
  "spacing_y": 0.9375,
  "spacing_z": 0.9375,
  "summary_bg_k": 49.80081255265108,
  "summary_bg_mad": 0.0,
  "summary_bg_mean": 5.909123181585068,
  "summary_bg_median": 0.0,
  "summary_bg_n": 3176343.0,
  "summary_bg_p05": 0.0,
  "summary_bg_p95": 40.75656423345208,
  "summary_bg_stdv": 16.340861788212326,
  "summary_csf_k": 0.2743519846948832,
  "summary_csf_mad": 132.48831048766257,
  "summary_csf_mean": 452.40711525949143,
  "summary_csf_median": 443.2336367107928,
  "summary_csf_n": 349948.18301281217,
  "summary_csf_p05": 119.82141852378845,
  "summary_csf_p95": 770.4862849786878,
  "summary_csf_stdv": 182.6455511023154,
  "summary_gm_k": -0.13299701343450065,
  "summary_gm_mad": 80.53211029642235,
  "summary_gm_mean": 782.2831842197478,
  "summary_gm_median": 790.0004703272134,
  "summary_gm_n": 461865.0653408977,
  "summary_gm_p05": 540.5645365733653,
  "summary_gm_p95": 1005.7606328092515,
  "summary_gm_stdv": 137.03143348342223,
  "summary_wm_k": -0.5176385553376144,
  "summary_wm_mad": 63.23710119166704,
  "summary_wm_mean": 956.298648666166,
  "summary_wm_median": 963.7319261115044,
  "summary_wm_n": 490861.7531412028,
  "summary_wm_p05": 832.9172764811665,
  "summary_wm_p95": 1055.3501862287521,
  "summary_wm_stdv": 68.32485764066152,
  "tpm_overlap_csf": 0.20356584466072428,
  "tpm_overlap_gm": 0.5109409231481589,
  "tpm_overlap_wm": 0.5480202612912327,
  "wm2max": 0.7463871231778851
}