{
  "bids_meta": {
    "InstitutionName": "HH",
    "dataset": "<unset>",
    "modality": "T1w",
    "subject_id": "0279"
  },
  "cjv": 0.646527421471084,
  "cnr": 1.5631547829236045,
  "efc": 0.5780979072587393,
  "fber": 31760.56956939471,
  "fwhm_avg": 5.366370419059893,
  "fwhm_x": 4.591303257179681,
  "fwhm_y": 6.315562666666667,
  "fwhm_z": 5.192245333333333,
  "icvs_csf": 0.25628833064658474,
  "icvs_gm": 0.37639246103979257,
  "icvs_wm": 0.3673192083136226,
  "inu_med": 0.35869792103767395,
  "inu_range": 0.19005048125982282,
  "provenance": {
    "md5sum": "f742444bbe54c278641aa874f3aa1f00",
    "settings": {
      "testing": false
    },
    "software": "mriqc",
    "version": "23.1.0",
    "warnings": {
      "large_rot_frame": true,
      "small_air_mask": false
    }
  },
  "qi_1": 0.0,
  "qi_2": 0.0022214249141416327,
  "rpve_csf": 6.066548099195292,
  "rpve_gm": 5.976610812631084,
  "rpve_wm": 6.049004792371091,
  "size_x": 150,
  "size_y": 256,
  "size_z": 256,
  "snr_csf": 2.341463395558939,
  "snr_gm": 7.894688186027253,
  "snr_total": 9.694300909333625,
  "snr_wm": 18.846751146414682,
  "snrd_csf": 39.20544357056902,
  "snrd_gm": 63.74933941916087,
  "snrd_total": 60.307858370825706,
  "snrd_wm": 77.96879212274723,
  "spacing_x": 1.2000035047531128,
  "spacing_y": 0.9375,
  "spacing_z": 0.9375,
  "summary_bg_k": 898.2073024507613,
  "summary_bg_mad": 0.0,
  "summary_bg_mean": 2.391475048331269,
  "summary_bg_median": 0.0,
  "summary_bg_n": 2175754.0,
  "summary_bg_p05": 0.0,
  "summary_bg_p95": 12.073541162535548,
  "summary_bg_stdv": 8.21953752611341,
  "summary_csf_k": -0.04501387850438521,
  "summary_csf_mad": 155.6081913409213,
  "summary_csf_mean": 494.0632255946423,
  "summary_csf_median": 491.88323936238885,
  "summary_csf_n": 409638.96614826936,
  "summary_csf_p05": 101.34602175839245,
  "summary_csf_p95": 828.9382558166981,
  "summary_csf_stdv": 210.07487877396952,
  "summary_gm_k": -0.562269638911562,
  "summary_gm_mad": 73.05432399855098,
  "summary_gm_mean": 801.0717320112501,
  "summary_gm_median": 799.8183090128005,
  "summary_gm_n": 601607.6433029668,
  "summary_gm_p05": 631.386432794854,
  "summary_gm_p95": 983.2165946718305,
  "summary_gm_stdv": 101.31085933120832,
  "summary_wm_k": -0.3682027075068901,
  "summary_wm_mad": 42.28714630289729,
  "summary_wm_mean": 969.3743261200332,
  "summary_wm_median": 978.219822190702,
  "summary_wm_n": 587105.3916515814,
  "summary_wm_p05": 868.0517475828528,
  "summary_wm_p95": 1040.117640150711,
  "summary_wm_stdv": 51.9038523671157,
  "tpm_overlap_csf": 0.2184855821420088,
  "tpm_overlap_gm": 0.5159898556536096,
  "tpm_overlap_wm": 0.547588208111885,
  "wm2max": 0.8309841991957432
}