{
  "bids_meta": {
    "InstitutionName": "HH",
    "dataset": "<unset>",
    "modality": "T1w",
    "subject_id": "1133"
  },
  "cjv": 0.6132811907265494,
  "cnr": 1.6964158960062135,
  "efc": 0.5839902779656658,
  "fber": -1.0,
  "fwhm_avg": 4.936110417133707,
  "fwhm_x": 4.296864584734453,
  "fwhm_y": 5.645717333333334,
  "fwhm_z": 4.865749333333333,
  "icvs_csf": 0.24446628876314785,
  "icvs_gm": 0.3888544616705032,
  "icvs_wm": 0.366679249566349,
  "inu_med": 0.29886531829833984,
  "inu_range": 0.142628513276577,
  "provenance": {
    "md5sum": "5a38f479f0616f920681f8091af11b63",
    "settings": {
      "testing": false
    },
    "software": "mriqc",
    "version": "23.1.0",
    "warnings": {
      "large_rot_frame": true,
      "small_air_mask": false
    }
  },
  "qi_1": 0.0,
  "qi_2": 0.0028016041658441636,
  "rpve_csf": 6.10976151507875,
  "rpve_gm": 6.0379592894732355,
  "rpve_wm": 6.125126590556765,
  "size_x": 150,
  "size_y": 256,
  "size_z": 256,
  "snr_csf": 2.696493628854565,
  "snr_gm": 8.35408862654653,
  "snr_total": 10.605085147672733,
  "snr_wm": 20.764673187617106,
  "snrd_csf": 105.41854119074013,
  "snrd_gm": 142.95620881524488,
  "snrd_total": 141.24050436969085,
  "snrd_wm": 175.34676310308762,
  "spacing_x": 1.200002908706665,
  "spacing_y": 0.9375,
  "spacing_z": 0.9375,
  "summary_bg_k": 35.72169405678628,
  "summary_bg_mad": 0.0,
  "summary_bg_mean": 1.308626659758178,
  "summary_bg_median": 0.0,
  "summary_bg_n": 2389910.0,
  "summary_bg_p05": 0.0,
  "summary_bg_p95": 8.925269577652216,
  "summary_bg_stdv": 3.652866081702712,
  "summary_csf_k": 0.09606690277909724,
  "summary_csf_mad": 134.44638901903227,
  "summary_csf_mean": 571.4752342897975,
  "summary_csf_median": 587.7857092022896,
  "summary_csf_n": 386318.09769972926,
  "summary_csf_p05": 151.16250768117607,
  "summary_csf_p95": 896.1513075660914,
  "summary_csf_stdv": 217.98121165891854,
  "summary_gm_k": -0.6353520351950528,
  "summary_gm_mad": 71.17104932573568,
  "summary_gm_mean": 800.9404095236561,
  "summary_gm_median": 797.0857463423163,
  "summary_gm_n": 614487.6525701415,
  "summary_gm_p05": 645.9725495427847,
  "summary_gm_p95": 976.5280446466058,
  "summary_gm_stdv": 95.41257381824597,
  "summary_wm_k": -0.28678944490022173,
  "summary_wm_mad": 39.58821079597932,
  "summary_wm_mean": 971.9130232264492,
  "summary_wm_median": 977.6868503652513,
  "summary_wm_n": 579445.2514296524,
  "summary_wm_p05": 880.4951026439667,
  "summary_wm_p95": 1038.1419912613928,
  "summary_wm_stdv": 47.084102787975596,
  "tpm_overlap_csf": 0.21116478746119027,
  "tpm_overlap_gm": 0.5033221363185968,
  "tpm_overlap_wm": 0.5124838441857894,
  "wm2max": 0.7046017366352114
}