{
  "bids_meta": {
    "InstitutionName": "HH",
    "dataset": "<unset>",
    "modality": "T1w",
    "subject_id": "0650"
  },
  "cjv": 0.7797466622133469,
  "cnr": 1.2654858474492394,
  "efc": 0.578998784415192,
  "fber": -1.0,
  "fwhm_avg": 4.903127549982532,
  "fwhm_x": 4.332699983280929,
  "fwhm_y": 5.53104,
  "fwhm_z": 4.8456426666666665,
  "icvs_csf": 0.26698232006391476,
  "icvs_gm": 0.3674311853863443,
  "icvs_wm": 0.3655864945497409,
  "inu_med": 0.4248539209365845,
  "inu_range": 0.18984196186065672,
  "provenance": {
    "md5sum": "e19dc8daf076daeb3168b8c84d3bf060",
    "settings": {
      "testing": false
    },
    "software": "mriqc",
    "version": "23.1.0",
    "warnings": {
      "large_rot_frame": true,
      "small_air_mask": false
    }
  },
  "qi_1": 0.0,
  "qi_2": 0.001063484720367852,
  "rpve_csf": 8.234729499238622,
  "rpve_gm": 8.098429160528685,
  "rpve_wm": 8.165038459505949,
  "size_x": 150,
  "size_y": 256,
  "size_z": 256,
  "snr_csf": 2.5831841058139347,
  "snr_gm": 6.963534774494525,
  "snr_total": 7.670118695982329,
  "snr_wm": 13.46363720763853,
  "snrd_csf": 41.435003670940034,
  "snrd_gm": 74.01822774263273,
  "snrd_total": 68.45987359165298,
  "snrd_wm": 89.92638936138616,
  "spacing_x": 1.2000023126602173,
  "spacing_y": 0.9375,
  "spacing_z": 0.9375,
  "summary_bg_k": 543.4891038760561,
  "summary_bg_mad": 0.0,
  "summary_bg_mean": 2.436460152114335,
  "summary_bg_median": 0.0,
  "summary_bg_n": 2802775.0,
  "summary_bg_p05": 0.0,
  "summary_bg_p95": 15.287462621927261,
  "summary_bg_stdv": 6.891419561833234,
  "summary_csf_k": -0.18290224165140634,
  "summary_csf_mad": 146.347620793978,
  "summary_csf_mean": 454.33672981097936,
  "summary_csf_median": 435.8573189377785,
  "summary_csf_n": 315935.39759121015,
  "summary_csf_p05": 213.83632332086563,
  "summary_csf_p95": 755.4123260825872,
  "summary_csf_stdv": 168.7284418356326,
  "summary_gm_k": -0.46112699312180405,
  "summary_gm_mad": 69.59967860490352,
  "summary_gm_mean": 777.8178481055022,
  "summary_gm_median": 778.6022309213877,
  "summary_gm_n": 434802.2656131464,
  "summary_gm_p05": 589.1317711025476,
  "summary_gm_p95": 974.4228675216436,
  "summary_gm_stdv": 111.81122242981903,
  "summary_wm_k": -0.7532995170056491,
  "summary_wm_mad": 60.88228399006089,
  "summary_wm_mean": 930.216282473869,
  "summary_wm_median": 945.9411486983299,
  "summary_wm_n": 432619.3377969688,
  "summary_wm_p05": 799.1109500080347,
  "summary_wm_p95": 1022.0962317287922,
  "summary_wm_stdv": 70.25887884806512,
  "tpm_overlap_csf": 0.19948943301063307,
  "tpm_overlap_gm": 0.5188787249068986,
  "tpm_overlap_wm": 0.5443530317178694,
  "wm2max": 0.7183553912375645
}