{
  "bids_meta": {
    "InstitutionName": "HH",
    "dataset": "<unset>",
    "modality": "T1w",
    "subject_id": "0615"
  },
  "cjv": 0.6704369134389422,
  "cnr": 1.335341685028859,
  "efc": 0.5611508558695276,
  "fber": -1.0,
  "fwhm_avg": 5.073162785478858,
  "fwhm_x": 4.50295502310324,
  "fwhm_y": 5.7227733333333335,
  "fwhm_z": 4.99376,
  "icvs_csf": 0.2752682387911396,
  "icvs_gm": 0.3613242461776585,
  "icvs_wm": 0.36340751503120194,
  "inu_med": 0.3852206617593765,
  "inu_range": 0.1486033394932747,
  "provenance": {
    "md5sum": "954ca2ee0f949ee66ac48512cff0ef8a",
    "settings": {
      "testing": false
    },
    "software": "mriqc",
    "version": "23.1.0",
    "warnings": {
      "large_rot_frame": true,
      "small_air_mask": false
    }
  },
  "qi_1": 0.0,
  "qi_2": 0.0012592677451366274,
  "rpve_csf": 6.800354186930619,
  "rpve_gm": 6.6806660580134505,
  "rpve_wm": 6.747037066122152,
  "size_x": 150,
  "size_y": 256,
  "size_z": 256,
  "snr_csf": 2.2695753879595464,
  "snr_gm": 6.110427805523994,
  "snr_total": 7.526790689909483,
  "snr_wm": 14.20036887624491,
  "snrd_csf": 64.3793022817293,
  "snrd_gm": 124.90836155678687,
  "snrd_total": 115.06435274782338,
  "snrd_wm": 155.90539440495397,
  "spacing_x": 1.2000008821487427,
  "spacing_y": 0.9375,
  "spacing_z": 0.9375,
  "summary_bg_k": 1069.8988088232086,
  "summary_bg_mad": 0.0,
  "summary_bg_mean": 1.2798197203320378,
  "summary_bg_median": 0.0,
  "summary_bg_n": 2851518.0,
  "summary_bg_p05": 0.0,
  "summary_bg_p95": 8.766293469816446,
  "summary_bg_stdv": 4.084396696824008,
  "summary_csf_k": 0.01682849793218999,
  "summary_csf_mad": 137.72658911181242,
  "summary_csf_mean": 417.5302629315076,
  "summary_csf_median": 401.3677298091352,
  "summary_csf_n": 393859.85230347235,
  "summary_csf_p05": 102.1663312241435,
  "summary_csf_p95": 739.3060482293367,
  "summary_csf_stdv": 176.84683329180174,
  "summary_gm_k": -0.3032583767707697,
  "summary_gm_mad": 74.95347722661135,
  "summary_gm_mean": 776.872724714322,
  "summary_gm_median": 778.7314204312861,
  "summary_gm_n": 516990.6810105141,
  "summary_gm_p05": 554.4795361720026,
  "summary_gm_p95": 996.7183881532401,
  "summary_gm_stdv": 127.44290450305097,
  "summary_wm_k": -0.5618789398590023,
  "summary_wm_mad": 54.60750383509361,
  "summary_wm_mean": 954.8109793677504,
  "summary_wm_median": 971.979999775067,
  "summary_wm_n": 519971.4679206509,
  "summary_wm_p05": 819.7861299011856,
  "summary_wm_p95": 1040.5269070900977,
  "summary_wm_stdv": 68.44745186536358,
  "tpm_overlap_csf": 0.1793808797747735,
  "tpm_overlap_gm": 0.5060731600171007,
  "tpm_overlap_wm": 0.5340915120014436,
  "wm2max": 0.7825577584855683
}