{
  "bids_meta": {
    "InstitutionName": "HH",
    "dataset": "<unset>",
    "modality": "T1w",
    "subject_id": "0581"
  },
  "cjv": 0.7719163290780907,
  "cnr": 1.2313385192461568,
  "efc": 0.6477254406434476,
  "fber": -1.0,
  "fwhm_avg": 4.805422476942923,
  "fwhm_x": 4.1015687641621,
  "fwhm_y": 5.6069439999999995,
  "fwhm_z": 4.707754666666667,
  "icvs_csf": 0.26582507146915646,
  "icvs_gm": 0.367750108264425,
  "icvs_wm": 0.3664248202664184,
  "inu_med": 0.3928493559360504,
  "inu_range": 0.16981315910816186,
  "provenance": {
    "md5sum": "8a43cc2509058f4f433cbfb470a50ea9",
    "settings": {
      "testing": false
    },
    "software": "mriqc",
    "version": "23.1.0",
    "warnings": {
      "large_rot_frame": true,
      "small_air_mask": false
    }
  },
  "qi_1": 0.0,
  "qi_2": 0.0019163802113087744,
  "rpve_csf": 6.609371384200963,
  "rpve_gm": 6.477076720609625,
  "rpve_wm": 6.54831509677224,
  "size_x": 150,
  "size_y": 256,
  "size_z": 256,
  "snr_csf": 2.4935167807102405,
  "snr_gm": 7.142138091709126,
  "snr_total": 7.936600121099218,
  "snr_wm": 14.174145490878288,
  "snrd_csf": 17.382711424317858,
  "snrd_gm": 28.965410013072965,
  "snrd_total": 27.069766404971848,
  "snrd_wm": 34.86117777752472,
  "spacing_x": 1.1999969482421875,
  "spacing_y": 0.9375,
  "spacing_z": 0.9375,
  "summary_bg_k": 1591.4043854346703,
  "summary_bg_mad": 0.0,
  "summary_bg_mean": 1.9473464471610136,
  "summary_bg_median": 0.0,
  "summary_bg_n": 3790284.0,
  "summary_bg_p05": 0.0,
  "summary_bg_p95": 12.075718011707067,
  "summary_bg_stdv": 18.035483001461156,
  "summary_csf_k": 0.1269367252125435,
  "summary_csf_mad": 144.79118869492157,
  "summary_csf_mean": 486.60450910818906,
  "summary_csf_median": 478.53484619781375,
  "summary_csf_n": 390508.1949689477,
  "summary_csf_p05": 148.90038155391812,
  "summary_csf_p95": 809.8011646270752,
  "summary_csf_stdv": 191.91137480667072,
  "summary_gm_k": -0.09705363117774146,
  "summary_gm_mad": 68.59901305006181,
  "summary_gm_mean": 796.4757519120799,
  "summary_gm_median": 797.399075858295,
  "summary_gm_n": 540240.3549984134,
  "summary_gm_p05": 607.3257680274546,
  "summary_gm_p95": 988.8531830459833,
  "summary_gm_stdv": 111.64700648670095,
  "summary_wm_k": -0.4130281905486153,
  "summary_wm_mad": 56.68816976410425,
  "summary_wm_mean": 946.0637283663875,
  "summary_wm_median": 959.7057638950646,
  "summary_wm_n": 538293.4512656117,
  "summary_wm_p05": 820.2701342962682,
  "summary_wm_p95": 1037.5326367355883,
  "summary_wm_stdv": 67.70812907759701,
  "tpm_overlap_csf": 0.200297868902947,
  "tpm_overlap_gm": 0.514242658687051,
  "tpm_overlap_wm": 0.5365438087639696,
  "wm2max": 0.683322959493243
}