{
  "bids_meta": {
    "InstitutionName": "HH",
    "dataset": "<unset>",
    "modality": "T1w",
    "subject_id": "0033"
  },
  "cjv": 0.712312853917894,
  "cnr": 1.3343646803915803,
  "efc": 0.5904905045227851,
  "fber": -1.0,
  "fwhm_avg": 5.138829856423928,
  "fwhm_x": 4.392969193899445,
  "fwhm_y": 5.904096375372339,
  "fwhm_z": 5.1194239999999995,
  "icvs_csf": 0.2695268631563313,
  "icvs_gm": 0.3634919214467831,
  "icvs_wm": 0.36698121539688555,
  "inu_med": 0.3814108967781067,
  "inu_range": 0.18549537360668183,
  "provenance": {
    "md5sum": "7e884f9bd3f3b8187cf7c947950e9cb9",
    "settings": {
      "testing": false
    },
    "software": "mriqc",
    "version": "23.1.0",
    "warnings": {
      "large_rot_frame": true,
      "small_air_mask": false
    }
  },
  "qi_1": 0.0,
  "qi_2": 0.002616202104156465,
  "rpve_csf": 7.083183685719226,
  "rpve_gm": 6.962159430737939,
  "rpve_wm": 7.013264418530196,
  "size_x": 150,
  "size_y": 256,
  "size_z": 256,
  "snr_csf": 2.10397447489433,
  "snr_gm": 7.3102134722452,
  "snr_total": 8.51298168410981,
  "snr_wm": 16.124757105189904,
  "snrd_csf": 56.60255965766955,
  "snrd_gm": 115.75312254395492,
  "snrd_total": 104.07192811786092,
  "snrd_wm": 139.8601021519583,
  "spacing_x": 1.2000038623809814,
  "spacing_y": 0.9374999403953552,
  "spacing_z": 0.9375,
  "summary_bg_k": 66.42110711185218,
  "summary_bg_mad": 0.0,
  "summary_bg_mean": 1.3700242525458006,
  "summary_bg_median": 0.0,
  "summary_bg_n": 2412601.0,
  "summary_bg_p05": 0.0,
  "summary_bg_p95": 8.723141169175506,
  "summary_bg_stdv": 4.559082173146848,
  "summary_csf_k": -0.3591983026465826,
  "summary_csf_mad": 159.6355762326973,
  "summary_csf_mean": 412.60043535753135,
  "summary_csf_median": 393.89617290347815,
  "summary_csf_n": 371203.98581704893,
  "summary_csf_p05": 86.7322673741728,
  "summary_csf_p95": 752.9948562383652,
  "summary_csf_stdv": 187.2150290023111,
  "summary_gm_k": -0.31996877371805743,
  "summary_gm_mad": 69.59829206613183,
  "summary_gm_mean": 805.3098695260979,
  "summary_gm_median": 805.52385346964,
  "summary_gm_n": 500616.7046699219,
  "summary_gm_p05": 616.6333824303001,
  "summary_gm_p95": 996.9100460968912,
  "summary_gm_stdv": 110.19145364168136,
  "summary_wm_k": -0.5448969664195755,
  "summary_wm_mad": 49.899332438300085,
  "summary_wm_mean": 960.5537865307477,
  "summary_wm_median": 973.2838817313313,
  "summary_wm_n": 505422.3103405302,
  "summary_wm_p05": 843.1022899504751,
  "summary_wm_p95": 1040.0266076251864,
  "summary_wm_stdv": 60.35953983923093,
  "tpm_overlap_csf": 0.1714851916404499,
  "tpm_overlap_gm": 0.5065398040037729,
  "tpm_overlap_wm": 0.5520219925139979,
  "wm2max": 0.802996430952661
}