{
  "bids_meta": {
    "InstitutionName": "HH",
    "dataset": "<unset>",
    "modality": "T1w",
    "subject_id": "0234"
  },
  "cjv": 0.7869537020996881,
  "cnr": 1.2492371497820125,
  "efc": 0.6108909661797646,
  "fber": -1.0,
  "fwhm_avg": 4.913747875312577,
  "fwhm_x": 4.345158292604399,
  "fwhm_y": 5.5392106666666665,
  "fwhm_z": 4.856874666666667,
  "icvs_csf": 0.26507488045446054,
  "icvs_gm": 0.3674121602299107,
  "icvs_wm": 0.36751295931562883,
  "inu_med": 0.43155407905578613,
  "inu_range": 0.19479426592588422,
  "provenance": {
    "md5sum": "4d2feb628c4f811a2b111f08182aa606",
    "settings": {
      "testing": false
    },
    "software": "mriqc",
    "version": "23.1.0",
    "warnings": {
      "large_rot_frame": true,
      "small_air_mask": false
    }
  },
  "qi_1": 0.0,
  "qi_2": 0.0024111772326777816,
  "rpve_csf": 8.251905298533808,
  "rpve_gm": 8.11369058514769,
  "rpve_wm": 8.180786583043927,
  "size_x": 150,
  "size_y": 256,
  "size_z": 256,
  "snr_csf": 2.582729593430391,
  "snr_gm": 6.918481765730144,
  "snr_total": 7.626372689743721,
  "snr_wm": 13.377906710070627,
  "snrd_csf": 45.06188496574981,
  "snrd_gm": 80.3422340186507,
  "snrd_total": 74.29756510417013,
  "snrd_wm": 97.48857632810989,
  "spacing_x": 1.2000023126602173,
  "spacing_y": 0.9375,
  "spacing_z": 0.9375,
  "summary_bg_k": 764.0048846572611,
  "summary_bg_mad": 0.0,
  "summary_bg_mean": 2.0444740158025474,
  "summary_bg_median": 0.0,
  "summary_bg_n": 2801999.0,
  "summary_bg_p05": 0.0,
  "summary_bg_p95": 13.808431208133698,
  "summary_bg_stdv": 6.351975754089102,
  "summary_csf_k": -0.1716882331467544,
  "summary_csf_mad": 145.93603754143078,
  "summary_csf_mean": 455.7287421440926,
  "summary_csf_median": 436.90443812310696,
  "summary_csf_n": 313001.47940431564,
  "summary_csf_p05": 216.2769182547927,
  "summary_csf_p95": 757.7140179723501,
  "summary_csf_stdv": 169.16356296329838,
  "summary_gm_k": -0.4407743669286375,
  "summary_gm_mad": 69.26966374774615,
  "summary_gm_mean": 778.1514411020165,
  "summary_gm_median": 778.9704899862409,
  "summary_gm_n": 433841.748814273,
  "summary_gm_p05": 587.8041093051434,
  "summary_gm_p95": 975.1968095004559,
  "summary_gm_stdv": 112.59256273326625,
  "summary_wm_k": -0.7531268527146344,
  "summary_wm_mad": 61.55745422117523,
  "summary_wm_mean": 929.6808505240616,
  "summary_wm_median": 945.2154896855354,
  "summary_wm_n": 433960.7727779857,
  "summary_wm_p05": 798.2408177852631,
  "summary_wm_p95": 1022.4150237515569,
  "summary_wm_stdv": 70.65488055145406,
  "tpm_overlap_csf": 0.2028758247710766,
  "tpm_overlap_gm": 0.5186970067061373,
  "tpm_overlap_wm": 0.5436420519432315,
  "wm2max": 0.7129176129233487
}