{
  "bids_meta": {
    "InstitutionName": "HH",
    "dataset": "<unset>",
    "modality": "T1w",
    "subject_id": "1168"
  },
  "cjv": 0.8961358525093307,
  "cnr": 1.0332501048347285,
  "efc": 0.6246722548108465,
  "fber": -1.0,
  "fwhm_avg": 4.8891253604017715,
  "fwhm_x": 4.299835096360322,
  "fwhm_y": 5.4812476515116595,
  "fwhm_z": 4.886293333333333,
  "icvs_csf": 0.2685809331447309,
  "icvs_gm": 0.35192001910233967,
  "icvs_wm": 0.3794990477529296,
  "inu_med": 0.4567966014146805,
  "inu_range": 0.2128654047846794,
  "provenance": {
    "md5sum": "ea9cf5d0104a8dd5d81cc62e0195774e",
    "settings": {
      "testing": false
    },
    "software": "mriqc",
    "version": "23.1.0",
    "warnings": {
      "large_rot_frame": true,
      "small_air_mask": false
    }
  },
  "qi_1": 0.0,
  "qi_2": 0.0007050989127940075,
  "rpve_csf": 8.000387973305568,
  "rpve_gm": 7.850626711227293,
  "rpve_wm": 7.913519696654784,
  "size_x": 150,
  "size_y": 256,
  "size_z": 256,
  "snr_csf": 2.5859482829795493,
  "snr_gm": 5.728209709555326,
  "snr_total": 7.043947033349526,
  "snr_wm": 12.817683107513703,
  "snrd_csf": 60.59924619906105,
  "snrd_gm": 120.51987608508742,
  "snrd_total": 108.77968158570592,
  "snrd_wm": 145.21992247296927,
  "spacing_x": 1.2000064849853516,
  "spacing_y": 0.9375000596046448,
  "spacing_z": 0.9375,
  "summary_bg_k": 25.79790640714512,
  "summary_bg_mad": 0.0,
  "summary_bg_mean": 1.467271111083385,
  "summary_bg_median": 0.0,
  "summary_bg_n": 3051550.0,
  "summary_bg_p05": 0.0,
  "summary_bg_p95": 10.058107435703278,
  "summary_bg_stdv": 4.301624634274552,
  "summary_csf_k": 0.3510847483875641,
  "summary_csf_mad": 117.79070891692497,
  "summary_csf_mean": 419.4125124479677,
  "summary_csf_median": 397.89456099271774,
  "summary_csf_n": 327350.7391265119,
  "summary_csf_p05": 161.8417235314846,
  "summary_csf_p95": 696.5890831053257,
  "summary_csf_stdv": 153.86771493519504,
  "summary_gm_k": -0.03875613266179512,
  "summary_gm_mad": 72.66786601270445,
  "summary_gm_mean": 781.5214046131825,
  "summary_gm_median": 791.3333282768726,
  "summary_gm_n": 428925.7506767551,
  "summary_gm_p05": 537.3530868887901,
  "summary_gm_p95": 1005.9149726629257,
  "summary_gm_stdv": 138.14654943528484,
  "summary_wm_k": -0.8402148294555754,
  "summary_wm_mad": 72.66786601270445,
  "summary_wm_mean": 941.8151873225884,
  "summary_wm_median": 953.5137963593006,
  "summary_wm_n": 462539.51211341267,
  "summary_wm_p05": 809.9903358519077,
  "summary_wm_p95": 1045.2093405723572,
  "summary_wm_stdv": 74.39041499334054,
  "tpm_overlap_csf": 0.18246103480132175,
  "tpm_overlap_gm": 0.4969465689233717,
  "tpm_overlap_wm": 0.5343630813430094,
  "wm2max": 0.6608741703923375
}