{
  "bids_meta": {
    "InstitutionName": "HH",
    "dataset": "<unset>",
    "modality": "T1w",
    "subject_id": "0043"
  },
  "cjv": 0.733732885434508,
  "cnr": 1.3576908423992315,
  "efc": 0.6481942992631333,
  "fber": 45935.7696398892,
  "fwhm_avg": 5.046985633307888,
  "fwhm_x": 4.3366795665903295,
  "fwhm_y": 5.786293333333333,
  "fwhm_z": 5.017984,
  "icvs_csf": 0.25356110747224175,
  "icvs_gm": 0.3737082198123556,
  "icvs_wm": 0.3727306727154028,
  "inu_med": 0.34820757806301117,
  "inu_range": 0.1757607534527778,
  "provenance": {
    "md5sum": "4f2e427c3523368db150d0e1a155b41a",
    "settings": {
      "testing": false
    },
    "software": "mriqc",
    "version": "23.1.0",
    "warnings": {
      "large_rot_frame": true,
      "small_air_mask": false
    }
  },
  "qi_1": 0.0,
  "qi_2": 0.0004855948253644992,
  "rpve_csf": 5.398635208299681,
  "rpve_gm": 5.2936279511973305,
  "rpve_wm": 5.368165770178261,
  "size_x": 150,
  "size_y": 256,
  "size_z": 256,
  "snr_csf": 2.507595050509694,
  "snr_gm": 8.008549171173708,
  "snr_total": 9.60774344230579,
  "snr_wm": 18.307086105233967,
  "snrd_csf": 21.520402226518243,
  "snrd_gm": 32.731885222672936,
  "snrd_total": 31.102165033048447,
  "snrd_wm": 39.054207649954165,
  "spacing_x": 1.1999987363815308,
  "spacing_y": 0.9375,
  "spacing_z": 0.9375,
  "summary_bg_k": 588.5331072523452,
  "summary_bg_mad": 0.0,
  "summary_bg_mean": 3.8131624039243524,
  "summary_bg_median": 0.0,
  "summary_bg_n": 2418270.0,
  "summary_bg_p05": 0.0,
  "summary_bg_p95": 18.548409026116133,
  "summary_bg_stdv": 16.382672688101064,
  "summary_csf_k": 0.28868518076676253,
  "summary_csf_mad": 144.71930286552947,
  "summary_csf_mean": 534.8147373946224,
  "summary_csf_median": 538.1500795762986,
  "summary_csf_n": 453981.89263056894,
  "summary_csf_p05": 121.90517790615559,
  "summary_csf_p95": 866.7961527779698,
  "summary_csf_stdv": 214.60781188200602,
  "summary_gm_k": -0.5655350160023396,
  "summary_gm_mad": 69.72322915522567,
  "summary_gm_mean": 820.2155377514123,
  "summary_gm_median": 818.510102732107,
  "summary_gm_n": 669096.1662588053,
  "summary_gm_p05": 650.4527625441551,
  "summary_gm_p95": 997.4010269530118,
  "summary_gm_stdv": 102.20446595052388,
  "summary_wm_k": -0.3543430200051776,
  "summary_wm_mad": 46.27935105649359,
  "summary_wm_mean": 970.3401021002696,
  "summary_wm_median": 976.6093000210822,
  "summary_wm_n": 667345.942473958,
  "summary_wm_p05": 871.2280735187232,
  "summary_wm_p95": 1047.7936072275043,
  "summary_wm_stdv": 53.34593188099842,
  "tpm_overlap_csf": 0.21586146194128628,
  "tpm_overlap_gm": 0.5144302496901971,
  "tpm_overlap_wm": 0.5454779362133219,
  "wm2max": 0.6343965197367339
}