{
  "bids_meta": {
    "InstitutionName": "HH",
    "dataset": "<unset>",
    "modality": "T1w",
    "subject_id": "0039"
  },
  "cjv": 0.7526136037387055,
  "cnr": 1.1909224840619668,
  "efc": 0.6026184333567102,
  "fber": -1.0,
  "fwhm_avg": 4.803648930277165,
  "fwhm_x": 4.157421457498164,
  "fwhm_y": 5.502688,
  "fwhm_z": 4.750837333333333,
  "icvs_csf": 0.26882389710704,
  "icvs_gm": 0.35590531116921775,
  "icvs_wm": 0.37527079172374234,
  "inu_med": 0.38017846643924713,
  "inu_range": 0.15813563317060475,
  "provenance": {
    "md5sum": "72de67059ebca7926866564a4e0629cb",
    "settings": {
      "testing": false
    },
    "software": "mriqc",
    "version": "23.1.0",
    "warnings": {
      "large_rot_frame": true,
      "small_air_mask": false
    }
  },
  "qi_1": 0.0,
  "qi_2": 0.0016570849020815831,
  "rpve_csf": 7.223090824546442,
  "rpve_gm": 7.094624086639505,
  "rpve_wm": 7.160399961099123,
  "size_x": 150,
  "size_y": 256,
  "size_z": 256,
  "snr_csf": 2.5224808066577795,
  "snr_gm": 6.455307723470638,
  "snr_total": 7.884442690369679,
  "snr_wm": 14.675539540980617,
  "snrd_csf": 61.672493235775605,
  "snrd_gm": 115.33964792284185,
  "snrd_total": 105.4884036099341,
  "snrd_wm": 139.45306967118486,
  "spacing_x": 1.1999986171722412,
  "spacing_y": 0.9375,
  "spacing_z": 0.9375,
  "summary_bg_k": 1453.7948962104306,
  "summary_bg_mad": 0.0,
  "summary_bg_mean": 1.3245318037904532,
  "summary_bg_median": 0.0,
  "summary_bg_n": 3048423.0,
  "summary_bg_p05": 0.0,
  "summary_bg_p95": 9.2342624142766,
  "summary_bg_stdv": 4.5817401574994605,
  "summary_csf_k": 0.20344424459580512,
  "summary_csf_mad": 136.0844388846809,
  "summary_csf_mean": 451.20612027057285,
  "summary_csf_median": 431.31069937720895,
  "summary_csf_n": 362355.7959534333,
  "summary_csf_p05": 164.67767972126603,
  "summary_csf_p95": 764.2235205695033,
  "summary_csf_stdv": 170.98647612713094,
  "summary_gm_k": -0.2726140190914106,
  "summary_gm_mad": 69.65069411854752,
  "summary_gm_mean": 801.8990432626925,
  "summary_gm_median": 806.6355290897191,
  "summary_gm_n": 479735.4465158481,
  "summary_gm_p05": 582.5658993050456,
  "summary_gm_p95": 1010.2434462569654,
  "summary_gm_stdv": 124.95681428907918,
  "summary_wm_k": -0.4920197951034644,
  "summary_wm_mad": 57.26917975053504,
  "summary_wm_mean": 963.7868456609517,
  "summary_wm_median": 975.2743541635573,
  "summary_wm_n": 505838.75874318846,
  "summary_wm_p05": 838.3499221354723,
  "summary_wm_p95": 1055.3046284206212,
  "summary_wm_stdv": 66.4557093402022,
  "tpm_overlap_csf": 0.20310587851845413,
  "tpm_overlap_gm": 0.5016768549928146,
  "tpm_overlap_wm": 0.5584468338918722,
  "wm2max": 0.6860437814488325
}