{
  "bids_meta": {
    "InstitutionName": "HH",
    "dataset": "<unset>",
    "modality": "T1w",
    "subject_id": "0230"
  },
  "cjv": 0.7024606381541503,
  "cnr": 1.3931838526841265,
  "efc": 0.620590999923006,
  "fber": -1.0,
  "fwhm_avg": 5.093262756351449,
  "fwhm_x": 4.471062935721014,
  "fwhm_y": 5.696373333333333,
  "fwhm_z": 5.1123520000000005,
  "icvs_csf": 0.2659362000625447,
  "icvs_gm": 0.37351139914972736,
  "icvs_wm": 0.360552400787728,
  "inu_med": 0.4162982404232025,
  "inu_range": 0.22075194120407104,
  "provenance": {
    "md5sum": "554cd4a2d8711274699ecfb37841946a",
    "settings": {
      "testing": false
    },
    "software": "mriqc",
    "version": "23.1.0",
    "warnings": {
      "large_rot_frame": true,
      "small_air_mask": false
    }
  },
  "qi_1": 0.0,
  "qi_2": 0.0011723266412097869,
  "rpve_csf": 7.063159523827232,
  "rpve_gm": 6.940715997700016,
  "rpve_wm": 7.005399995984284,
  "size_x": 150,
  "size_y": 256,
  "size_z": 256,
  "snr_csf": 2.2768854463289316,
  "snr_gm": 7.454439253679587,
  "snr_total": 7.960272980296715,
  "snr_wm": 14.149494240881625,
  "snrd_csf": 78.1593189534415,
  "snrd_gm": 139.00538691141816,
  "snrd_total": 129.0279402839005,
  "snrd_wm": 169.9191149868418,
  "spacing_x": 1.2000010013580322,
  "spacing_y": 0.9375,
  "spacing_z": 0.9375,
  "summary_bg_k": 57.2408290696873,
  "summary_bg_mad": 0.0,
  "summary_bg_mean": 1.0367566347921016,
  "summary_bg_median": 0.0,
  "summary_bg_n": 2610147.0,
  "summary_bg_p05": 0.0,
  "summary_bg_p95": 5.744457058608532,
  "summary_bg_stdv": 3.687911286410888,
  "summary_csf_k": -0.39660436769742846,
  "summary_csf_mad": 163.41277535926432,
  "summary_csf_mean": 450.52047213064833,
  "summary_csf_median": 439.97652169317007,
  "summary_csf_n": 366359.29406431725,
  "summary_csf_p05": 125.03360789269209,
  "summary_csf_p95": 780.1217130571604,
  "summary_csf_stdv": 193.23586170344657,
  "summary_gm_k": -0.43703480120789395,
  "summary_gm_mad": 68.02523383218876,
  "summary_gm_mean": 784.3309111206797,
  "summary_gm_median": 782.492829374969,
  "summary_gm_n": 514557.14748607646,
  "summary_gm_p05": 607.8613347932696,
  "summary_gm_p95": 973.3799152076244,
  "summary_gm_stdv": 104.96994373288932,
  "summary_wm_k": -0.5432862492767065,
  "summary_wm_mad": 54.21723484973595,
  "summary_wm_mean": 940.9990975686036,
  "summary_wm_median": 956.5132115036249,
  "summary_wm_n": 496704.55919397424,
  "summary_wm_p05": 810.4573352262378,
  "summary_wm_p95": 1028.4778139740229,
  "summary_wm_stdv": 67.60045499578499,
  "tpm_overlap_csf": 0.1962884021471536,
  "tpm_overlap_gm": 0.5240075405384175,
  "tpm_overlap_wm": 0.5493502931345617,
  "wm2max": 0.8164670533739515
}