{
  "bids_meta": {
    "InstitutionName": "HH",
    "dataset": "<unset>",
    "modality": "T1w",
    "subject_id": "0368"
  },
  "cjv": 0.7248944450264232,
  "cnr": 1.3133158804297052,
  "efc": 0.5921265029471058,
  "fber": -1.0,
  "fwhm_avg": 5.038649604340047,
  "fwhm_x": 4.372972813020141,
  "fwhm_y": 5.6419733333333335,
  "fwhm_z": 5.101002666666667,
  "icvs_csf": 0.27486669652437057,
  "icvs_gm": 0.36451372018762074,
  "icvs_wm": 0.3606195832880087,
  "inu_med": 0.3856276273727417,
  "inu_range": 0.14633654654026035,
  "provenance": {
    "md5sum": "fc7149573ca40a82c239a9ece95be036",
    "settings": {
      "testing": false
    },
    "software": "mriqc",
    "version": "23.1.0",
    "warnings": {
      "large_rot_frame": true,
      "small_air_mask": false
    }
  },
  "qi_1": 0.0,
  "qi_2": 0.0010217968571967328,
  "rpve_csf": 8.438459323320878,
  "rpve_gm": 8.307524801694838,
  "rpve_wm": 8.361750498616136,
  "size_x": 150,
  "size_y": 256,
  "size_z": 256,
  "snr_csf": 2.2357017580090868,
  "snr_gm": 7.211485017064302,
  "snr_total": 7.6236284274313775,
  "snr_wm": 13.423698507220744,
  "snrd_csf": 75.78261769389037,
  "snrd_gm": 147.9403957940262,
  "snrd_total": 134.62323930090392,
  "snrd_wm": 180.14670441479515,
  "spacing_x": 1.2000051736831665,
  "spacing_y": 0.9375,
  "spacing_z": 0.9375,
  "summary_bg_k": 51.89944658774861,
  "summary_bg_mad": 0.0,
  "summary_bg_mean": 1.0116010870708083,
  "summary_bg_median": 0.0,
  "summary_bg_n": 3188309.0,
  "summary_bg_p05": 0.0,
  "summary_bg_p95": 7.254336673766375,
  "summary_bg_stdv": 3.4494307669343818,
  "summary_csf_k": -0.20822210908981997,
  "summary_csf_mad": 145.31524054623586,
  "summary_csf_mean": 413.02488938020326,
  "summary_csf_median": 399.01140139997005,
  "summary_csf_n": 318010.59800691647,
  "summary_csf_p05": 92.91043184697628,
  "summary_csf_p95": 734.4272141046822,
  "summary_csf_stdv": 178.47227279513808,
  "summary_gm_k": -0.2911863651752551,
  "summary_gm_mad": 63.649636064613226,
  "summary_gm_mean": 779.3825391118238,
  "summary_gm_median": 778.9372608885169,
  "summary_gm_n": 421728.88750934333,
  "summary_gm_p05": 594.0546552501619,
  "summary_gm_p95": 972.1955359987915,
  "summary_gm_stdv": 108.01330593352807,
  "summary_wm_k": -0.7610856520350908,
  "summary_wm_mad": 59.27287537573524,
  "summary_wm_mean": 932.3102265301599,
  "summary_wm_median": 948.5102411806583,
  "summary_wm_n": 417223.5151967808,
  "summary_wm_p05": 797.5651159435511,
  "summary_wm_p95": 1024.188762884587,
  "summary_wm_stdv": 70.65929735956102,
  "tpm_overlap_csf": 0.18290246804681742,
  "tpm_overlap_gm": 0.5248304086439816,
  "tpm_overlap_wm": 0.5718985138257966,
  "wm2max": 0.7391739914333578
}