{
  "bids_meta": {
    "InstitutionName": "HH",
    "dataset": "<unset>",
    "modality": "T1w",
    "subject_id": "1082"
  },
  "cjv": 0.72552075112375,
  "cnr": 1.2908252820960786,
  "efc": 0.5742447570297284,
  "fber": -1.0,
  "fwhm_avg": 5.032088656410399,
  "fwhm_x": 4.27414330256453,
  "fwhm_y": 5.796693333333334,
  "fwhm_z": 5.025429333333333,
  "icvs_csf": 0.27454561858560045,
  "icvs_gm": 0.3624326067000235,
  "icvs_wm": 0.363021774714376,
  "inu_med": 0.356198713183403,
  "inu_range": 0.1247281774878502,
  "provenance": {
    "md5sum": "66141654a28b30b03ee810be504872ee",
    "settings": {
      "testing": false
    },
    "software": "mriqc",
    "version": "23.1.0",
    "warnings": {
      "large_rot_frame": true,
      "small_air_mask": false
    }
  },
  "qi_1": 0.0,
  "qi_2": 0.0021906427530083944,
  "rpve_csf": 8.923369887173596,
  "rpve_gm": 8.794149609394639,
  "rpve_wm": 8.844618011326192,
  "size_x": 150,
  "size_y": 256,
  "size_z": 256,
  "snr_csf": 1.9215541517710544,
  "snr_gm": 7.075958698057959,
  "snr_total": 7.850567223465023,
  "snr_wm": 14.554188820566056,
  "snrd_csf": 66.07079959224657,
  "snrd_gm": 137.22425169786067,
  "snrd_total": 123.19539414465999,
  "snrd_wm": 166.2911311438727,
  "spacing_x": 1.20000422000885,
  "spacing_y": 0.9375,
  "spacing_z": 0.9375,
  "summary_bg_k": 21.232291058836005,
  "summary_bg_mad": 0.0,
  "summary_bg_mean": 1.4510897399509575,
  "summary_bg_median": 0.0,
  "summary_bg_n": 3264703.0,
  "summary_bg_p05": 0.0,
  "summary_bg_p95": 9.01091881096363,
  "summary_bg_stdv": 3.771382171750426,
  "summary_csf_k": -0.6976443531390695,
  "summary_csf_mad": 159.37226747043835,
  "summary_csf_mean": 384.3856302034033,
  "summary_csf_median": 380.3455824702978,
  "summary_csf_n": 300611.5286728562,
  "summary_csf_p05": 49.443441569805145,
  "summary_csf_p95": 735.5454009175301,
  "summary_csf_stdv": 197.93610786324308,
  "summary_gm_k": -0.28764111037828544,
  "summary_gm_mad": 67.39529417290332,
  "summary_gm_mean": 789.4190126385902,
  "summary_gm_median": 789.9501483738422,
  "summary_gm_n": 396842.6832024355,
  "summary_gm_p05": 595.6535366475582,
  "summary_gm_p95": 982.7626087665558,
  "summary_gm_stdv": 111.63846296844432,
  "summary_wm_k": -0.5762517734415051,
  "summary_wm_mad": 54.00425158071264,
  "summary_wm_mean": 942.3292566210104,
  "summary_wm_median": 957.2776101529598,
  "summary_wm_n": 397487.78800633695,
  "summary_wm_p05": 816.4528507590294,
  "summary_wm_p95": 1028.2200438976288,
  "summary_wm_stdv": 65.773257293442,
  "tpm_overlap_csf": 0.1708735574253069,
  "tpm_overlap_gm": 0.5213944859335006,
  "tpm_overlap_wm": 0.5554948308578136,
  "wm2max": 0.7714651858180265
}