{
  "bids_meta": {
    "InstitutionName": "HH",
    "dataset": "<unset>",
    "modality": "T1w",
    "subject_id": "0753"
  },
  "cjv": 0.680355212686715,
  "cnr": 1.5511386444262907,
  "efc": 0.5908921264585969,
  "fber": -1.0,
  "fwhm_avg": 5.005492308426446,
  "fwhm_x": 4.317372559741799,
  "fwhm_y": 5.749408365537539,
  "fwhm_z": 4.949696,
  "icvs_csf": 0.2548468914309436,
  "icvs_gm": 0.3803974596685011,
  "icvs_wm": 0.3647556489005554,
  "inu_med": 0.30336320400238037,
  "inu_range": 0.12480778545141219,
  "provenance": {
    "md5sum": "2eea7f26943c228442b47fee6803e6ec",
    "settings": {
      "testing": false
    },
    "software": "mriqc",
    "version": "23.1.0",
    "warnings": {
      "large_rot_frame": true,
      "small_air_mask": false
    }
  },
  "qi_1": 0.0,
  "qi_2": 0.0016335608433051976,
  "rpve_csf": 6.153945954063021,
  "rpve_gm": 6.06724544679427,
  "rpve_wm": 6.1423866815116455,
  "size_x": 150,
  "size_y": 256,
  "size_z": 256,
  "snr_csf": 2.3689484513241617,
  "snr_gm": 8.230158736346736,
  "snr_total": 10.055995135266429,
  "snr_wm": 19.56887821812839,
  "snrd_csf": 123.17135660509798,
  "snrd_gm": 187.52271759165404,
  "snrd_total": 179.29871833001616,
  "snrd_wm": 227.20208079329637,
  "spacing_x": 1.1999937295913696,
  "spacing_y": 0.9374999403953552,
  "spacing_z": 0.9375,
  "summary_bg_k": 27.129974507074845,
  "summary_bg_mad": 0.0,
  "summary_bg_mean": 0.8899415987408215,
  "summary_bg_median": 0.0,
  "summary_bg_n": 3276762.0,
  "summary_bg_p05": 0.0,
  "summary_bg_p95": 5.153843304142356,
  "summary_bg_stdv": 2.8045682838275225,
  "summary_csf_k": -0.4420142712180217,
  "summary_csf_mad": 153.49102669423436,
  "summary_csf_mean": 514.5777412211186,
  "summary_csf_median": 527.2832958307117,
  "summary_csf_n": 401123.40085054236,
  "summary_csf_p05": 109.56073346547782,
  "summary_csf_p95": 855.347985047847,
  "summary_csf_stdv": 222.5808832089024,
  "summary_gm_k": -0.6689720324761521,
  "summary_gm_mad": 72.22071478547251,
  "summary_gm_mean": 803.7334361010858,
  "summary_gm_median": 802.7645330876112,
  "summary_gm_n": 598737.2333261629,
  "summary_gm_p05": 642.5916333496571,
  "summary_gm_p95": 978.6364670377225,
  "summary_gm_stdv": 97.53929279161531,
  "summary_wm_k": -0.4192287766060989,
  "summary_wm_mad": 43.34651384735088,
  "summary_wm_mean": 965.6331795018697,
  "summary_wm_median": 972.6276082545519,
  "summary_wm_n": 574117.3672745529,
  "summary_wm_p05": 870.548260230571,
  "summary_wm_p95": 1034.3312253244221,
  "summary_wm_stdv": 49.70273463553783,
  "tpm_overlap_csf": 0.20212430271421056,
  "tpm_overlap_gm": 0.5162808101954498,
  "tpm_overlap_wm": 0.537343914485529,
  "wm2max": 0.8107219923584028
}