{
  "bids_meta": {
    "InstitutionName": "HH",
    "dataset": "<unset>",
    "modality": "T1w",
    "subject_id": "0912"
  },
  "cjv": 0.6960364769560834,
  "cnr": 1.281846343830126,
  "efc": 0.6563412912478467,
  "fber": 32976.50418298327,
  "fwhm_avg": 4.690026976265119,
  "fwhm_x": 4.079904928795357,
  "fwhm_y": 5.250069333333333,
  "fwhm_z": 4.740106666666667,
  "icvs_csf": 0.2644549203365745,
  "icvs_gm": 0.3683097028172358,
  "icvs_wm": 0.3672353768461897,
  "inu_med": 0.424345001578331,
  "inu_range": 0.18618267476558686,
  "provenance": {
    "md5sum": "b1f0d4a082d355f3e556b49748a3162d",
    "settings": {
      "testing": false
    },
    "software": "mriqc",
    "version": "23.1.0",
    "warnings": {
      "large_rot_frame": true,
      "small_air_mask": false
    }
  },
  "qi_1": 0.0,
  "qi_2": 0.0026503102969923633,
  "rpve_csf": 7.046642039967364,
  "rpve_gm": 6.917300263809846,
  "rpve_wm": 6.996527001242723,
  "size_x": 150,
  "size_y": 256,
  "size_z": 256,
  "snr_csf": 2.4903987906396825,
  "snr_gm": 6.344748681415314,
  "snr_total": 7.404198081529922,
  "snr_wm": 13.37744677253477,
  "snrd_csf": 28.756658766676313,
  "snrd_gm": 49.409439650437605,
  "snrd_total": 46.39135605357357,
  "snrd_wm": 61.0079697436068,
  "spacing_x": 1.2000010013580322,
  "spacing_y": 0.9375,
  "spacing_z": 0.9375,
  "summary_bg_k": 696.4200436819339,
  "summary_bg_mad": 0.0,
  "summary_bg_mean": 2.9716627534271587,
  "summary_bg_median": 0.0,
  "summary_bg_n": 2395433.0,
  "summary_bg_p05": 0.0,
  "summary_bg_p95": 17.960147131234407,
  "summary_bg_stdv": 10.356466940054336,
  "summary_csf_k": 0.10786250236414041,
  "summary_csf_mad": 138.54206597066593,
  "summary_csf_mean": 469.54674372357664,
  "summary_csf_median": 454.58836636692286,
  "summary_csf_n": 364398.7818630658,
  "summary_csf_p05": 161.19559790194035,
  "summary_csf_p95": 784.3209361806512,
  "summary_csf_stdv": 182.53612406329273,
  "summary_gm_k": 0.1693329288098453,
  "summary_gm_mad": 70.1262309234235,
  "summary_gm_mean": 779.0440239963599,
  "summary_gm_median": 781.0697562620044,
  "summary_gm_n": 507502.7792416795,
  "summary_gm_p05": 566.2296897023916,
  "summary_gm_p95": 991.714751958847,
  "summary_gm_stdv": 123.10479515553548,
  "summary_wm_k": -0.575087539724012,
  "summary_wm_mad": 57.492625019813396,
  "summary_wm_mean": 946.3566653566892,
  "summary_wm_median": 964.4205721579492,
  "summary_wm_n": 506022.4397014856,
  "summary_wm_p05": 807.3151683472097,
  "summary_wm_p95": 1038.5946688503027,
  "summary_wm_stdv": 72.09295133919227,
  "tpm_overlap_csf": 0.2153068575779981,
  "tpm_overlap_gm": 0.5114807794036754,
  "tpm_overlap_wm": 0.5372429829059908,
  "wm2max": 0.6826584016925875
}