{
  "bids_meta": {
    "InstitutionName": "HH",
    "dataset": "<unset>",
    "modality": "T1w",
    "subject_id": "0497"
  },
  "cjv": 0.6930419716892986,
  "cnr": 1.2935388045931422,
  "efc": 0.5490156252357291,
  "fber": -1.0,
  "fwhm_avg": 5.016330866870207,
  "fwhm_x": 4.381386949395323,
  "fwhm_y": 5.667754666666666,
  "fwhm_z": 4.999850984548631,
  "icvs_csf": 0.2734285096044344,
  "icvs_gm": 0.3614241614478823,
  "icvs_wm": 0.3651473289476833,
  "inu_med": 0.36709633469581604,
  "inu_range": 0.13681238293647768,
  "provenance": {
    "md5sum": "d9a1feb5252c1ccf4aabaa66a119308a",
    "settings": {
      "testing": false
    },
    "software": "mriqc",
    "version": "23.1.0",
    "warnings": {
      "large_rot_frame": true,
      "small_air_mask": false
    }
  },
  "qi_1": 0.0,
  "qi_2": 0.0018816822378891374,
  "rpve_csf": 7.1969032096319925,
  "rpve_gm": 7.064657136002609,
  "rpve_wm": 7.119048660406436,
  "size_x": 150,
  "size_y": 256,
  "size_z": 256,
  "snr_csf": 2.432142597322112,
  "snr_gm": 6.849260660544216,
  "snr_total": 7.661914987308047,
  "snr_wm": 13.704341704057812,
  "snrd_csf": 92.72244388911307,
  "snrd_gm": 182.32892963121841,
  "snrd_total": 165.9104856516508,
  "snrd_wm": 222.6800834346209,
  "spacing_x": 1.199994444847107,
  "spacing_y": 0.9375,
  "spacing_z": 0.9374999403953552,
  "summary_bg_k": 42.12868275920374,
  "summary_bg_mad": 0.0,
  "summary_bg_mean": 0.8090775895796172,
  "summary_bg_median": 0.0,
  "summary_bg_n": 3215956.0,
  "summary_bg_p05": 0.0,
  "summary_bg_p95": 4.842036752030253,
  "summary_bg_stdv": 2.821316493593884,
  "summary_csf_k": -0.03605891504287273,
  "summary_csf_mad": 137.68515390077002,
  "summary_csf_mean": 419.5405009185228,
  "summary_csf_median": 399.3051832728088,
  "summary_csf_n": 370532.5437075309,
  "summary_csf_p05": 150.55911586806178,
  "summary_csf_p95": 723.8519246745855,
  "summary_csf_stdv": 164.17813860339982,
  "summary_gm_k": 0.14986277450724828,
  "summary_gm_mad": 64.22302596026097,
  "summary_gm_mean": 785.4904774529995,
  "summary_gm_median": 785.1916279233992,
  "summary_gm_n": 489778.53147934243,
  "summary_gm_p05": 587.4280820153654,
  "summary_gm_p95": 986.6681257802993,
  "summary_gm_stdv": 114.63877128635376,
  "summary_wm_k": -0.5671331661471992,
  "summary_wm_mad": 56.20721971258931,
  "summary_wm_mean": 941.3528043495223,
  "summary_wm_median": 958.962121764198,
  "summary_wm_n": 494823.92607387924,
  "summary_wm_p05": 805.9711309354752,
  "summary_wm_p95": 1029.8990458399057,
  "summary_wm_stdv": 69.97498847292165,
  "tpm_overlap_csf": 0.17666433812427926,
  "tpm_overlap_gm": 0.5183371332248781,
  "tpm_overlap_wm": 0.5626903793003757,
  "wm2max": 0.8367118823886026
}