{
  "bids_meta": {
    "InstitutionName": "HH",
    "dataset": "<unset>",
    "modality": "T1w",
    "subject_id": "0925"
  },
  "cjv": 0.8766749944373675,
  "cnr": 0.9496167560985267,
  "efc": 0.5859335366888715,
  "fber": -1.0,
  "fwhm_avg": 4.710432205555782,
  "fwhm_x": 4.104427283334015,
  "fwhm_y": 5.354762666666667,
  "fwhm_z": 4.672106666666666,
  "icvs_csf": 0.26636413059023384,
  "icvs_gm": 0.3381074342124543,
  "icvs_wm": 0.3955284351973118,
  "inu_med": 0.4727364033460617,
  "inu_range": 0.23845411092042923,
  "provenance": {
    "md5sum": "1aed861d05dc8b886c303b13075275c2",
    "settings": {
      "testing": false
    },
    "software": "mriqc",
    "version": "23.1.0",
    "warnings": {
      "large_rot_frame": true,
      "small_air_mask": false
    }
  },
  "qi_1": 0.0,
  "qi_2": 0.002788136718737558,
  "rpve_csf": 7.03586106164965,
  "rpve_gm": 6.898331793923275,
  "rpve_wm": 6.976624782774244,
  "size_x": 150,
  "size_y": 256,
  "size_z": 256,
  "snr_csf": 2.6716421811088438,
  "snr_gm": 4.568553944769728,
  "snr_total": 6.895305976180837,
  "snr_wm": 13.445721802663941,
  "snrd_csf": 38.17212759048462,
  "snrd_gm": 76.60560070740006,
  "snrd_total": 69.54752919025856,
  "snrd_wm": 93.864859272891,
  "spacing_x": 1.1999993324279785,
  "spacing_y": 0.9375,
  "spacing_z": 0.9375,
  "summary_bg_k": 644.0776958086147,
  "summary_bg_mad": 0.0,
  "summary_bg_mean": 2.4313902130112366,
  "summary_bg_median": 0.0,
  "summary_bg_n": 2721592.0,
  "summary_bg_p05": 0.0,
  "summary_bg_p95": 15.000133663415909,
  "summary_bg_stdv": 6.714655896064603,
  "summary_csf_k": 0.8466216638790098,
  "summary_csf_mad": 103.57127788295831,
  "summary_csf_mean": 410.05954727267755,
  "summary_csf_median": 391.23562908545136,
  "summary_csf_n": 367972.99054845225,
  "summary_csf_p05": 155.78710247576237,
  "summary_csf_p95": 669.4613225888461,
  "summary_csf_stdv": 146.4399313060499,
  "summary_gm_k": 0.5744573310873391,
  "summary_gm_mad": 83.07941462083926,
  "summary_gm_mean": 758.6164044044516,
  "summary_gm_median": 785.1498534679413,
  "summary_gm_n": 467083.9253698767,
  "summary_gm_p05": 422.8430535905063,
  "summary_gm_p95": 1015.9376242607832,
  "summary_gm_stdv": 171.85941601628068,
  "summary_wm_k": -0.8150321087793393,
  "summary_wm_mad": 71.99951181050746,
  "summary_wm_mean": 950.9570668553994,
  "summary_wm_median": 962.0442868843675,
  "summary_wm_n": 546409.0860281952,
  "summary_wm_p05": 824.5519902873784,
  "summary_wm_p95": 1052.741523642093,
  "summary_wm_stdv": 71.55014960669536,
  "tpm_overlap_csf": 0.18643983302167513,
  "tpm_overlap_gm": 0.4752631430286963,
  "tpm_overlap_wm": 0.517796526869368,
  "wm2max": 0.7010243141019923
}