{
  "bids_meta": {
    "InstitutionName": "HH",
    "dataset": "<unset>",
    "modality": "T1w",
    "subject_id": "1120"
  },
  "cjv": 0.6962460790008816,
  "cnr": 1.3875648785216481,
  "efc": 0.5994184214650865,
  "fber": -1.0,
  "fwhm_avg": 5.09372516002031,
  "fwhm_x": 4.466263480060932,
  "fwhm_y": 6.028437333333333,
  "fwhm_z": 4.786474666666667,
  "icvs_csf": 0.2718156023300633,
  "icvs_gm": 0.36556689145359317,
  "icvs_wm": 0.3626175062163436,
  "inu_med": 0.37504681944847107,
  "inu_range": 0.19300852715969086,
  "provenance": {
    "md5sum": "a5822cf1c75c7fa0c773c5e8bd770f4c",
    "settings": {
      "testing": false
    },
    "software": "mriqc",
    "version": "23.1.0",
    "warnings": {
      "large_rot_frame": true,
      "small_air_mask": false
    }
  },
  "qi_1": 0.0,
  "qi_2": 0.0009584644650193185,
  "rpve_csf": 6.753365632919361,
  "rpve_gm": 6.643328908562782,
  "rpve_wm": 6.712270618878736,
  "size_x": 150,
  "size_y": 256,
  "size_z": 256,
  "snr_csf": 2.269392253914652,
  "snr_gm": 7.181917841214638,
  "snr_total": 8.663244328601206,
  "snr_wm": 16.538422890674326,
  "snrd_csf": 80.40350234187403,
  "snrd_gm": 141.57478294275205,
  "snrd_total": 131.50441499687622,
  "snrd_wm": 172.53495970600258,
  "spacing_x": 1.1999986171722412,
  "spacing_y": 0.9375,
  "spacing_z": 0.9375,
  "summary_bg_k": 31.086940990894846,
  "summary_bg_mad": 0.0,
  "summary_bg_mean": 1.2134495344903475,
  "summary_bg_median": 0.0,
  "summary_bg_n": 2574232.0,
  "summary_bg_p05": 0.0,
  "summary_bg_p95": 8.611273638904095,
  "summary_bg_stdv": 3.687936285894988,
  "summary_csf_k": -0.18904981939593668,
  "summary_csf_mad": 159.68282012117876,
  "summary_csf_mean": 462.3930445996687,
  "summary_csf_median": 452.6126067787409,
  "summary_csf_n": 391161.9510318333,
  "summary_csf_p05": 108.74590692669153,
  "summary_csf_p95": 801.0770663022995,
  "summary_csf_stdv": 199.44195519692943,
  "summary_gm_k": -0.3083941547190445,
  "summary_gm_mad": 72.91177824400992,
  "summary_gm_mean": 796.0471937771537,
  "summary_gm_median": 796.961944386363,
  "summary_gm_n": 526076.7125501182,
  "summary_gm_p05": 606.1676190122962,
  "summary_gm_p95": 989.7376247569919,
  "summary_gm_stdv": 110.96773933483176,
  "summary_wm_k": -0.4970476866098408,
  "summary_wm_mad": 48.43210063109337,
  "summary_wm_mean": 958.510341926807,
  "summary_wm_median": 971.2449781224132,
  "summary_wm_n": 521832.3377833374,
  "summary_wm_p05": 843.9810225740075,
  "summary_wm_p95": 1034.9531618580222,
  "summary_wm_stdv": 58.72652150281183,
  "tpm_overlap_csf": 0.17990310356557707,
  "tpm_overlap_gm": 0.49728607991299384,
  "tpm_overlap_wm": 0.53044340191953,
  "wm2max": 0.7584654142944992
}