{
  "bids_meta": {
    "InstitutionName": "HH",
    "dataset": "<unset>",
    "modality": "T1w",
    "subject_id": "1215"
  },
  "cjv": 0.8034931984572308,
  "cnr": 1.1384565976623056,
  "efc": 0.5563158037788003,
  "fber": -1.0,
  "fwhm_avg": 4.9355395284398735,
  "fwhm_x": 4.2581279186529555,
  "fwhm_y": 5.592629333333333,
  "fwhm_z": 4.955861333333333,
  "icvs_csf": 0.271432728997409,
  "icvs_gm": 0.3567365210662923,
  "icvs_wm": 0.37183074993629867,
  "inu_med": 0.4333638995885849,
  "inu_range": 0.2227860450744628,
  "provenance": {
    "md5sum": "095e932c8b6b79d51f60bf4ad1d09064",
    "settings": {
      "testing": false
    },
    "software": "mriqc",
    "version": "23.1.0",
    "warnings": {
      "large_rot_frame": true,
      "small_air_mask": false
    }
  },
  "qi_1": 0.0,
  "qi_2": 0.0010850663559753707,
  "rpve_csf": 7.793194763124373,
  "rpve_gm": 7.652683454759683,
  "rpve_wm": 7.7166352104617335,
  "size_x": 150,
  "size_y": 256,
  "size_z": 256,
  "snr_csf": 2.3926839494028544,
  "snr_gm": 6.696933773279885,
  "snr_total": 7.638126759229009,
  "snr_wm": 13.82476255500429,
  "snrd_csf": 78.75777448286148,
  "snrd_gm": 144.87897206270222,
  "snrd_total": 132.33088018447629,
  "snrd_wm": 173.35589400786515,
  "spacing_x": 1.199996829032898,
  "spacing_y": 0.9375,
  "spacing_z": 0.9375,
  "summary_bg_k": 33.93464125432413,
  "summary_bg_mad": 0.0,
  "summary_bg_mean": 1.0899161480263757,
  "summary_bg_median": 0.0,
  "summary_bg_n": 2792662.0,
  "summary_bg_p05": 0.0,
  "summary_bg_p95": 7.248747646808624,
  "summary_bg_stdv": 3.6027919595748266,
  "summary_csf_k": 0.06040314136814873,
  "summary_csf_mad": 141.0918136255743,
  "summary_csf_mean": 443.7246794787433,
  "summary_csf_median": 433.1126718968153,
  "summary_csf_n": 339324.56921686244,
  "summary_csf_p05": 116.96156359277666,
  "summary_csf_p95": 767.360480055213,
  "summary_csf_stdv": 181.01514569286005,
  "summary_gm_k": -0.2244851041084952,
  "summary_gm_mad": 64.14621201331981,
  "summary_gm_mean": 791.4447251991835,
  "summary_gm_median": 796.7330095823854,
  "summary_gm_n": 445964.8870711434,
  "summary_gm_p05": 581.5106445550919,
  "summary_gm_p95": 990.4356550332159,
  "summary_gm_stdv": 118.96968721596164,
  "summary_wm_k": -0.7381445679004841,
  "summary_wm_mad": 61.683355705653085,
  "summary_wm_mean": 940.1640918107778,
  "summary_wm_median": 953.3361618686467,
  "summary_wm_n": 464834.5448603651,
  "summary_wm_p05": 813.7726004049182,
  "summary_wm_p95": 1034.280510591343,
  "summary_wm_stdv": 68.9585179215598,
  "tpm_overlap_csf": 0.193939800899216,
  "tpm_overlap_gm": 0.509020209535862,
  "tpm_overlap_wm": 0.5540631691734379,
  "wm2max": 0.6981575080165692
}