{
  "bids_meta": {
    "InstitutionName": "HH",
    "dataset": "<unset>",
    "modality": "T1w",
    "subject_id": "0464"
  },
  "cjv": 0.6298027045256648,
  "cnr": 1.6238724609582689,
  "efc": 0.6414918960835879,
  "fber": -1.0,
  "fwhm_avg": 4.859773054764193,
  "fwhm_x": 4.254049830959247,
  "fwhm_y": 5.518378666666666,
  "fwhm_z": 4.806890666666666,
  "icvs_csf": 0.26192646472372216,
  "icvs_gm": 0.3819780536720036,
  "icvs_wm": 0.35609548160427423,
  "inu_med": 0.37644582986831665,
  "inu_range": 0.1633935570716858,
  "provenance": {
    "md5sum": "936e3ba9c4592525fa87fdd8e8dead3b",
    "settings": {
      "testing": false
    },
    "software": "mriqc",
    "version": "23.1.0",
    "warnings": {
      "large_rot_frame": true,
      "small_air_mask": false
    }
  },
  "qi_1": 0.0,
  "qi_2": 0.002434232759606315,
  "rpve_csf": 7.562099123719377,
  "rpve_gm": 7.466039720597462,
  "rpve_wm": 7.541037167380164,
  "size_x": 150,
  "size_y": 256,
  "size_z": 256,
  "snr_csf": 2.400478165802479,
  "snr_gm": 7.990698618964793,
  "snr_total": 8.566501960637973,
  "snr_wm": 15.308329097146647,
  "snrd_csf": 74.59528732087442,
  "snrd_gm": 117.6631982624004,
  "snrd_total": 112.8136610326953,
  "snrd_wm": 146.1824975148111,
  "spacing_x": 1.2000000476837158,
  "spacing_y": 0.9375,
  "spacing_z": 0.9375,
  "summary_bg_k": 430.5589572716273,
  "summary_bg_mad": 0.0,
  "summary_bg_mean": 1.073622326407364,
  "summary_bg_median": 0.0,
  "summary_bg_n": 2886412.0,
  "summary_bg_p05": 0.0,
  "summary_bg_p95": 8.527923623099923,
  "summary_bg_stdv": 4.335464502855562,
  "summary_csf_k": -0.13960116929803812,
  "summary_csf_mad": 148.48210006605467,
  "summary_csf_mean": 491.45029491855337,
  "summary_csf_median": 493.64562900178134,
  "summary_csf_n": 336595.4137935592,
  "summary_csf_p05": 119.98479727096856,
  "summary_csf_p95": 811.9818531610072,
  "summary_csf_stdv": 205.64440149529253,
  "summary_gm_k": -0.5379824731736864,
  "summary_gm_mad": 68.64127443755706,
  "summary_gm_mean": 781.6604889852615,
  "summary_gm_median": 778.6540625113994,
  "summary_gm_n": 490870.82961014705,
  "summary_gm_p05": 620.4242595769465,
  "summary_gm_p95": 961.8737697675824,
  "summary_gm_stdv": 97.44495525429691,
  "summary_wm_k": -0.4211784046479514,
  "summary_wm_mad": 50.22188678704791,
  "summary_wm_mean": 953.2202658494384,
  "summary_wm_median": 967.3848513290286,
  "summary_wm_n": 457609.7574066632,
  "summary_wm_p05": 829.1089643929154,
  "summary_wm_p95": 1034.396752556786,
  "summary_wm_stdv": 63.193297465178055,
  "tpm_overlap_csf": 0.2045641215979306,
  "tpm_overlap_gm": 0.5294279258312077,
  "tpm_overlap_wm": 0.5561785158394943,
  "wm2max": 0.7730213058635055
}