{
  "bids_meta": {
    "InstitutionName": "HH",
    "dataset": "<unset>",
    "modality": "T1w",
    "subject_id": "0394"
  },
  "cjv": 0.6643424195809119,
  "cnr": 1.4802364844042355,
  "efc": 0.623162368201885,
  "fber": -1.0,
  "fwhm_avg": 4.764199272939522,
  "fwhm_x": 4.019328485485233,
  "fwhm_y": 5.448053333333333,
  "fwhm_z": 4.825216,
  "icvs_csf": 0.25811007744012193,
  "icvs_gm": 0.38064539042368417,
  "icvs_wm": 0.3612445321361939,
  "inu_med": 0.36629781126976013,
  "inu_range": 0.15721537172794342,
  "provenance": {
    "md5sum": "59a6cd4f6518d48a04c835eeed729273",
    "settings": {
      "testing": false
    },
    "software": "mriqc",
    "version": "23.1.0",
    "warnings": {
      "large_rot_frame": true,
      "small_air_mask": false
    }
  },
  "qi_1": 0.0,
  "qi_2": 0.0027095443295626796,
  "rpve_csf": 6.495392514949035,
  "rpve_gm": 6.387035239812303,
  "rpve_wm": 6.463298003063585,
  "size_x": 150,
  "size_y": 256,
  "size_z": 256,
  "snr_csf": 2.516579529577548,
  "snr_gm": 7.962418265592593,
  "snr_total": 8.474959413885054,
  "snr_wm": 14.94588044648502,
  "snrd_csf": 74.11075140310852,
  "snrd_gm": 113.38785493183929,
  "snrd_total": 108.68586216219762,
  "snrd_wm": 138.55898015164507,
  "spacing_x": 1.1999964714050293,
  "spacing_y": 0.9375,
  "spacing_z": 0.9375,
  "summary_bg_k": 36.12199002599445,
  "summary_bg_mad": 0.0,
  "summary_bg_mean": 1.5812206804684164,
  "summary_bg_median": 0.0,
  "summary_bg_n": 2976828.0,
  "summary_bg_p05": 0.0,
  "summary_bg_p95": 10.165152316913009,
  "summary_bg_stdv": 4.536910554455443,
  "summary_csf_k": -0.004545341721883922,
  "summary_csf_mad": 143.86175787051604,
  "summary_csf_mean": 512.429321627865,
  "summary_csf_median": 513.2272458672523,
  "summary_csf_n": 385175.34579203883,
  "summary_csf_p05": 142.713718701154,
  "summary_csf_p95": 828.4724633991718,
  "summary_csf_stdv": 203.93815240462968,
  "summary_gm_k": -0.39948659623128924,
  "summary_gm_mad": 65.00943895493832,
  "summary_gm_mean": 788.8910984668805,
  "summary_gm_median": 785.2266425546259,
  "summary_gm_n": 568033.690643485,
  "summary_gm_p05": 626.2988784294575,
  "summary_gm_p95": 969.6300353258848,
  "summary_gm_stdv": 98.6165163877187,
  "summary_wm_k": -0.4001099504575869,
  "summary_wm_mad": 50.79443856524946,
  "summary_wm_mean": 946.7818747767897,
  "summary_wm_median": 959.5401804335415,
  "summary_wm_n": 539081.9644123387,
  "summary_wm_p05": 821.6956951878965,
  "summary_wm_p95": 1031.6500140298158,
  "summary_wm_stdv": 64.2009210426038,
  "tpm_overlap_csf": 0.20879943620694674,
  "tpm_overlap_gm": 0.5212555350244613,
  "tpm_overlap_wm": 0.5502612798153006,
  "wm2max": 0.6777191137203201
}