{
  "bids_meta": {
    "InstitutionName": "HH",
    "dataset": "<unset>",
    "modality": "T1w",
    "subject_id": "0468"
  },
  "cjv": 0.71476340682097,
  "cnr": 1.3754395088159344,
  "efc": 0.587786378754378,
  "fber": -1.0,
  "fwhm_avg": 5.057852566991126,
  "fwhm_x": 4.287712367640045,
  "fwhm_y": 5.745578666666666,
  "fwhm_z": 5.140266666666666,
  "icvs_csf": 0.26238827082498145,
  "icvs_gm": 0.37358692024302625,
  "icvs_wm": 0.3640248089319922,
  "inu_med": 0.3877843916416168,
  "inu_range": 0.17932370901107791,
  "provenance": {
    "md5sum": "d00e34701b698956bbad556f7318dd1e",
    "settings": {
      "testing": false
    },
    "software": "mriqc",
    "version": "23.1.0",
    "warnings": {
      "large_rot_frame": true,
      "small_air_mask": false
    }
  },
  "qi_1": 0.0,
  "qi_2": 0.0007705036461606967,
  "rpve_csf": 7.055723337217863,
  "rpve_gm": 6.933646430407413,
  "rpve_wm": 6.9997926917113675,
  "size_x": 150,
  "size_y": 256,
  "size_z": 256,
  "snr_csf": 2.4851380659216225,
  "snr_gm": 7.900075837282743,
  "snr_total": 8.379695357491503,
  "snr_wm": 14.753872169270144,
  "snrd_csf": 40.18793964899118,
  "snrd_gm": 67.47973393299154,
  "snrd_total": 63.05588734831392,
  "snrd_wm": 81.49998846295904,
  "spacing_x": 1.1999942064285278,
  "spacing_y": 0.9375,
  "spacing_z": 0.9375,
  "summary_bg_k": 28.679468514632003,
  "summary_bg_mad": 0.0,
  "summary_bg_mean": 2.62046110342602,
  "summary_bg_median": 0.0,
  "summary_bg_n": 3027615.0,
  "summary_bg_p05": 0.0,
  "summary_bg_p95": 17.274425879120827,
  "summary_bg_stdv": 7.663835186559494,
  "summary_csf_k": -0.1776476869594492,
  "summary_csf_mad": 158.12697327439795,
  "summary_csf_mean": 482.4798798227016,
  "summary_csf_median": 470.1215593535453,
  "summary_csf_n": 361679.92857617734,
  "summary_csf_p05": 172.2590221092105,
  "summary_csf_p95": 797.8746762089431,
  "summary_csf_stdv": 189.17295416540244,
  "summary_gm_k": -0.4131768249186427,
  "summary_gm_mad": 64.89105090696404,
  "summary_gm_mean": 793.2704462723992,
  "summary_gm_median": 789.383034273982,
  "summary_gm_n": 514957.81501841196,
  "summary_gm_p05": 629.1093582101166,
  "summary_gm_p95": 973.0208565760404,
  "summary_gm_stdv": 99.92084684734404,
  "summary_wm_k": -0.42769500248216863,
  "summary_wm_mad": 52.33729438449705,
  "summary_wm_mean": 941.6816156082862,
  "summary_wm_median": 953.3930327892303,
  "summary_wm_n": 501777.2573466131,
  "summary_wm_p05": 818.18183135055,
  "summary_wm_p95": 1029.5509300287813,
  "summary_wm_stdv": 64.61978739102318,
  "tpm_overlap_csf": 0.197547430267575,
  "tpm_overlap_gm": 0.5240790330407404,
  "tpm_overlap_wm": 0.5568301686534742,
  "wm2max": 0.7102884823946208
}