{
  "bids_meta": {
    "InstitutionName": "HH",
    "dataset": "<unset>",
    "modality": "T1w",
    "subject_id": "0481"
  },
  "cjv": 0.7129401415704862,
  "cnr": 1.291280455981912,
  "efc": 0.6409791221808798,
  "fber": -1.0,
  "fwhm_avg": 5.1481672694628555,
  "fwhm_x": 4.432821808388565,
  "fwhm_y": 5.842688,
  "fwhm_z": 5.168992,
  "icvs_csf": 0.27016616757307255,
  "icvs_gm": 0.362270785374887,
  "icvs_wm": 0.36756304705204035,
  "inu_med": 0.3789720833301544,
  "inu_range": 0.1994272708892822,
  "provenance": {
    "md5sum": "2ff838cc00fe2e0a957397763d015dc9",
    "settings": {
      "testing": false
    },
    "software": "mriqc",
    "version": "23.1.0",
    "warnings": {
      "large_rot_frame": true,
      "small_air_mask": false
    }
  },
  "qi_1": 0.0,
  "qi_2": 0.0019801292059904597,
  "rpve_csf": 5.645302280303268,
  "rpve_gm": 5.521392230151283,
  "rpve_wm": 5.582865065512304,
  "size_x": 150,
  "size_y": 256,
  "size_z": 256,
  "snr_csf": 2.347941193303927,
  "snr_gm": 7.1961077675248735,
  "snr_total": 8.471476592796394,
  "snr_wm": 15.870380817560383,
  "snrd_csf": 71.60306499222682,
  "snrd_gm": 130.66115319585435,
  "snrd_total": 119.8846815479853,
  "snrd_wm": 157.38982645587473,
  "spacing_x": 1.1999963521957397,
  "spacing_y": 0.9375,
  "spacing_z": 0.9375,
  "summary_bg_k": 36.5731259234267,
  "summary_bg_mad": 0.0,
  "summary_bg_mean": 1.3648983044661127,
  "summary_bg_median": 0.0,
  "summary_bg_n": 2529454.0,
  "summary_bg_p05": 0.0,
  "summary_bg_p95": 9.810126453638077,
  "summary_bg_stdv": 4.037918038713673,
  "summary_csf_k": -0.3710111740986495,
  "summary_csf_mad": 157.99566156166821,
  "summary_csf_mean": 453.73184970873535,
  "summary_csf_median": 441.3238338753581,
  "summary_csf_n": 464882.4896052536,
  "summary_csf_p05": 141.93037788569927,
  "summary_csf_p95": 786.0759390592575,
  "summary_csf_stdv": 187.9618452421211,
  "summary_gm_k": -0.1987483644646848,
  "summary_gm_mad": 66.66236153492807,
  "summary_gm_mean": 805.5444299465772,
  "summary_gm_median": 805.3269936591387,
  "summary_gm_n": 623369.4845257661,
  "summary_gm_p05": 612.4999919682741,
  "summary_gm_p95": 997.8639109656215,
  "summary_gm_stdv": 111.91137955805206,
  "summary_wm_k": -0.5398947662154447,
  "summary_wm_mad": 50.788508876171,
  "summary_wm_mean": 957.6758077693273,
  "summary_wm_median": 970.0685526803136,
  "summary_wm_n": 632476.027384994,
  "summary_wm_p05": 839.2668666318059,
  "summary_wm_p95": 1038.8976657018065,
  "summary_wm_stdv": 61.12441767780176,
  "tpm_overlap_csf": 0.18383755519782358,
  "tpm_overlap_gm": 0.49820603353435683,
  "tpm_overlap_wm": 0.5355612382851122,
  "wm2max": 0.7481339868616405
}