{
  "bids_meta": {
    "InstitutionName": "HH",
    "dataset": "<unset>",
    "modality": "T1w",
    "subject_id": "0419"
  },
  "cjv": 0.8454208097117759,
  "cnr": 1.0823988328524115,
  "efc": 0.6053764003345032,
  "fber": -1.0,
  "fwhm_avg": 4.858687195463749,
  "fwhm_x": 4.261715227231208,
  "fwhm_y": 5.477685333333333,
  "fwhm_z": 4.836661025826706,
  "icvs_csf": 0.26778147235048944,
  "icvs_gm": 0.35569755480168236,
  "icvs_wm": 0.37652097284782826,
  "inu_med": 0.4459538161754608,
  "inu_range": 0.20974008738994598,
  "provenance": {
    "md5sum": "fdda094dd0602dd5a9fa9826f65d53b2",
    "settings": {
      "testing": false
    },
    "software": "mriqc",
    "version": "23.1.0",
    "warnings": {
      "large_rot_frame": true,
      "small_air_mask": false
    }
  },
  "qi_1": 0.0,
  "qi_2": 0.0013535802698893852,
  "rpve_csf": 7.9445227553827875,
  "rpve_gm": 7.80103745244305,
  "rpve_wm": 7.864448332435137,
  "size_x": 150,
  "size_y": 256,
  "size_z": 256,
  "snr_csf": 2.5518949290115365,
  "snr_gm": 6.45743934996578,
  "snr_total": 7.56251938687146,
  "snr_wm": 13.678223881637066,
  "snrd_csf": 39.12451171421504,
  "snrd_gm": 73.1281302742336,
  "snrd_total": 66.48856504942039,
  "snrd_wm": 87.21305315981255,
  "spacing_x": 1.2000004053115845,
  "spacing_y": 0.9375,
  "spacing_z": 0.9375000596046448,
  "summary_bg_k": 36.00899236645402,
  "summary_bg_mad": 0.0,
  "summary_bg_mean": 2.602367618951941,
  "summary_bg_median": 0.0,
  "summary_bg_n": 2577357.0,
  "summary_bg_p05": 0.0,
  "summary_bg_p95": 15.764268178492785,
  "summary_bg_stdv": 7.20627857213184,
  "summary_csf_k": 0.13793417006541642,
  "summary_csf_mad": 135.40554180436754,
  "summary_csf_mean": 445.56602613758184,
  "summary_csf_median": 430.3563813753426,
  "summary_csf_n": 328537.60764647706,
  "summary_csf_p05": 163.44914200901985,
  "summary_csf_p95": 750.4171514846385,
  "summary_csf_stdv": 168.6416323512104,
  "summary_gm_k": 0.45548644195625076,
  "summary_gm_mad": 67.3004965652724,
  "summary_gm_mean": 797.6755722941846,
  "summary_gm_median": 804.3846719786525,
  "summary_gm_n": 436400.70642113936,
  "summary_gm_p05": 578.9366439320147,
  "summary_gm_p95": 1002.0756495147943,
  "summary_gm_stdv": 124.56698495664699,
  "summary_wm_k": -0.572123191583596,
  "summary_wm_mad": 63.68002753307006,
  "summary_wm_mean": 948.9397630218614,
  "summary_wm_median": 959.3140545934439,
  "summary_wm_n": 461948.6873469779,
  "summary_wm_p05": 823.5405641198158,
  "summary_wm_p95": 1049.4227200336754,
  "summary_wm_stdv": 70.13432625172601,
  "tpm_overlap_csf": 0.19617980851204891,
  "tpm_overlap_gm": 0.5082419337910782,
  "tpm_overlap_wm": 0.5575427688241084,
  "wm2max": 0.6631778365501848
}