{
  "bids_meta": {
    "InstitutionName": "HH",
    "dataset": "<unset>",
    "modality": "T1w",
    "subject_id": "0552"
  },
  "cjv": 0.6427887706261136,
  "cnr": 1.6474411970457108,
  "efc": 0.5823160549796826,
  "fber": -1.0,
  "fwhm_avg": 5.320464842856492,
  "fwhm_x": 4.520370528569474,
  "fwhm_y": 6.087562666666667,
  "fwhm_z": 5.353461333333333,
  "icvs_csf": 0.262867118526034,
  "icvs_gm": 0.37689525905982496,
  "icvs_wm": 0.360237622414141,
  "inu_med": 0.3399100601673126,
  "inu_range": 0.13616326749324797,
  "provenance": {
    "md5sum": "bcf5badc6917778f00ea7e5dbe49ce9d",
    "settings": {
      "testing": false
    },
    "software": "mriqc",
    "version": "23.1.0",
    "warnings": {
      "large_rot_frame": true,
      "small_air_mask": false
    }
  },
  "qi_1": 0.0,
  "qi_2": 0.0005379371855144149,
  "rpve_csf": 7.1876766729747565,
  "rpve_gm": 7.098937106329418,
  "rpve_wm": 7.1618626671627865,
  "size_x": 150,
  "size_y": 256,
  "size_z": 256,
  "snr_csf": 2.1331901705921026,
  "snr_gm": 7.845678753279006,
  "snr_total": 9.34899337871933,
  "snr_wm": 18.068111212286883,
  "snrd_csf": 80.33656890459595,
  "snrd_gm": 146.22133099979015,
  "snrd_total": 135.886075288181,
  "snrd_wm": 181.1003259601569,
  "spacing_x": 1.1999989748001099,
  "spacing_y": 0.9375,
  "spacing_z": 0.9375,
  "summary_bg_k": 28.556517433065235,
  "summary_bg_mad": 0.0,
  "summary_bg_mean": 1.1513946777135047,
  "summary_bg_median": 0.0,
  "summary_bg_n": 2854453.0,
  "summary_bg_p05": 0.0,
  "summary_bg_p95": 8.280951701104641,
  "summary_bg_stdv": 3.523472315890908,
  "summary_csf_k": -0.663572639939555,
  "summary_csf_mad": 177.00386975983378,
  "summary_csf_mean": 443.2076229444815,
  "summary_csf_median": 432.0683089643717,
  "summary_csf_n": 356070.0729152692,
  "summary_csf_p05": 106.32227106392384,
  "summary_csf_p95": 785.5533897392452,
  "summary_csf_stdv": 202.54532774540593,
  "summary_gm_k": -0.6294462868000221,
  "summary_gm_mad": 76.2404808291683,
  "summary_gm_mean": 788.9219150756657,
  "summary_gm_median": 786.4115194492042,
  "summary_gm_n": 510528.3731466781,
  "summary_gm_p05": 623.7101264409721,
  "summary_gm_p95": 972.0035224705935,
  "summary_gm_stdv": 100.23489031161404,
  "summary_wm_k": -0.4734168034910722,
  "summary_wm_mad": 44.338435659516314,
  "summary_wm_mean": 963.5613970615051,
  "summary_wm_median": 973.9986740462482,
  "summary_wm_n": 487964.5548635735,
  "summary_wm_p05": 858.1940696872771,
  "summary_wm_p95": 1035.4407612793148,
  "summary_wm_stdv": 53.90700027136412,
  "tpm_overlap_csf": 0.18444535795809053,
  "tpm_overlap_gm": 0.5257744680547475,
  "tpm_overlap_wm": 0.5504716246944424,
  "wm2max": 0.9079655220686759
}