{
  "bids_meta": {
    "InstitutionName": "HH",
    "dataset": "<unset>",
    "modality": "T1w",
    "subject_id": "0327"
  },
  "cjv": 0.7303728373719243,
  "cnr": 1.3279119060675406,
  "efc": 0.5564332957710427,
  "fber": -1.0,
  "fwhm_avg": 4.9417660342673715,
  "fwhm_x": 4.234727436135448,
  "fwhm_y": 5.600650666666667,
  "fwhm_z": 4.98992,
  "icvs_csf": 0.2653918718961187,
  "icvs_gm": 0.3707375527647918,
  "icvs_wm": 0.36387057533908945,
  "inu_med": 0.38347919285297394,
  "inu_range": 0.17350048422813413,
  "provenance": {
    "md5sum": "eb549f9b61f1d75efed0d75f5e0ef723",
    "settings": {
      "testing": false
    },
    "software": "mriqc",
    "version": "23.1.0",
    "warnings": {
      "large_rot_frame": true,
      "small_air_mask": false
    }
  },
  "qi_1": 0.0,
  "qi_2": 0.0015596127079165164,
  "rpve_csf": 7.918523054978149,
  "rpve_gm": 7.792492413816054,
  "rpve_wm": 7.857619569812998,
  "size_x": 150,
  "size_y": 256,
  "size_z": 256,
  "snr_csf": 2.331308039482938,
  "snr_gm": 7.304899241335163,
  "snr_total": 8.038899214020839,
  "snr_wm": 14.480490361244415,
  "snrd_csf": 51.91831444425173,
  "snrd_gm": 91.87914861374769,
  "snrd_total": 85.09280808934875,
  "snrd_wm": 111.48096121004681,
  "spacing_x": 1.1999969482421875,
  "spacing_y": 0.9375,
  "spacing_z": 0.9375,
  "summary_bg_k": 402.7846836500922,
  "summary_bg_mad": 0.0,
  "summary_bg_mean": 1.6391015555291135,
  "summary_bg_median": 0.0,
  "summary_bg_n": 3276443.0,
  "summary_bg_p05": 0.0,
  "summary_bg_p95": 10.264281988143921,
  "summary_bg_stdv": 5.609872260202111,
  "summary_csf_k": -0.35785718177313974,
  "summary_csf_mad": 159.92326972952114,
  "summary_csf_mean": 456.2989273170305,
  "summary_csf_median": 444.5717136114836,
  "summary_csf_n": 326448.9877615061,
  "summary_csf_p05": 141.01932061836123,
  "summary_csf_p95": 782.6056789085269,
  "summary_csf_stdv": 190.6959634510222,
  "summary_gm_k": -0.38086394039081606,
  "summary_gm_mad": 68.95587033792012,
  "summary_gm_mean": 788.5752289030476,
  "summary_gm_median": 786.7526321224868,
  "summary_gm_n": 456030.9174525787,
  "summary_gm_p05": 608.3419985473156,
  "summary_gm_p95": 978.5205790884793,
  "summary_gm_stdv": 107.70193311651217,
  "summary_wm_k": -0.43546318663365824,
  "summary_wm_mad": 53.63611786383048,
  "summary_wm_mean": 941.6735492294957,
  "summary_wm_median": 954.6011362411082,
  "summary_wm_n": 447584.0957259544,
  "summary_wm_p05": 816.1707974635065,
  "summary_wm_p95": 1029.887811716646,
  "summary_wm_stdv": 65.92318671765122,
  "tpm_overlap_csf": 0.18335945657375885,
  "tpm_overlap_gm": 0.5204954450267685,
  "tpm_overlap_wm": 0.5423282142066858,
  "wm2max": 0.7569536544156387
}