{
  "bids_meta": {
    "InstitutionName": "HH",
    "dataset": "<unset>",
    "modality": "T1w",
    "subject_id": "0606"
  },
  "cjv": 0.6820241850604882,
  "cnr": 1.5545956454171488,
  "efc": 0.5353908289282078,
  "fber": -1.0,
  "fwhm_avg": 5.195968366396982,
  "fwhm_x": 4.431574761550542,
  "fwhm_y": 5.981194666666667,
  "fwhm_z": 5.175135670973734,
  "icvs_csf": 0.2467718692877592,
  "icvs_gm": 0.38966855325262856,
  "icvs_wm": 0.36355957745961226,
  "inu_med": 0.3790280967950821,
  "inu_range": 0.18283718228340146,
  "provenance": {
    "md5sum": "3552961e8c7c95bea140da69f4891b11",
    "settings": {
      "testing": false
    },
    "software": "mriqc",
    "version": "23.1.0",
    "warnings": {
      "large_rot_frame": true,
      "small_air_mask": false
    }
  },
  "qi_1": 0.0,
  "qi_2": 0.001507132646400064,
  "rpve_csf": 7.813561664468548,
  "rpve_gm": 7.712163948530385,
  "rpve_wm": 7.783940598476714,
  "size_x": 150,
  "size_y": 256,
  "size_z": 256,
  "snr_csf": 2.3634319580602976,
  "snr_gm": 8.669661717881986,
  "snr_total": 8.90882743678384,
  "snr_wm": 15.693388634409233,
  "snrd_csf": 92.30838964999815,
  "snrd_gm": 137.63715092489602,
  "snrd_total": 132.4444470979228,
  "snrd_wm": 167.38780071887425,
  "spacing_x": 1.2000045776367188,
  "spacing_y": 0.9375,
  "spacing_z": 0.9375000596046448,
  "summary_bg_k": 37.60057321976798,
  "summary_bg_mad": 0.0,
  "summary_bg_mean": 1.2814620936571406,
  "summary_bg_median": 0.0,
  "summary_bg_n": 2622980.0,
  "summary_bg_p05": 0.0,
  "summary_bg_p95": 8.376447476446629,
  "summary_bg_stdv": 3.768545310447819,
  "summary_csf_k": -0.5137236089088484,
  "summary_csf_mad": 156.39894537824128,
  "summary_csf_mean": 516.0303470781843,
  "summary_csf_median": 530.9861411005259,
  "summary_csf_n": 306892.4064137391,
  "summary_csf_p05": 112.92526250332594,
  "summary_csf_p95": 854.5320241078734,
  "summary_csf_stdv": 224.66704581338692,
  "summary_gm_k": -0.6342289077526653,
  "summary_gm_mad": 67.67325916790992,
  "summary_gm_mean": 795.3393694457552,
  "summary_gm_median": 791.73106495291,
  "summary_gm_n": 484602.7237894386,
  "summary_gm_p05": 648.0100396685302,
  "summary_gm_p95": 961.5892939940095,
  "summary_gm_stdv": 91.32193086989137,
  "summary_wm_k": -0.3299918845547256,
  "summary_wm_mad": 49.04484975024679,
  "summary_wm_mean": 952.1338080622623,
  "summary_wm_median": 962.8659183420241,
  "summary_wm_n": 452132.870425507,
  "summary_wm_p05": 835.5170403979719,
  "summary_wm_p95": 1036.6413675062358,
  "summary_wm_stdv": 61.35480844628471,
  "tpm_overlap_csf": 0.2057726382400027,
  "tpm_overlap_gm": 0.5367803245488907,
  "tpm_overlap_wm": 0.5559066576132872,
  "wm2max": 0.8107256871798799
}