{
  "bids_meta": {
    "InstitutionName": "HH",
    "dataset": "<unset>",
    "modality": "T1w",
    "subject_id": "0792"
  },
  "cjv": 0.7635401425303849,
  "cnr": 1.2821118476231275,
  "efc": 0.6298769628634346,
  "fber": -1.0,
  "fwhm_avg": 5.414458790127013,
  "fwhm_x": 4.660347037047707,
  "fwhm_y": 6.197183999999999,
  "fwhm_z": 5.385845333333333,
  "icvs_csf": 0.26133073022705944,
  "icvs_gm": 0.3648746153584176,
  "icvs_wm": 0.3737946544145231,
  "inu_med": 0.3597889542579651,
  "inu_range": 0.17391972243785853,
  "provenance": {
    "md5sum": "5c67e459291b213a3468d8fab160afec",
    "settings": {
      "testing": false
    },
    "software": "mriqc",
    "version": "23.1.0",
    "warnings": {
      "large_rot_frame": true,
      "small_air_mask": false
    }
  },
  "qi_1": 0.0,
  "qi_2": 0.002829959174997376,
  "rpve_csf": 5.970430166468214,
  "rpve_gm": 5.860128846439222,
  "rpve_wm": 5.932109672888152,
  "size_x": 150,
  "size_y": 256,
  "size_z": 256,
  "snr_csf": 2.4009161432667114,
  "snr_gm": 7.259270384197947,
  "snr_total": 9.071482780560517,
  "snr_wm": 17.554261814216893,
  "snrd_csf": 14.29526784457779,
  "snrd_gm": 23.73152891457664,
  "snrd_total": 22.170820599499653,
  "snrd_wm": 28.485665039344525,
  "spacing_x": 1.1999986171722412,
  "spacing_y": 0.9375,
  "spacing_z": 0.9375,
  "summary_bg_k": 1039.8047240074404,
  "summary_bg_mad": 0.0,
  "summary_bg_mean": 2.112385611620649,
  "summary_bg_median": 0.0,
  "summary_bg_n": 2732923.0,
  "summary_bg_p05": 0.0,
  "summary_bg_p95": 9.397642012685537,
  "summary_bg_stdv": 22.407601733102837,
  "summary_csf_k": -0.17997543808850347,
  "summary_csf_mad": 153.2626138640193,
  "summary_csf_mean": 492.57688787100767,
  "summary_csf_median": 488.94042298570275,
  "summary_csf_n": 424350.6694578796,
  "summary_csf_p05": 135.15387444198132,
  "summary_csf_p95": 831.5358863845468,
  "summary_csf_stdv": 203.64719869636372,
  "summary_gm_k": -0.2786666984041819,
  "summary_gm_mad": 75.33727838562133,
  "summary_gm_mean": 810.0763340517495,
  "summary_gm_median": 811.6884490549564,
  "summary_gm_n": 592485.9550998893,
  "summary_gm_p05": 619.8378590606153,
  "summary_gm_p95": 998.4934857040644,
  "summary_gm_stdv": 111.8139594078442,
  "summary_wm_k": -0.3265319047979398,
  "summary_wm_mad": 48.81855639388262,
  "summary_wm_mean": 967.3069294335116,
  "summary_wm_median": 974.2939597070217,
  "summary_wm_n": 606970.3769731225,
  "summary_wm_p05": 864.46350229159,
  "summary_wm_p95": 1047.1316634491086,
  "summary_wm_stdv": 55.50180163827187,
  "tpm_overlap_csf": 0.19261785843609577,
  "tpm_overlap_gm": 0.507500449091911,
  "tpm_overlap_wm": 0.540157916171782,
  "wm2max": 0.7971107903199746
}