{
  "bids_meta": {
    "InstitutionName": "HH",
    "dataset": "<unset>",
    "modality": "T1w",
    "subject_id": "0359"
  },
  "cjv": 0.8817887253178843,
  "cnr": 0.9056214638630171,
  "efc": 0.5672825412776201,
  "fber": -1.0,
  "fwhm_avg": 4.899880842672745,
  "fwhm_x": 4.365466833268596,
  "fwhm_y": 5.5330026666666665,
  "fwhm_z": 4.801173028082973,
  "icvs_csf": 0.2562794773460482,
  "icvs_gm": 0.3370549331746698,
  "icvs_wm": 0.4066655894792821,
  "inu_med": 0.4594939947128296,
  "inu_range": 0.2608475416898727,
  "provenance": {
    "md5sum": "ac4ce2f472dea693bcfc3388879fb8ef",
    "settings": {
      "testing": false
    },
    "software": "mriqc",
    "version": "23.1.0",
    "warnings": {
      "large_rot_frame": true,
      "small_air_mask": false
    }
  },
  "qi_1": 0.0,
  "qi_2": 0.0019133475230002697,
  "rpve_csf": 7.153351762183924,
  "rpve_gm": 7.0169967707073315,
  "rpve_wm": 7.100556463284043,
  "size_x": 150,
  "size_y": 256,
  "size_z": 256,
  "snr_csf": 2.484212202401624,
  "snr_gm": 4.55343473848893,
  "snr_total": 7.267573427643775,
  "snr_wm": 14.765073342040772,
  "snrd_csf": 53.79161255755578,
  "snrd_gm": 105.59970375250803,
  "snrd_total": 95.80712298789992,
  "snrd_wm": 128.03005265363595,
  "spacing_x": 1.1999976634979248,
  "spacing_y": 0.9375,
  "spacing_z": 0.9375000596046448,
  "summary_bg_k": 38.0181478099666,
  "summary_bg_mad": 0.0,
  "summary_bg_mean": 1.7636065777485603,
  "summary_bg_median": 0.0,
  "summary_bg_n": 2770788.0,
  "summary_bg_p05": 0.0,
  "summary_bg_p95": 11.258142294362187,
  "summary_bg_stdv": 4.972046277823617,
  "summary_csf_k": 0.6833915558390875,
  "summary_csf_mad": 120.26134338165079,
  "summary_csf_mean": 434.74601301701784,
  "summary_csf_median": 408.2422942686826,
  "summary_csf_n": 347888.8836609535,
  "summary_csf_p05": 193.31179183349013,
  "summary_csf_p95": 743.4990009069443,
  "summary_csf_stdv": 164.33447478086777,
  "summary_gm_k": 1.5794944110720115,
  "summary_gm_mad": 83.91298920117082,
  "summary_gm_mean": 775.3460126303556,
  "summary_gm_median": 801.4309905264527,
  "summary_gm_n": 457538.25335074664,
  "summary_gm_p05": 429.1173007097095,
  "summary_gm_p95": 1029.9789725933224,
  "summary_gm_stdv": 176.00562229300704,
  "summary_wm_k": -0.765469694545132,
  "summary_wm_mad": 66.19506760273602,
  "summary_wm_mean": 963.0623011030434,
  "summary_wm_median": 971.6623084079474,
  "summary_wm_n": 552031.8654163688,
  "summary_wm_p05": 845.7711454853415,
  "summary_wm_p95": 1057.7524762488902,
  "summary_wm_stdv": 65.80810036092589,
  "tpm_overlap_csf": 0.18180025593151172,
  "tpm_overlap_gm": 0.4605499777689804,
  "tpm_overlap_wm": 0.48605689159664844,
  "wm2max": 0.7276718425653013
}