{
  "bids_meta": {
    "InstitutionName": "HH",
    "dataset": "<unset>",
    "modality": "T1w",
    "subject_id": "0286"
  },
  "cjv": 0.7452233373440856,
  "cnr": 1.2186602639166872,
  "efc": 0.6355745317774819,
  "fber": -1.0,
  "fwhm_avg": 4.6565652796767925,
  "fwhm_x": 4.050933172363711,
  "fwhm_y": 5.3260586666666665,
  "fwhm_z": 4.5927039999999995,
  "icvs_csf": 0.25927245941253224,
  "icvs_gm": 0.36245199748705476,
  "icvs_wm": 0.37827554310041306,
  "inu_med": 0.36301642656326294,
  "inu_range": 0.16393729448318484,
  "provenance": {
    "md5sum": "9b0f7931f3513fbb6b58ac373dc36aa7",
    "settings": {
      "testing": false
    },
    "software": "mriqc",
    "version": "23.1.0",
    "warnings": {
      "large_rot_frame": true,
      "small_air_mask": false
    }
  },
  "qi_1": 0.0,
  "qi_2": 0.0020107426708894783,
  "rpve_csf": 5.989052440540315,
  "rpve_gm": 5.8629627709766385,
  "rpve_wm": 5.934746326543995,
  "size_x": 150,
  "size_y": 256,
  "size_z": 256,
  "snr_csf": 2.495357124292642,
  "snr_gm": 7.003061110552578,
  "snr_total": 8.387496393528226,
  "snr_wm": 15.664070945739459,
  "snrd_csf": 43.93427097560253,
  "snrd_gm": 75.19638621846781,
  "snrd_total": 69.73062034540453,
  "snrd_wm": 90.06120384214324,
  "spacing_x": 1.2000000476837158,
  "spacing_y": 0.9375,
  "spacing_z": 0.9375,
  "summary_bg_k": 372.97714596580175,
  "summary_bg_mad": 0.0,
  "summary_bg_mean": 1.8544491265990197,
  "summary_bg_median": 0.0,
  "summary_bg_n": 2814608.0,
  "summary_bg_p05": 0.0,
  "summary_bg_p95": 13.474494684487581,
  "summary_bg_stdv": 7.150404595223543,
  "summary_csf_k": 0.18730926561617567,
  "summary_csf_mad": 152.5295051019152,
  "summary_csf_mean": 496.1199375347281,
  "summary_csf_median": 479.5151255093515,
  "summary_csf_n": 419857.2650593027,
  "summary_csf_p05": 188.7469757348299,
  "summary_csf_p95": 826.57440751791,
  "summary_csf_stdv": 192.16269679216052,
  "summary_gm_k": -0.08243081537904251,
  "summary_gm_mad": 67.60663020067189,
  "summary_gm_mean": 819.7481405324695,
  "summary_gm_median": 820.7215864676982,
  "summary_gm_n": 586942.8042029841,
  "summary_gm_p05": 617.1214515343308,
  "summary_gm_p95": 1016.9601731467992,
  "summary_gm_stdv": 117.1945916737971,
  "summary_wm_k": -0.40723391664832986,
  "summary_wm_mad": 53.298552730934716,
  "summary_wm_mean": 973.2127405655096,
  "summary_wm_median": 982.961785979569,
  "summary_wm_n": 612566.931809206,
  "summary_wm_p05": 854.3297855649143,
  "summary_wm_p95": 1060.7392746023834,
  "summary_wm_stdv": 62.75258756514332,
  "tpm_overlap_csf": 0.2160052802201638,
  "tpm_overlap_gm": 0.5084066526816046,
  "tpm_overlap_wm": 0.5543712384889614,
  "wm2max": 0.7053052748082647
}