{
  "bids_meta": {
    "InstitutionName": "HH",
    "dataset": "<unset>",
    "modality": "T1w",
    "subject_id": "0132"
  },
  "cjv": 0.7310601829726023,
  "cnr": 1.3303466743418069,
  "efc": 0.5995287245158212,
  "fber": -1.0,
  "fwhm_avg": 4.950796703166347,
  "fwhm_x": 4.23736077616571,
  "fwhm_y": 5.617503999999999,
  "fwhm_z": 4.997525333333333,
  "icvs_csf": 0.2664644229845133,
  "icvs_gm": 0.37044673615346047,
  "icvs_wm": 0.36308884086202625,
  "inu_med": 0.3875143229961395,
  "inu_range": 0.176371920108795,
  "provenance": {
    "md5sum": "4897f2177312622bcfc1cf77cd864b62",
    "settings": {
      "testing": false
    },
    "software": "mriqc",
    "version": "23.1.0",
    "warnings": {
      "large_rot_frame": true,
      "small_air_mask": false
    }
  },
  "qi_1": 0.0,
  "qi_2": 0.001832042194520266,
  "rpve_csf": 7.9021060332650555,
  "rpve_gm": 7.776208535652925,
  "rpve_wm": 7.84114835046773,
  "size_x": 150,
  "size_y": 256,
  "size_z": 256,
  "snr_csf": 2.3312648983140596,
  "snr_gm": 7.294975337162476,
  "snr_total": 8.011033948813997,
  "snr_wm": 14.406861610965457,
  "snrd_csf": 58.39172599143712,
  "snrd_gm": 103.57717275484933,
  "snrd_total": 95.91220903528169,
  "snrd_wm": 125.7677283595586,
  "spacing_x": 1.1999969482421875,
  "spacing_y": 0.9375,
  "spacing_z": 0.9375,
  "summary_bg_k": 72.4241857693826,
  "summary_bg_mad": 0.0,
  "summary_bg_mean": 1.413973733196181,
  "summary_bg_median": 0.0,
  "summary_bg_n": 3275539.0,
  "summary_bg_p05": 0.0,
  "summary_bg_p95": 9.559568706899881,
  "summary_bg_stdv": 4.971993358496565,
  "summary_csf_k": -0.353610562788528,
  "summary_csf_mad": 159.76258000286452,
  "summary_csf_mean": 454.94599844326444,
  "summary_csf_median": 443.14935610443354,
  "summary_csf_n": 328458.1706367282,
  "summary_csf_p05": 140.51414243876934,
  "summary_csf_p95": 780.6597192212939,
  "summary_csf_stdv": 190.08937244075253,
  "summary_gm_k": -0.3694508948963948,
  "summary_gm_mad": 68.95268256215978,
  "summary_gm_mean": 787.8254893013781,
  "summary_gm_median": 786.0729689709842,
  "summary_gm_n": 456632.2810095518,
  "summary_gm_p05": 607.6200080737472,
  "summary_gm_p95": 978.1166420057416,
  "summary_gm_stdv": 107.75527975227207,
  "summary_wm_k": -0.4509881685335251,
  "summary_wm_mad": 54.16491062089421,
  "summary_wm_mean": 941.4169238858605,
  "summary_wm_median": 954.482623949647,
  "summary_wm_n": 447562.5492979321,
  "summary_wm_p05": 815.2123771980405,
  "summary_wm_p95": 1029.85348854959,
  "summary_wm_stdv": 66.25187243490842,
  "tpm_overlap_csf": 0.18099352440814157,
  "tpm_overlap_gm": 0.5199853689031141,
  "tpm_overlap_wm": 0.5427642725357453,
  "wm2max": 0.755070430234889
}