{
  "bids_meta": {
    "InstitutionName": "HH",
    "dataset": "<unset>",
    "modality": "T1w",
    "subject_id": "0343"
  },
  "cjv": 0.756597436422477,
  "cnr": 1.2370446382929852,
  "efc": 0.6006006718036537,
  "fber": -1.0,
  "fwhm_avg": 5.127144827619429,
  "fwhm_x": 4.5747895140506225,
  "fwhm_y": 5.733492968807667,
  "fwhm_z": 5.073151999999999,
  "icvs_csf": 0.2736590115925445,
  "icvs_gm": 0.3632669947981846,
  "icvs_wm": 0.3630739936092709,
  "inu_med": 0.4298514723777771,
  "inu_range": 0.21204360127449035,
  "provenance": {
    "md5sum": "ffb39978f58a58c09e57eba24fec681d",
    "settings": {
      "testing": false
    },
    "software": "mriqc",
    "version": "23.1.0",
    "warnings": {
      "large_rot_frame": true,
      "small_air_mask": false
    }
  },
  "qi_1": 0.0,
  "qi_2": 0.0008626097664143873,
  "rpve_csf": 7.716319970767106,
  "rpve_gm": 7.576584134617447,
  "rpve_wm": 7.631427536293542,
  "size_x": 150,
  "size_y": 256,
  "size_z": 256,
  "snr_csf": 2.3535295603095725,
  "snr_gm": 7.269167586874361,
  "snr_total": 7.589464131761706,
  "snr_wm": 13.145695248101184,
  "snrd_csf": 72.35484268413357,
  "snrd_gm": 139.13920835260697,
  "snrd_total": 126.36494897024859,
  "snrd_wm": 167.6007958740052,
  "spacing_x": 1.199998378753662,
  "spacing_y": 0.9375000596046448,
  "spacing_z": 0.9375,
  "summary_bg_k": 48.31093409608445,
  "summary_bg_mad": 0.0,
  "summary_bg_mean": 1.2180613092308754,
  "summary_bg_median": 0.0,
  "summary_bg_n": 2580797.0,
  "summary_bg_p05": 0.0,
  "summary_bg_p95": 8.362665167078376,
  "summary_bg_stdv": 3.731511592956178,
  "summary_csf_k": -0.008003174309132888,
  "summary_csf_mad": 144.63689902036216,
  "summary_csf_mean": 428.69991909336665,
  "summary_csf_median": 412.117132069543,
  "summary_csf_n": 345973.13202851225,
  "summary_csf_p05": 120.77186292037368,
  "summary_csf_p95": 749.5943571254611,
  "summary_csf_stdv": 175.1057405132684,
  "summary_gm_k": -0.1316747465006478,
  "summary_gm_mad": 60.99324707921107,
  "summary_gm_mean": 790.797384787846,
  "summary_gm_median": 792.5060628633946,
  "summary_gm_n": 459259.9352804839,
  "summary_gm_p05": 601.4378861803561,
  "summary_gm_p95": 983.224755031988,
  "summary_gm_stdv": 109.02282697212392,
  "summary_wm_k": -0.7175482679633736,
  "summary_wm_mad": 61.65943545750343,
  "summary_wm_mean": 937.5784495785741,
  "summary_wm_median": 954.616951206699,
  "summary_wm_n": 459015.93372020236,
  "summary_wm_p05": 802.7659296803176,
  "summary_wm_p95": 1031.9029552582651,
  "summary_wm_stdv": 72.61813797884689,
  "tpm_overlap_csf": 0.18181843173118653,
  "tpm_overlap_gm": 0.5221404933824183,
  "tpm_overlap_wm": 0.572769919778196,
  "wm2max": 0.7361853281157578
}