{
  "bids_meta": {
    "InstitutionName": "HH",
    "dataset": "<unset>",
    "modality": "T1w",
    "subject_id": "1187"
  },
  "cjv": 0.6816880625295594,
  "cnr": 1.514291070825964,
  "efc": 0.6271570433601943,
  "fber": -1.0,
  "fwhm_avg": 5.242531227011608,
  "fwhm_x": 4.5678176810348265,
  "fwhm_y": 5.849696,
  "fwhm_z": 5.31008,
  "icvs_csf": 0.2644514175591298,
  "icvs_gm": 0.3698803937110084,
  "icvs_wm": 0.36566818872986184,
  "inu_med": 0.3319528251886368,
  "inu_range": 0.1514468163251877,
  "provenance": {
    "md5sum": "f718bb6b8d82c2c2da417df935d01111",
    "settings": {
      "testing": false
    },
    "software": "mriqc",
    "version": "23.1.0",
    "warnings": {
      "large_rot_frame": true,
      "small_air_mask": false
    }
  },
  "qi_1": 0.0,
  "qi_2": 0.002813434532367245,
  "rpve_csf": 6.107173881174262,
  "rpve_gm": 6.010380153752567,
  "rpve_wm": 6.075616971081513,
  "size_x": 150,
  "size_y": 256,
  "size_z": 256,
  "snr_csf": 2.3823752676256977,
  "snr_gm": 7.585124733402077,
  "snr_total": 9.39473750841749,
  "snr_wm": 18.216712524224697,
  "snrd_csf": 63.9454770283448,
  "snrd_gm": 113.30296784289841,
  "snrd_total": 105.319965615156,
  "snrd_wm": 138.71145197422481,
  "spacing_x": 1.1999975442886353,
  "spacing_y": 0.9375,
  "spacing_z": 0.9375,
  "summary_bg_k": 1171.4727154079783,
  "summary_bg_mad": 0.0,
  "summary_bg_mean": 1.4389405065775427,
  "summary_bg_median": 0.0,
  "summary_bg_n": 2685957.0,
  "summary_bg_p05": 0.0,
  "summary_bg_p95": 9.2453593313694,
  "summary_bg_stdv": 4.599333127241495,
  "summary_csf_k": -0.4250905736688022,
  "summary_csf_mad": 160.4942405439519,
  "summary_csf_mean": 463.00442335782054,
  "summary_csf_median": 448.9241489768028,
  "summary_csf_n": 420754.8994511537,
  "summary_csf_p05": 177.42511747777462,
  "summary_csf_p95": 788.6911044046283,
  "summary_csf_stdv": 188.4353072340421,
  "summary_gm_k": -0.6146283412550577,
  "summary_gm_mad": 76.06077479443725,
  "summary_gm_mean": 796.1899014742108,
  "summary_gm_median": 795.4344979375601,
  "summary_gm_n": 588497.4612776682,
  "summary_gm_p05": 621.1308806464076,
  "summary_gm_p95": 983.8682649284601,
  "summary_gm_stdv": 104.8675994234288,
  "summary_wm_k": -0.5073767882546485,
  "summary_wm_mad": 45.53754700883865,
  "summary_wm_mean": 963.9400653497061,
  "summary_wm_median": 973.8127452433109,
  "summary_wm_n": 581795.6409597126,
  "summary_wm_p05": 860.0328720286489,
  "summary_wm_p95": 1035.1228214278817,
  "summary_wm_stdv": 53.457060764680726,
  "tpm_overlap_csf": 0.19044631047477503,
  "tpm_overlap_gm": 0.5099650184835186,
  "tpm_overlap_wm": 0.5463517548527499,
  "wm2max": 0.7487861631763132
}