{
  "bids_meta": {
    "InstitutionName": "HH",
    "dataset": "<unset>",
    "modality": "T1w",
    "subject_id": "0960"
  },
  "cjv": 0.7035046681109219,
  "cnr": 1.4172645207705128,
  "efc": 0.6139921673683997,
  "fber": -1.0,
  "fwhm_avg": 5.171997608533549,
  "fwhm_x": 4.4132831546174165,
  "fwhm_y": 5.791936000000001,
  "fwhm_z": 5.31077367098323,
  "icvs_csf": 0.26958183847883294,
  "icvs_gm": 0.3664539881150498,
  "icvs_wm": 0.3639641734061173,
  "inu_med": 0.37758663296699524,
  "inu_range": 0.16363810896873465,
  "provenance": {
    "md5sum": "9d97cef3c6921148a3454a2ee3d73b23",
    "settings": {
      "testing": false
    },
    "software": "mriqc",
    "version": "23.1.0",
    "warnings": {
      "large_rot_frame": true,
      "small_air_mask": false
    }
  },
  "qi_1": 0.0,
  "qi_2": 0.002802780467134912,
  "rpve_csf": 7.221621708886848,
  "rpve_gm": 7.113610020100672,
  "rpve_wm": 7.174756113830896,
  "size_x": 150,
  "size_y": 256,
  "size_z": 256,
  "snr_csf": 2.265833816348211,
  "snr_gm": 7.155985267100053,
  "snr_total": 8.606163205953306,
  "snr_wm": 16.39667053441166,
  "snrd_csf": 46.97060719587417,
  "snrd_gm": 88.29695997581162,
  "snrd_total": 81.13845751908326,
  "snrd_wm": 108.147805385564,
  "spacing_x": 1.1999977827072144,
  "spacing_y": 0.9375,
  "spacing_z": 0.9374999403953552,
  "summary_bg_k": 18.109174980582992,
  "summary_bg_mad": 0.0,
  "summary_bg_mean": 2.370896152378891,
  "summary_bg_median": 0.0,
  "summary_bg_n": 2652090.0,
  "summary_bg_p05": 0.0,
  "summary_bg_p95": 14.749540984630585,
  "summary_bg_stdv": 5.871666286791194,
  "summary_csf_k": -0.3503620728653152,
  "summary_csf_mad": 156.04317198683208,
  "summary_csf_mean": 433.83886196502004,
  "summary_csf_median": 420.97451880574226,
  "summary_csf_n": 363660.23920422175,
  "summary_csf_p05": 115.49880176782608,
  "summary_csf_p95": 761.7454633116722,
  "summary_csf_stdv": 185.79206337464646,
  "summary_gm_k": -0.5603293232962483,
  "summary_gm_mad": 75.41911983872184,
  "summary_gm_mean": 790.6610557374926,
  "summary_gm_median": 791.3623531162739,
  "summary_gm_n": 494338.73486148723,
  "summary_gm_p05": 602.5399546325207,
  "summary_gm_p95": 984.402272105217,
  "summary_gm_stdv": 110.5873647237643,
  "summary_wm_k": -0.5229819503673707,
  "summary_wm_mad": 49.743782607846185,
  "summary_wm_mean": 958.0645087881769,
  "summary_wm_median": 969.2757460474968,
  "summary_wm_n": 490980.0271023379,
  "summary_wm_p05": 844.3523174524307,
  "summary_wm_p95": 1037.8399062156677,
  "summary_wm_stdv": 59.1141205728392,
  "tpm_overlap_csf": 0.18642354844966225,
  "tpm_overlap_gm": 0.5122944060806512,
  "tpm_overlap_wm": 0.5540254567549414,
  "wm2max": 0.7417598269022719
}