{
  "bids_meta": {
    "InstitutionName": "HH",
    "dataset": "<unset>",
    "modality": "T1w",
    "subject_id": "0620"
  },
  "cjv": 0.6846705333175612,
  "cnr": 1.561777376496331,
  "efc": 0.5977999051570333,
  "fber": -1.0,
  "fwhm_avg": 5.173367393879172,
  "fwhm_x": 4.410299842707916,
  "fwhm_y": 5.954944,
  "fwhm_z": 5.1548583389296,
  "icvs_csf": 0.2480932957769515,
  "icvs_gm": 0.38968108703926946,
  "icvs_wm": 0.36222561718377894,
  "inu_med": 0.38607466220855713,
  "inu_range": 0.18835968375205991,
  "provenance": {
    "md5sum": "65150eaf677e0c915eb70ce133f91723",
    "settings": {
      "testing": false
    },
    "software": "mriqc",
    "version": "23.1.0",
    "warnings": {
      "large_rot_frame": true,
      "small_air_mask": false
    }
  },
  "qi_1": 0.0,
  "qi_2": 0.0021663643712046296,
  "rpve_csf": 7.825387142420471,
  "rpve_gm": 7.725873200069143,
  "rpve_wm": 7.7979638701136125,
  "size_x": 150,
  "size_y": 256,
  "size_z": 256,
  "snr_csf": 2.4055714271572533,
  "snr_gm": 8.800949893945592,
  "snr_total": 9.032370161055429,
  "snr_wm": 15.89058916206344,
  "snrd_csf": 105.01163940767637,
  "snrd_gm": 155.36987382817927,
  "snrd_total": 149.66351675702205,
  "snrd_wm": 188.60903703521055,
  "spacing_x": 1.2000045776367188,
  "spacing_y": 0.9375,
  "spacing_z": 0.9375000596046448,
  "summary_bg_k": 47.275111577543925,
  "summary_bg_mad": 0.0,
  "summary_bg_mean": 1.023901831843999,
  "summary_bg_median": 0.0,
  "summary_bg_n": 2613449.0,
  "summary_bg_p05": 0.0,
  "summary_bg_p95": 6.136141424998641,
  "summary_bg_stdv": 3.3460609399834995,
  "summary_csf_k": -0.4773585423643243,
  "summary_csf_mad": 154.390174982751,
  "summary_csf_mean": 521.0386080432692,
  "summary_csf_median": 536.3392186202109,
  "summary_csf_n": 308059.6783769736,
  "summary_csf_p05": 120.00314676947892,
  "summary_csf_p95": 856.6098382715136,
  "summary_csf_stdv": 222.9567337110566,
  "summary_gm_k": -0.6461072744310283,
  "summary_gm_mad": 67.48113627025054,
  "summary_gm_mean": 797.1004803351925,
  "summary_gm_median": 793.5401941742748,
  "summary_gm_n": 483870.5131751461,
  "summary_gm_p05": 652.0268373545259,
  "summary_gm_p95": 960.8343356624246,
  "summary_gm_stdv": 90.1651962281303,
  "summary_wm_k": -0.30358354844878743,
  "summary_wm_mad": 48.753038204136566,
  "summary_wm_mean": 953.4135595153527,
  "summary_wm_median": 963.3067735992372,
  "summary_wm_n": 449778.80913742306,
  "summary_wm_p05": 838.6959015838802,
  "summary_wm_p95": 1037.8170623313636,
  "summary_wm_stdv": 60.62114455964736,
  "tpm_overlap_csf": 0.2016063547957104,
  "tpm_overlap_gm": 0.5347962291178981,
  "tpm_overlap_wm": 0.555060035507117,
  "wm2max": 0.805180743848322
}