{
  "bids_meta": {
    "InstitutionName": "HH",
    "dataset": "<unset>",
    "modality": "T1w",
    "subject_id": "1090"
  },
  "cjv": 0.8127415543572819,
  "cnr": 1.212678978073065,
  "efc": 0.6077034844120833,
  "fber": 20203.739840579,
  "fwhm_avg": 4.8529121310842,
  "fwhm_x": 4.112400082389683,
  "fwhm_y": 5.556885333333333,
  "fwhm_z": 4.889450977529587,
  "icvs_csf": 0.25357487201125717,
  "icvs_gm": 0.3680627334365844,
  "icvs_wm": 0.37836239455215837,
  "inu_med": 0.3721213936805725,
  "inu_range": 0.1698733627796173,
  "provenance": {
    "md5sum": "5ad593cff8eba397f74eccde12f72ad2",
    "settings": {
      "testing": false
    },
    "software": "mriqc",
    "version": "23.1.0",
    "warnings": {
      "large_rot_frame": true,
      "small_air_mask": false
    }
  },
  "qi_1": 0.0,
  "qi_2": 0.0022608408868221796,
  "rpve_csf": 6.824966028730652,
  "rpve_gm": 6.703363121568428,
  "rpve_wm": 6.772695023594454,
  "size_x": 150,
  "size_y": 256,
  "size_z": 256,
  "snr_csf": 2.4016129922487215,
  "snr_gm": 7.553677292292364,
  "snr_total": 9.005995664951156,
  "snr_wm": 17.06269671031238,
  "snrd_csf": 26.5965220422274,
  "snrd_gm": 43.005555078627246,
  "snrd_total": 40.146834041016206,
  "snrd_wm": 50.83842500219397,
  "spacing_x": 1.1999975442886353,
  "spacing_y": 0.9375,
  "spacing_z": 0.9374999403953552,
  "summary_bg_k": 63.864650409407616,
  "summary_bg_mad": 0.0,
  "summary_bg_mean": 4.353347206203604,
  "summary_bg_median": 0.0,
  "summary_bg_n": 2918876.0,
  "summary_bg_p05": 0.0,
  "summary_bg_p95": 27.67218053340912,
  "summary_bg_stdv": 12.575845252605578,
  "summary_csf_k": -0.27941782231931667,
  "summary_csf_mad": 158.43458887157664,
  "summary_csf_mean": 512.1797845961744,
  "summary_csf_median": 510.54062247276306,
  "summary_csf_n": 360774.4100865121,
  "summary_csf_p05": 139.81733322143555,
  "summary_csf_p95": 856.8501859903336,
  "summary_csf_stdv": 212.58209235123329,
  "summary_gm_k": 0.3400944588761461,
  "summary_gm_mad": 71.54992405727242,
  "summary_gm_mean": 826.8589837787706,
  "summary_gm_median": 825.5245864391327,
  "summary_gm_n": 523662.3584868376,
  "summary_gm_p05": 645.0259387493134,
  "summary_gm_p95": 1010.836860537529,
  "summary_gm_stdv": 109.28767092802758,
  "summary_wm_k": -0.2916933468885734,
  "summary_wm_mad": 50.652222452820986,
  "summary_wm_mean": 971.0575483672694,
  "summary_wm_median": 975.8825272321701,
  "summary_wm_n": 538316.2322464474,
  "summary_wm_p05": 868.3288335800171,
  "summary_wm_p95": 1057.0723593235016,
  "summary_wm_stdv": 57.193867849781924,
  "tpm_overlap_csf": 0.20723078660119473,
  "tpm_overlap_gm": 0.5188106287010361,
  "tpm_overlap_wm": 0.5499808038675394,
  "wm2max": 0.6953669176106382
}