{
  "bids_meta": {
    "InstitutionName": "HH",
    "dataset": "<unset>",
    "modality": "T1w",
    "subject_id": "0064"
  },
  "cjv": 0.7013897432119871,
  "cnr": 1.4872761402439338,
  "efc": 0.6145061568582239,
  "fber": -1.0,
  "fwhm_avg": 5.248481967615346,
  "fwhm_x": 4.543888569512705,
  "fwhm_y": 6.041344,
  "fwhm_z": 5.160213333333333,
  "icvs_csf": 0.2571987103082629,
  "icvs_gm": 0.37499551502520645,
  "icvs_wm": 0.3678057746665306,
  "inu_med": 0.33361630141735077,
  "inu_range": 0.1517308413982391,
  "provenance": {
    "md5sum": "1c439ce7773a5092fe07541587da567d",
    "settings": {
      "testing": false
    },
    "software": "mriqc",
    "version": "23.1.0",
    "warnings": {
      "large_rot_frame": true,
      "small_air_mask": false
    }
  },
  "qi_1": 0.0,
  "qi_2": 0.0016093090311575947,
  "rpve_csf": 6.107119576399766,
  "rpve_gm": 6.011133828271325,
  "rpve_wm": 6.074675260970292,
  "size_x": 150,
  "size_y": 256,
  "size_z": 256,
  "snr_csf": 2.0793056521120064,
  "snr_gm": 8.180984237834844,
  "snr_total": 9.824577218853422,
  "snr_wm": 19.213441766613418,
  "snrd_csf": 92.0599425857042,
  "snrd_gm": 157.5159713336488,
  "snrd_total": 146.4294866633753,
  "snrd_wm": 189.71254607077285,
  "spacing_x": 1.1999986171722412,
  "spacing_y": 0.9375,
  "spacing_z": 0.9375,
  "summary_bg_k": 44.47411825437555,
  "summary_bg_mad": 0.0,
  "summary_bg_mean": 0.9927759995264567,
  "summary_bg_median": 0.0,
  "summary_bg_n": 2658801.0,
  "summary_bg_p05": 0.0,
  "summary_bg_p95": 8.161924995481968,
  "summary_bg_stdv": 3.368348884008362,
  "summary_csf_k": -0.60546572154592,
  "summary_csf_mad": 179.1835528966749,
  "summary_csf_mean": 470.6423131288331,
  "summary_csf_median": 473.3212883155793,
  "summary_csf_n": 408945.94957477134,
  "summary_csf_p05": 67.40624263510108,
  "summary_csf_p95": 835.4480754714459,
  "summary_csf_stdv": 227.6340225043881,
  "summary_gm_k": -0.5398393016901761,
  "summary_gm_mad": 72.25760196376683,
  "summary_gm_mean": 811.4783704723662,
  "summary_gm_median": 809.8599715344608,
  "summary_gm_n": 596242.8691592735,
  "summary_gm_p05": 646.1758492831141,
  "summary_gm_p95": 985.6462584342808,
  "summary_gm_stdv": 98.99289240196977,
  "summary_wm_k": -0.3484302712645815,
  "summary_wm_mad": 43.84833304923483,
  "summary_wm_mean": 968.3805500708155,
  "summary_wm_median": 975.3969445750117,
  "summary_wm_n": 584811.1819838176,
  "summary_wm_p05": 872.3878222182393,
  "summary_wm_p95": 1039.824553662911,
  "summary_wm_stdv": 50.766339653304584,
  "tpm_overlap_csf": 0.1956019931133057,
  "tpm_overlap_gm": 0.5164694350923239,
  "tpm_overlap_wm": 0.5448365900017883,
  "wm2max": 0.8277734348599818
}