{
  "bids_meta": {
    "InstitutionName": "HH",
    "dataset": "<unset>",
    "modality": "T1w",
    "subject_id": "0041"
  },
  "cjv": 0.7134771576996293,
  "cnr": 1.2880182140774714,
  "efc": 0.6104279225713565,
  "fber": -1.0,
  "fwhm_avg": 5.162824507652713,
  "fwhm_x": 4.448580189624806,
  "fwhm_y": 5.860522666666666,
  "fwhm_z": 5.179370666666667,
  "icvs_csf": 0.2707541771648694,
  "icvs_gm": 0.36181177037003887,
  "icvs_wm": 0.36743405246509164,
  "inu_med": 0.3796257823705673,
  "inu_range": 0.1991569712758064,
  "provenance": {
    "md5sum": "fe7f7211ea7dd577ab0c6bc0bc7e7526",
    "settings": {
      "testing": false
    },
    "software": "mriqc",
    "version": "23.1.0",
    "warnings": {
      "large_rot_frame": true,
      "small_air_mask": false
    }
  },
  "qi_1": 0.0,
  "qi_2": 0.0019230280957959777,
  "rpve_csf": 5.622464534869348,
  "rpve_gm": 5.498282868381371,
  "rpve_wm": 5.559170979715578,
  "size_x": 150,
  "size_y": 256,
  "size_z": 256,
  "snr_csf": 2.3287021142663753,
  "snr_gm": 7.146837624886933,
  "snr_total": 8.424716480058597,
  "snr_wm": 15.798609701022482,
  "snrd_csf": 69.31366818412857,
  "snrd_gm": 127.77572562092033,
  "snrd_total": 117.03588632456677,
  "snrd_wm": 154.01826516865142,
  "spacing_x": 1.1999963521957397,
  "spacing_y": 0.9375,
  "spacing_z": 0.9375,
  "summary_bg_k": 35.10706844663031,
  "summary_bg_mad": 0.0,
  "summary_bg_mean": 1.4279672688399991,
  "summary_bg_median": 0.0,
  "summary_bg_n": 2534993.0,
  "summary_bg_p05": 0.0,
  "summary_bg_p95": 10.039364658296108,
  "summary_bg_stdv": 4.129449943668496,
  "summary_csf_k": -0.3942629310769825,
  "summary_csf_mad": 157.81364316903867,
  "summary_csf_mean": 449.5863202381466,
  "summary_csf_median": 436.8972983006388,
  "summary_csf_n": 467839.9337255549,
  "summary_csf_p05": 138.91310361400247,
  "summary_csf_p95": 782.9647658243775,
  "summary_csf_stdv": 187.61387671420104,
  "summary_gm_k": -0.19795333126413617,
  "summary_gm_mad": 66.86222111927253,
  "summary_gm_mean": 805.3913461618973,
  "summary_gm_median": 805.3948200214654,
  "summary_gm_n": 625179.6239803594,
  "summary_gm_p05": 610.525468127802,
  "summary_gm_p95": 998.890364119783,
  "summary_gm_stdv": 112.69238482289092,
  "summary_wm_k": -0.54457999027376,
  "summary_wm_mad": 51.155278723942544,
  "summary_wm_mean": 958.2301335733177,
  "summary_wm_median": 970.8065624572337,
  "summary_wm_n": 634894.4439335681,
  "summary_wm_p05": 839.2380466721952,
  "summary_wm_p95": 1039.7347266506404,
  "summary_wm_stdv": 61.44881203390931,
  "tpm_overlap_csf": 0.1818113719595524,
  "tpm_overlap_gm": 0.49779290816176436,
  "tpm_overlap_wm": 0.5353837414345907,
  "wm2max": 0.7483453149502067
}