{
  "bids_meta": {
    "InstitutionName": "HH",
    "dataset": "<unset>",
    "modality": "T1w",
    "subject_id": "0656"
  },
  "cjv": 0.637831165007742,
  "cnr": 1.560095134229594,
  "efc": 0.6299200733154025,
  "fber": -1.0,
  "fwhm_avg": 4.929291392991902,
  "fwhm_x": 4.18431151230904,
  "fwhm_y": 5.808309333333333,
  "fwhm_z": 4.795253333333333,
  "icvs_csf": 0.262079807105276,
  "icvs_gm": 0.3809596355695084,
  "icvs_wm": 0.3569605573252156,
  "inu_med": 0.3552078604698181,
  "inu_range": 0.1644552409648895,
  "provenance": {
    "md5sum": "a402dbc6cb74715136392ff9ab5840e4",
    "settings": {
      "testing": false
    },
    "software": "mriqc",
    "version": "23.1.0",
    "warnings": {
      "large_rot_frame": true,
      "small_air_mask": false
    }
  },
  "qi_1": 0.0,
  "qi_2": 0.0022158497301219488,
  "rpve_csf": 6.600124604869171,
  "rpve_gm": 6.500126730383401,
  "rpve_wm": 6.574471138050828,
  "size_x": 150,
  "size_y": 256,
  "size_z": 256,
  "snr_csf": 2.4311309693303187,
  "snr_gm": 8.072351925167927,
  "snr_total": 8.69454697815071,
  "snr_wm": 15.580158039953877,
  "snrd_csf": 63.11705140607882,
  "snrd_gm": 99.11466958049925,
  "snrd_total": 94.69347873793474,
  "snrd_wm": 121.84871522722612,
  "spacing_x": 1.2000014781951904,
  "spacing_y": 0.9375,
  "spacing_z": 0.9375,
  "summary_bg_k": 322.64274947042765,
  "summary_bg_mad": 0.0,
  "summary_bg_mean": 1.3162018899292605,
  "summary_bg_median": 0.0,
  "summary_bg_n": 3108085.0,
  "summary_bg_p05": 0.0,
  "summary_bg_p95": 9.331713438034058,
  "summary_bg_stdv": 5.187834887477858,
  "summary_csf_k": 0.0006434821707030913,
  "summary_csf_mad": 151.70101508299118,
  "summary_csf_mean": 500.18406945849677,
  "summary_csf_median": 499.805599687621,
  "summary_csf_n": 385228.2258174524,
  "summary_csf_p05": 121.67679475061595,
  "summary_csf_p95": 819.5139902886003,
  "summary_csf_stdv": 205.58536634957557,
  "summary_gm_k": -0.4843707913170916,
  "summary_gm_mad": 66.07758262966532,
  "summary_gm_mean": 788.1267205721989,
  "summary_gm_median": 784.8602836150676,
  "summary_gm_n": 559968.378103826,
  "summary_gm_p05": 627.9222487639636,
  "summary_gm_p95": 967.8493518140167,
  "summary_gm_stdv": 97.22811766420158,
  "summary_wm_k": -0.42873344300004934,
  "summary_wm_mad": 48.74752960629072,
  "summary_wm_mean": 952.3945278025884,
  "summary_wm_median": 964.8845886904746,
  "summary_wm_n": 524692.3969612215,
  "summary_wm_p05": 830.1336745917797,
  "summary_wm_p95": 1032.9769351836294,
  "summary_wm_stdv": 61.93028766070581,
  "tpm_overlap_csf": 0.20240441945938095,
  "tpm_overlap_gm": 0.5260435686023204,
  "tpm_overlap_wm": 0.5509675228060964,
  "wm2max": 0.8117009145132988
}