{
  "bids_meta": {
    "InstitutionName": "HH",
    "dataset": "<unset>",
    "modality": "T1w",
    "subject_id": "0499"
  },
  "cjv": 0.6856689554087466,
  "cnr": 1.3810795757205356,
  "efc": 0.6154239545296322,
  "fber": -1.0,
  "fwhm_avg": 5.050362162985643,
  "fwhm_x": 4.414276141622789,
  "fwhm_y": 5.714144,
  "fwhm_z": 5.02266634733414,
  "icvs_csf": 0.27142286282534905,
  "icvs_gm": 0.3630829713558775,
  "icvs_wm": 0.3654941658187734,
  "inu_med": 0.40440407395362854,
  "inu_range": 0.2054821029305458,
  "provenance": {
    "md5sum": "9ba87afb1e30012147d8f90a97005795",
    "settings": {
      "testing": false
    },
    "software": "mriqc",
    "version": "23.1.0",
    "warnings": {
      "large_rot_frame": true,
      "small_air_mask": false
    }
  },
  "qi_1": 0.0,
  "qi_2": 0.0015260939959436406,
  "rpve_csf": 6.744749108384616,
  "rpve_gm": 6.632778571072844,
  "rpve_wm": 6.693796073339098,
  "size_x": 150,
  "size_y": 256,
  "size_z": 256,
  "snr_csf": 2.283201522190907,
  "snr_gm": 7.075619477046646,
  "snr_total": 8.393346552144354,
  "snr_wm": 15.821218657195509,
  "snrd_csf": 66.99895583848036,
  "snrd_gm": 126.76320661421586,
  "snrd_total": 116.24650141854892,
  "snrd_wm": 154.97734180295052,
  "spacing_x": 1.2000019550323486,
  "spacing_y": 0.9375,
  "spacing_z": 0.9375000596046448,
  "summary_bg_k": 54.20728327203435,
  "summary_bg_mad": 0.0,
  "summary_bg_mean": 1.3674235571197428,
  "summary_bg_median": 0.0,
  "summary_bg_n": 2525736.0,
  "summary_bg_p05": 0.0,
  "summary_bg_p95": 8.808224583044648,
  "summary_bg_stdv": 4.107658742900124,
  "summary_csf_k": -0.1423733785379664,
  "summary_csf_mad": 150.4994643756841,
  "summary_csf_mean": 432.462232650247,
  "summary_csf_median": 420.0786992069334,
  "summary_csf_n": 391794.5600322208,
  "summary_csf_p05": 104.32796264067292,
  "summary_csf_p95": 763.3456186205149,
  "summary_csf_stdv": 183.98645893852984,
  "summary_gm_k": -0.41318391774044905,
  "summary_gm_mad": 70.11265369639898,
  "summary_gm_mean": 792.1242564587056,
  "summary_gm_median": 794.7963110078126,
  "summary_gm_n": 524104.4602388664,
  "summary_gm_p05": 595.6339764874429,
  "summary_gm_p95": 988.2472607120872,
  "summary_gm_stdv": 112.32875868233204,
  "summary_wm_k": -0.6045494235340052,
  "summary_wm_mad": 51.182613541117874,
  "summary_wm_mean": 958.0155589184185,
  "summary_wm_median": 971.696936711669,
  "summary_wm_n": 527584.9808696959,
  "summary_wm_p05": 838.2282195426524,
  "summary_wm_p95": 1037.59362552315,
  "summary_wm_stdv": 61.41726733407545,
  "tpm_overlap_csf": 0.19662523966366802,
  "tpm_overlap_gm": 0.5165695649817457,
  "tpm_overlap_wm": 0.5707105531268993,
  "wm2max": 0.7138887475440158
}