{
  "bids_meta": {
    "InstitutionName": "HH",
    "dataset": "<unset>",
    "modality": "T1w",
    "subject_id": "0980"
  },
  "cjv": 0.7231019091175411,
  "cnr": 1.2990001863760916,
  "efc": 0.5551058002762098,
  "fber": -1.0,
  "fwhm_avg": 4.933128300896949,
  "fwhm_x": 4.244099930290245,
  "fwhm_y": 5.676980972400603,
  "fwhm_z": 4.878304,
  "icvs_csf": 0.2785905232522835,
  "icvs_gm": 0.36208731341807504,
  "icvs_wm": 0.35932216332964134,
  "inu_med": 0.4161006212234497,
  "inu_range": 0.18719458729028704,
  "provenance": {
    "md5sum": "bffc4862df65ce3040049c26fba53267",
    "settings": {
      "testing": false
    },
    "software": "mriqc",
    "version": "23.1.0",
    "warnings": {
      "large_rot_frame": true,
      "small_air_mask": false
    }
  },
  "qi_1": 0.0,
  "qi_2": 0.0007517686366133668,
  "rpve_csf": 7.810258936505381,
  "rpve_gm": 7.6793383065154615,
  "rpve_wm": 7.739210931191453,
  "size_x": 150,
  "size_y": 256,
  "size_z": 256,
  "snr_csf": 2.356856975085739,
  "snr_gm": 6.701539937649881,
  "snr_total": 7.425028398493779,
  "snr_wm": 13.216688282745716,
  "snrd_csf": 58.52913599789541,
  "snrd_gm": 112.23050202046831,
  "snrd_total": 102.87796018542927,
  "snrd_wm": 137.87424253792412,
  "spacing_x": 1.1999976634979248,
  "spacing_y": 0.9375000596046448,
  "spacing_z": 0.9375,
  "summary_bg_k": 39.56213312632404,
  "summary_bg_mad": 0.0,
  "summary_bg_mean": 1.5092528276709862,
  "summary_bg_median": 0.0,
  "summary_bg_n": 2697158.0,
  "summary_bg_p05": 0.0,
  "summary_bg_p95": 10.20265187509358,
  "summary_bg_stdv": 4.543242759751909,
  "summary_csf_k": -0.34339485032481454,
  "summary_csf_mad": 148.4263657170634,
  "summary_csf_mean": 417.54260663263574,
  "summary_csf_median": 405.8881072048098,
  "summary_csf_n": 347812.46805457043,
  "summary_csf_p05": 133.33488526009023,
  "summary_csf_p95": 729.9915702026337,
  "summary_csf_stdv": 172.2155939066369,
  "summary_gm_k": -0.33384114321954694,
  "summary_gm_mad": 68.7094999879596,
  "summary_gm_mean": 776.6057383891466,
  "summary_gm_median": 778.2965741604567,
  "summary_gm_n": 452055.8727589711,
  "summary_gm_p05": 575.2941529843956,
  "summary_gm_p95": 981.3923834543675,
  "summary_gm_stdv": 116.13684624131164,
  "summary_wm_k": -0.7108311629255368,
  "summary_wm_mad": 59.88283878043835,
  "summary_wm_mean": 937.4956408782963,
  "summary_wm_median": 956.1308975759894,
  "summary_wm_n": 448603.66029469966,
  "summary_wm_p05": 799.8458823543042,
  "summary_wm_p95": 1029.067017616704,
  "summary_wm_stdv": 72.34261801794844,
  "tpm_overlap_csf": 0.18335148708092633,
  "tpm_overlap_gm": 0.5151571100193671,
  "tpm_overlap_wm": 0.5553659372189216,
  "wm2max": 0.7566821432705306
}