{
  "bids_meta": {
    "InstitutionName": "HH",
    "dataset": "<unset>",
    "modality": "T1w",
    "subject_id": "0175"
  },
  "cjv": 0.8158855981939184,
  "cnr": 1.1085763009856109,
  "efc": 0.6437577819872345,
  "fber": 27907.221157024796,
  "fwhm_avg": 5.007591677140446,
  "fwhm_x": 4.250785698088001,
  "fwhm_y": 5.878101333333333,
  "fwhm_z": 4.8938880000000005,
  "icvs_csf": 0.2668890764031942,
  "icvs_gm": 0.35455151222749404,
  "icvs_wm": 0.37855941136931176,
  "inu_med": 0.4430394470691681,
  "inu_range": 0.21097694337368011,
  "provenance": {
    "md5sum": "9693ccd47fd2f184df060aa6ea95bf77",
    "settings": {
      "testing": false
    },
    "software": "mriqc",
    "version": "23.1.0",
    "warnings": {
      "large_rot_frame": true,
      "small_air_mask": false
    }
  },
  "qi_1": 0.0,
  "qi_2": 0.0012216365081395182,
  "rpve_csf": 6.476218600453626,
  "rpve_gm": 6.34174074953989,
  "rpve_wm": 6.418517413531156,
  "size_x": 150,
  "size_y": 256,
  "size_z": 256,
  "snr_csf": 2.5402616403975906,
  "snr_gm": 5.543167567041034,
  "snr_total": 7.1627463986164335,
  "snr_wm": 13.404809988410674,
  "snrd_csf": 28.99538348023568,
  "snrd_gm": 53.27566326806536,
  "snrd_total": 49.17051798199868,
  "snrd_wm": 65.240507197695,
  "spacing_x": 1.1999993324279785,
  "spacing_y": 0.9375,
  "spacing_z": 0.9375,
  "summary_bg_k": 133.2391993625858,
  "summary_bg_mad": 0.0,
  "summary_bg_mean": 2.816802179414315,
  "summary_bg_median": 0.0,
  "summary_bg_n": 3022287.0,
  "summary_bg_p05": 0.0,
  "summary_bg_p95": 20.839717648923397,
  "summary_bg_stdv": 9.760475268008527,
  "summary_csf_k": 0.26950319442647697,
  "summary_csf_mad": 127.22298902074661,
  "summary_csf_mean": 445.731330887938,
  "summary_csf_median": 431.98442850261927,
  "summary_csf_n": 400095.2831545645,
  "summary_csf_p05": 156.777568962425,
  "summary_csf_p95": 750.1498875953257,
  "summary_csf_stdv": 170.0548800881515,
  "summary_gm_k": -0.04894736202240235,
  "summary_gm_mad": 80.08726669101036,
  "summary_gm_mean": 785.8430167793828,
  "summary_gm_median": 793.721420019865,
  "summary_gm_n": 531510.6544984113,
  "summary_gm_p05": 530.6666208989918,
  "summary_gm_p95": 1017.3086720332503,
  "summary_gm_stdv": 143.18900948859957,
  "summary_wm_k": -0.47379901858505624,
  "summary_wm_mad": 65.34994529202325,
  "summary_wm_mean": 961.6002308582588,
  "summary_wm_median": 971.9782887585461,
  "summary_wm_n": 567501.0642017319,
  "summary_wm_p05": 829.7245639376342,
  "summary_wm_p95": 1065.3039808385074,
  "summary_wm_stdv": 72.5096016453479,
  "tpm_overlap_csf": 0.20595997605101704,
  "tpm_overlap_gm": 0.5009266426130035,
  "tpm_overlap_wm": 0.537325752252426,
  "wm2max": 0.6887702045106294
}