{
  "bids_meta": {
    "InstitutionName": "HH",
    "dataset": "<unset>",
    "modality": "T1w",
    "subject_id": "0722"
  },
  "cjv": 0.668769159922925,
  "cnr": 1.5524825271762444,
  "efc": 0.5908378471396237,
  "fber": -1.0,
  "fwhm_avg": 5.004515896615664,
  "fwhm_x": 4.258721023180324,
  "fwhm_y": 5.757301333333333,
  "fwhm_z": 4.997525333333333,
  "icvs_csf": 0.25079086183111393,
  "icvs_gm": 0.38783970204328055,
  "icvs_wm": 0.3613694361256055,
  "inu_med": 0.3654939979314804,
  "inu_range": 0.16263582557439804,
  "provenance": {
    "md5sum": "a696210b3aead1e6648762653fe5209e",
    "settings": {
      "testing": false
    },
    "software": "mriqc",
    "version": "23.1.0",
    "warnings": {
      "large_rot_frame": true,
      "small_air_mask": false
    }
  },
  "qi_1": 0.0,
  "qi_2": 0.0023213495967573483,
  "rpve_csf": 8.136951921595239,
  "rpve_gm": 8.030282498165478,
  "rpve_wm": 8.095377127287948,
  "size_x": 150,
  "size_y": 256,
  "size_z": 256,
  "snr_csf": 2.282036725724063,
  "snr_gm": 8.871886292274743,
  "snr_total": 8.797822304769895,
  "snr_wm": 15.239543896310877,
  "snrd_csf": 93.95854200637893,
  "snrd_gm": 149.23347494499606,
  "snrd_total": 141.47434835862592,
  "snrd_wm": 181.23102812450276,
  "spacing_x": 1.2000011205673218,
  "spacing_y": 0.9375,
  "spacing_z": 0.9375,
  "summary_bg_k": 57.38434899665736,
  "summary_bg_mad": 0.0,
  "summary_bg_mean": 0.8803458657871309,
  "summary_bg_median": 0.0,
  "summary_bg_n": 3272789.0,
  "summary_bg_p05": 0.0,
  "summary_bg_p95": 5.229124188423157,
  "summary_bg_stdv": 3.4585531678439043,
  "summary_csf_k": -0.597875630396377,
  "summary_csf_mad": 165.92186215059067,
  "summary_csf_mean": 491.4520706442171,
  "summary_csf_median": 496.0197801589966,
  "summary_csf_n": 300027.6286981397,
  "summary_csf_p05": 111.16557761281729,
  "summary_csf_p95": 826.1549331620336,
  "summary_csf_stdv": 217.35800653139,
  "summary_gm_k": -0.4904693838767047,
  "summary_gm_mad": 62.40240247340738,
  "summary_gm_mean": 792.7094425210421,
  "summary_gm_median": 787.8235853165388,
  "summary_gm_n": 463982.7195832946,
  "summary_gm_p05": 648.551465190947,
  "summary_gm_p95": 957.0697923079133,
  "summary_gm_stdv": 88.79991361280595,
  "summary_wm_k": -0.4531494207774318,
  "summary_wm_mad": 50.56567388444158,
  "summary_wm_mean": 944.598908706689,
  "summary_wm_median": 956.7429720461369,
  "summary_wm_n": 432315.6522256436,
  "summary_wm_p05": 822.8166976310313,
  "summary_wm_p95": 1027.1727384589612,
  "summary_wm_stdv": 62.78021652237346,
  "tpm_overlap_csf": 0.2040080136987501,
  "tpm_overlap_gm": 0.5411484033212779,
  "tpm_overlap_wm": 0.557260869496018,
  "wm2max": 0.81084502450455
}