{
  "bids_meta": {
    "InstitutionName": "HH",
    "dataset": "<unset>",
    "modality": "T1w",
    "subject_id": "0491"
  },
  "cjv": 0.581429625141589,
  "cnr": 1.7585964064514112,
  "efc": 0.5782063264568029,
  "fber": -1.0,
  "fwhm_avg": 5.053974196717468,
  "fwhm_x": 4.315628928036228,
  "fwhm_y": 5.674986666666666,
  "fwhm_z": 5.171306995449511,
  "icvs_csf": 0.2649562461834958,
  "icvs_gm": 0.3843112114684222,
  "icvs_wm": 0.350732542348082,
  "inu_med": 0.3474697470664978,
  "inu_range": 0.13991516828536982,
  "provenance": {
    "md5sum": "fafc56038ecd2d862e7aec3c29795c32",
    "settings": {
      "testing": false
    },
    "software": "mriqc",
    "version": "23.1.0",
    "warnings": {
      "large_rot_frame": true,
      "small_air_mask": false
    }
  },
  "qi_1": 0.0,
  "qi_2": 0.0015778693737101928,
  "rpve_csf": 6.646901380483184,
  "rpve_gm": 6.563035883461443,
  "rpve_wm": 6.629986031597328,
  "size_x": 150,
  "size_y": 256,
  "size_z": 256,
  "snr_csf": 2.2274793504894794,
  "snr_gm": 8.434022958821233,
  "snr_total": 9.116247233051753,
  "snr_wm": 16.687239389844553,
  "snrd_csf": 107.4285866884295,
  "snrd_gm": 178.71461242866158,
  "snrd_total": 169.63863068015203,
  "snrd_wm": 222.77269292336504,
  "spacing_x": 1.1999965906143188,
  "spacing_y": 0.9375,
  "spacing_z": 0.9374999403953552,
  "summary_bg_k": 29.887464684860113,
  "summary_bg_mad": 0.0,
  "summary_bg_mean": 0.9213762575909011,
  "summary_bg_median": 0.0,
  "summary_bg_n": 2811986.0,
  "summary_bg_p05": 0.0,
  "summary_bg_p95": 6.186169991269708,
  "summary_bg_stdv": 2.8616421749040897,
  "summary_csf_k": -0.49311291819084335,
  "summary_csf_mad": 164.87254438943845,
  "summary_csf_mean": 467.9514490490157,
  "summary_csf_median": 469.2491127923131,
  "summary_csf_n": 387359.93811758887,
  "summary_csf_p05": 92.3876369241625,
  "summary_csf_p95": 802.4699712675065,
  "summary_csf_stdv": 210.66346001687947,
  "summary_gm_k": -0.49140121822019234,
  "summary_gm_mad": 67.03627272636214,
  "summary_gm_mean": 783.9671551056862,
  "summary_gm_median": 780.6271674074233,
  "summary_gm_n": 561854.1522859806,
  "summary_gm_p05": 630.9218536186963,
  "summary_gm_p95": 957.3491726852953,
  "summary_gm_stdv": 92.55683515803217,
  "summary_wm_k": -0.34608041988180016,
  "summary_wm_mad": 44.85760538157069,
  "summary_wm_mean": 960.0329397051075,
  "summary_wm_median": 973.0732920449227,
  "summary_wm_n": 512762.91031722963,
  "summary_wm_p05": 843.3436835370958,
  "summary_wm_p95": 1033.8327289409935,
  "summary_wm_stdv": 58.31236194667457,
  "tpm_overlap_csf": 0.18816116912931233,
  "tpm_overlap_gm": 0.5312177402350957,
  "tpm_overlap_wm": 0.5516276619955942,
  "wm2max": 0.7628589198355422
}