{
  "bids_meta": {
    "InstitutionName": "HH",
    "dataset": "<unset>",
    "modality": "T1w",
    "subject_id": "0205"
  },
  "cjv": 0.847478889677237,
  "cnr": 1.005081961241964,
  "efc": 0.6600240242577742,
  "fber": -1.0,
  "fwhm_avg": 5.120031186568522,
  "fwhm_x": 4.262482893038901,
  "fwhm_y": 5.980725333333334,
  "fwhm_z": 5.116885333333333,
  "icvs_csf": 0.2607368418724128,
  "icvs_gm": 0.35377470808243094,
  "icvs_wm": 0.3854884500451563,
  "inu_med": 0.6227385401725769,
  "inu_range": 0.32647141516208644,
  "provenance": {
    "md5sum": "12ceb49647567f97c53b1254d257bd7d",
    "settings": {
      "testing": false
    },
    "software": "mriqc",
    "version": "23.1.0",
    "warnings": {
      "large_rot_frame": true,
      "small_air_mask": false
    }
  },
  "qi_1": 0.0,
  "qi_2": 0.0010148290394229851,
  "rpve_csf": 6.089406589124834,
  "rpve_gm": 5.946044987908224,
  "rpve_wm": 6.06067534171987,
  "size_x": 150,
  "size_y": 256,
  "size_z": 256,
  "snr_csf": 2.241870892333844,
  "snr_gm": 3.5329521083055284,
  "snr_total": 5.511874473577596,
  "snr_wm": 10.760800420093416,
  "snrd_csf": 26.17576437831755,
  "snrd_gm": 46.300179150617886,
  "snrd_total": 44.37656377745959,
  "snrd_wm": 60.653747803443345,
  "spacing_x": 1.2000048160552979,
  "spacing_y": 0.9375,
  "spacing_z": 0.9375,
  "summary_bg_k": 29.315103093751837,
  "summary_bg_mad": 0.0,
  "summary_bg_mean": 3.45858946574484,
  "summary_bg_median": 0.0,
  "summary_bg_n": 2473167.0,
  "summary_bg_p05": 0.0,
  "summary_bg_p95": 24.257207131013274,
  "summary_bg_stdv": 10.266668318814052,
  "summary_csf_k": -0.09466029834154055,
  "summary_csf_mad": 123.03192384073019,
  "summary_csf_mean": 419.47157727034164,
  "summary_csf_median": 410.2014341801405,
  "summary_csf_n": 412460.3925773082,
  "summary_csf_p05": 99.17311202734709,
  "summary_csf_p95": 733.0233156010509,
  "summary_csf_stdv": 182.97259593357043,
  "summary_gm_k": 1.2552396958651748,
  "summary_gm_mad": 106.69919751691232,
  "summary_gm_mean": 710.4086813468022,
  "summary_gm_median": 725.5719304271042,
  "summary_gm_n": 559637.2723230445,
  "summary_gm_p05": 344.80078732967377,
  "summary_gm_p95": 1022.8232310712337,
  "summary_gm_stdv": 205.37252131697898,
  "summary_wm_k": -0.6623132003954608,
  "summary_wm_mad": 83.92875424793998,
  "summary_wm_mean": 938.7346293141552,
  "summary_wm_median": 950.5072699226439,
  "summary_wm_n": 609805.3359005038,
  "summary_wm_p05": 779.5810711663216,
  "summary_wm_p95": 1063.5110105462372,
  "summary_wm_stdv": 88.33046367019648,
  "tpm_overlap_csf": 0.19750204155089518,
  "tpm_overlap_gm": 0.479359546613013,
  "tpm_overlap_wm": 0.46903002902505286,
  "wm2max": 0.6848087559737928
}