{
  "bids_meta": {
    "InstitutionName": "HH",
    "dataset": "<unset>",
    "modality": "T1w",
    "subject_id": "0448"
  },
  "cjv": 0.6393550396462807,
  "cnr": 1.4540896670002705,
  "efc": 0.5954666742042,
  "fber": -1.0,
  "fwhm_avg": 5.155511316531328,
  "fwhm_x": 4.454437949593983,
  "fwhm_y": 5.858165333333333,
  "fwhm_z": 5.153930666666667,
  "icvs_csf": 0.2715267742315503,
  "icvs_gm": 0.37484043963911373,
  "icvs_wm": 0.353632786129336,
  "inu_med": 0.43187451362609863,
  "inu_range": 0.2132329940795899,
  "provenance": {
    "md5sum": "a68292abd7a2e7a0d7563be734b4d3ac",
    "settings": {
      "testing": false
    },
    "software": "mriqc",
    "version": "23.1.0",
    "warnings": {
      "large_rot_frame": true,
      "small_air_mask": false
    }
  },
  "qi_1": 0.0,
  "qi_2": 0.003183674320749605,
  "rpve_csf": 6.364844817126415,
  "rpve_gm": 6.246700910644385,
  "rpve_wm": 6.30634675070293,
  "size_x": 150,
  "size_y": 256,
  "size_z": 256,
  "snr_csf": 2.0143393900082835,
  "snr_gm": 7.561911994652092,
  "snr_total": 7.629580454797549,
  "snr_wm": 13.312489979732273,
  "snrd_csf": 89.0021968849396,
  "snrd_gm": 164.71776724104362,
  "snrd_total": 152.37979150629678,
  "snrd_wm": 203.41941039290714,
  "spacing_x": 1.2000010013580322,
  "spacing_y": 0.9375,
  "spacing_z": 0.9375,
  "summary_bg_k": 31.256023187874682,
  "summary_bg_mad": 0.0,
  "summary_bg_mean": 0.9536974708681587,
  "summary_bg_median": 0.0,
  "summary_bg_n": 2714815.0,
  "summary_bg_p05": 0.0,
  "summary_bg_p95": 7.4127833023667336,
  "summary_bg_stdv": 3.0787120654959814,
  "summary_csf_k": -0.6242339447942684,
  "summary_csf_mad": 165.12212566947446,
  "summary_csf_mean": 418.60339444623276,
  "summary_csf_median": 418.2520424835384,
  "summary_csf_n": 414970.83923649346,
  "summary_csf_p05": 56.55487120896578,
  "summary_csf_p95": 770.488843459636,
  "summary_csf_stdv": 207.63707476721692,
  "summary_gm_k": -0.19728992003507395,
  "summary_gm_mad": 61.752677670664525,
  "summary_gm_mean": 775.5299333563429,
  "summary_gm_median": 774.0656409971416,
  "summary_gm_n": 572863.7710112978,
  "summary_gm_p05": 599.424613405019,
  "summary_gm_p95": 964.7504198625684,
  "summary_gm_stdv": 102.36365696052869,
  "summary_wm_k": -0.5525716686258129,
  "summary_wm_mad": 54.52834450197446,
  "summary_wm_mean": 936.913438247304,
  "summary_wm_median": 955.938020132482,
  "summary_wm_n": 540452.3898497319,
  "summary_wm_p05": 795.2672379948199,
  "summary_wm_p95": 1025.8929226957262,
  "summary_wm_stdv": 71.80753842448371,
  "tpm_overlap_csf": 0.18325886550848677,
  "tpm_overlap_gm": 0.5381615699429606,
  "tpm_overlap_wm": 0.5662624818345169,
  "wm2max": 0.7242017059032438
}