{
  "bids_meta": {
    "InstitutionName": "HH",
    "dataset": "<unset>",
    "modality": "T1w",
    "subject_id": "0169"
  },
  "cjv": 0.7016168956953704,
  "cnr": 1.385026154869191,
  "efc": 0.5933761826990493,
  "fber": -1.0,
  "fwhm_avg": 4.87767800751613,
  "fwhm_x": 4.200340689215055,
  "fwhm_y": 5.7325013333333334,
  "fwhm_z": 4.700192,
  "icvs_csf": 0.26934988551055417,
  "icvs_gm": 0.36326746187422093,
  "icvs_wm": 0.36738265261522496,
  "inu_med": 0.37413913011550903,
  "inu_range": 0.18771000504493712,
  "provenance": {
    "md5sum": "baea34341e6730d04777c6b83d1d1178",
    "settings": {
      "testing": false
    },
    "software": "mriqc",
    "version": "23.1.0",
    "warnings": {
      "large_rot_frame": true,
      "small_air_mask": false
    }
  },
  "qi_1": 0.0,
  "qi_2": 0.00045461236680768423,
  "rpve_csf": 7.247319309946125,
  "rpve_gm": 7.14277031660677,
  "rpve_wm": 7.223654462270707,
  "size_x": 150,
  "size_y": 256,
  "size_z": 256,
  "snr_csf": 2.401539648194951,
  "snr_gm": 6.5475348237114215,
  "snr_total": 8.509396774228861,
  "snr_wm": 16.579115850780212,
  "snrd_csf": 59.15041589152055,
  "snrd_gm": 100.45880141936046,
  "snrd_total": 94.57690618882985,
  "snrd_wm": 124.12150125560855,
  "spacing_x": 1.199995517730713,
  "spacing_y": 0.9375,
  "spacing_z": 0.9375,
  "summary_bg_k": 1846.5180671379194,
  "summary_bg_mad": 0.0,
  "summary_bg_mean": 1.201567003834116,
  "summary_bg_median": 0.0,
  "summary_bg_n": 2558096.0,
  "summary_bg_p05": 0.0,
  "summary_bg_p95": 8.562918612733483,
  "summary_bg_stdv": 5.134604766275187,
  "summary_csf_k": 0.09250277737511148,
  "summary_csf_mad": 143.03486402190308,
  "summary_csf_mean": 475.31982896298564,
  "summary_csf_median": 463.5889676772058,
  "summary_csf_n": 360847.2339740215,
  "summary_csf_p05": 145.91709717176855,
  "summary_csf_p95": 802.3827040940523,
  "summary_csf_stdv": 193.03796448390497,
  "summary_gm_k": -0.5270624576715526,
  "summary_gm_mad": 80.40421350343664,
  "summary_gm_mean": 784.1830241663607,
  "summary_gm_median": 787.3417514003813,
  "summary_gm_n": 486668.329416979,
  "summary_gm_p05": 576.7932337429374,
  "summary_gm_p95": 990.5187130346894,
  "summary_gm_stdv": 120.24998166312506,
  "summary_wm_k": -0.534125495653639,
  "summary_wm_mad": 49.71445878404709,
  "summary_wm_mean": 960.2346442647553,
  "summary_wm_median": 972.7971945144236,
  "summary_wm_n": 492181.43811332044,
  "summary_wm_p05": 846.6865003947169,
  "summary_wm_p95": 1037.1804144605994,
  "summary_wm_stdv": 58.67600027763547,
  "tpm_overlap_csf": 0.19395231903846136,
  "tpm_overlap_gm": 0.4994641003111188,
  "tpm_overlap_wm": 0.5354897678942041,
  "wm2max": 0.7812892370769621
}