{
  "bids_meta": {
    "InstitutionName": "HH",
    "dataset": "<unset>",
    "modality": "T1w",
    "subject_id": "1223"
  },
  "cjv": 0.7036907028980166,
  "cnr": 1.3939121559733156,
  "efc": 0.5843173901359863,
  "fber": -1.0,
  "fwhm_avg": 5.203716743219037,
  "fwhm_x": 4.450883224092719,
  "fwhm_y": 5.829866666666666,
  "fwhm_z": 5.330400338897727,
  "icvs_csf": 0.27349019838114197,
  "icvs_gm": 0.36422415859409524,
  "icvs_wm": 0.36228564302476285,
  "inu_med": 0.37523236870765686,
  "inu_range": 0.15850672870874405,
  "provenance": {
    "md5sum": "5b34f233eb4ef24a6b7acd73ea089825",
    "settings": {
      "testing": false
    },
    "software": "mriqc",
    "version": "23.1.0",
    "warnings": {
      "large_rot_frame": true,
      "small_air_mask": false
    }
  },
  "qi_1": 0.0,
  "qi_2": 0.0028887932786334273,
  "rpve_csf": 7.122461127979487,
  "rpve_gm": 7.0118617057783625,
  "rpve_wm": 7.0728181681159725,
  "size_x": 150,
  "size_y": 256,
  "size_z": 256,
  "snr_csf": 2.220246380462417,
  "snr_gm": 6.892497843010166,
  "snr_total": 8.325647814850766,
  "snr_wm": 15.86419922107972,
  "snrd_csf": 46.21668780941983,
  "snrd_gm": 88.67728553546225,
  "snrd_total": 81.30794865710162,
  "snrd_wm": 109.02987262642276,
  "spacing_x": 1.1999977827072144,
  "spacing_y": 0.9375,
  "spacing_z": 0.9374999403953552,
  "summary_bg_k": 18.240435020847826,
  "summary_bg_mad": 0.0,
  "summary_bg_mean": 2.3603276087653096,
  "summary_bg_median": 0.0,
  "summary_bg_n": 2644259.0,
  "summary_bg_p05": 0.0,
  "summary_bg_p95": 14.57056931219995,
  "summary_bg_stdv": 5.823197495678144,
  "summary_csf_k": -0.38751031982797457,
  "summary_csf_mad": 154.38031867861383,
  "summary_csf_mean": 422.75468291024407,
  "summary_csf_median": 410.79827149026096,
  "summary_csf_n": 374051.45072069974,
  "summary_csf_p05": 105.5505808442831,
  "summary_csf_p95": 751.6348645035177,
  "summary_csf_stdv": 185.023484773941,
  "summary_gm_k": -0.5186258657090104,
  "summary_gm_mad": 76.20359494052335,
  "summary_gm_mean": 786.9800326692331,
  "summary_gm_median": 788.2104353439063,
  "summary_gm_n": 498147.92528609186,
  "summary_gm_p05": 591.3586020693183,
  "summary_gm_p95": 986.6684731096029,
  "summary_gm_stdv": 114.35761927759042,
  "summary_wm_k": -0.5491667562375779,
  "summary_wm_mad": 51.09723196458307,
  "summary_wm_mean": 956.6951067617938,
  "summary_wm_median": 969.1149525996298,
  "summary_wm_n": 495496.62529345765,
  "summary_wm_p05": 838.8747141491622,
  "summary_wm_p95": 1038.0899626035243,
  "summary_wm_stdv": 61.08811173958011,
  "tpm_overlap_csf": 0.1774675804878789,
  "tpm_overlap_gm": 0.5081810202083507,
  "tpm_overlap_wm": 0.5480678722305922,
  "wm2max": 0.7469034432814653
}