{
  "bids_meta": {
    "InstitutionName": "HH",
    "dataset": "<unset>",
    "modality": "T1w",
    "subject_id": "0166"
  },
  "cjv": 0.8744570725770305,
  "cnr": 1.0515790823250026,
  "efc": 0.6220583559944689,
  "fber": -1.0,
  "fwhm_avg": 4.8840079906637195,
  "fwhm_x": 4.293837001701019,
  "fwhm_y": 5.582602666666667,
  "fwhm_z": 4.775584303623472,
  "icvs_csf": 0.26498643268003685,
  "icvs_gm": 0.3462971659085872,
  "icvs_wm": 0.3887164014113758,
  "inu_med": 0.43306663632392883,
  "inu_range": 0.19162549078464514,
  "provenance": {
    "md5sum": "29330e1d88a3cba56006b9255a26358a",
    "settings": {
      "testing": false
    },
    "software": "mriqc",
    "version": "23.1.0",
    "warnings": {
      "large_rot_frame": true,
      "small_air_mask": false
    }
  },
  "qi_1": 0.0,
  "qi_2": 0.0010569250528103763,
  "rpve_csf": 7.88863445781387,
  "rpve_gm": 7.755808522730559,
  "rpve_wm": 7.830837682451471,
  "size_x": 150,
  "size_y": 256,
  "size_z": 256,
  "snr_csf": 2.280523890560309,
  "snr_gm": 5.1223598798960746,
  "snr_total": 7.11194013049989,
  "snr_wm": 13.932936621043288,
  "snrd_csf": 64.40331072443865,
  "snrd_gm": 129.6595635678766,
  "snrd_total": 117.64145802642133,
  "snrd_wm": 158.8614997869487,
  "spacing_x": 1.1999989748001099,
  "spacing_y": 0.9375,
  "spacing_z": 0.9374999403953552,
  "summary_bg_k": 33.175095121656376,
  "summary_bg_mad": 0.0,
  "summary_bg_mean": 1.2807449380137974,
  "summary_bg_median": 0.0,
  "summary_bg_n": 2732423.0,
  "summary_bg_p05": 0.0,
  "summary_bg_p95": 9.147640336304903,
  "summary_bg_stdv": 3.9847284537056775,
  "summary_csf_k": 0.18150818701295357,
  "summary_csf_mad": 123.99297168711732,
  "summary_csf_mean": 412.95128843744055,
  "summary_csf_median": 391.719502620399,
  "summary_csf_n": 326946.3558414273,
  "summary_csf_p05": 107.86696988344193,
  "summary_csf_p95": 721.9618497751653,
  "summary_csf_stdv": 171.76706860367028,
  "summary_gm_k": -0.08179362179078042,
  "summary_gm_mad": 87.83919240885386,
  "summary_gm_mean": 774.7088537596192,
  "summary_gm_median": 788.6268451027572,
  "summary_gm_n": 427269.4088030432,
  "summary_gm_p05": 496.9298975020647,
  "summary_gm_p95": 1015.3128912448883,
  "summary_gm_stdv": 153.95753924455775,
  "summary_wm_k": -0.7120195686155726,
  "summary_wm_mad": 67.47714611441566,
  "summary_wm_mean": 957.6029018993346,
  "summary_wm_median": 966.2414397969842,
  "summary_wm_n": 479607.2372908971,
  "summary_wm_p05": 834.2647986710072,
  "summary_wm_p95": 1058.8205724060535,
  "summary_wm_stdv": 69.34937398705816,
  "tpm_overlap_csf": 0.19305396221874763,
  "tpm_overlap_gm": 0.4895403405361462,
  "tpm_overlap_wm": 0.5322943030348886,
  "wm2max": 0.70534211489206
}