{
  "bids_meta": {
    "InstitutionName": "HH",
    "dataset": "<unset>",
    "modality": "T1w",
    "subject_id": "0928"
  },
  "cjv": 0.7792530859090379,
  "cnr": 1.2079690832252021,
  "efc": 0.6058573112399295,
  "fber": -1.0,
  "fwhm_avg": 4.985966294804044,
  "fwhm_x": 4.391733551078796,
  "fwhm_y": 5.691872,
  "fwhm_z": 4.874293333333333,
  "icvs_csf": 0.267456238736546,
  "icvs_gm": 0.3613299199042747,
  "icvs_wm": 0.3712138413591793,
  "inu_med": 0.430963397026062,
  "inu_range": 0.19038276374340057,
  "provenance": {
    "md5sum": "99d056cc160529c5e5bcbb37172a6cfb",
    "settings": {
      "testing": false
    },
    "software": "mriqc",
    "version": "23.1.0",
    "warnings": {
      "large_rot_frame": true,
      "small_air_mask": false
    }
  },
  "qi_1": 0.0,
  "qi_2": 0.002186958455578495,
  "rpve_csf": 7.7890924161900195,
  "rpve_gm": 7.652588743555904,
  "rpve_wm": 7.714797286293671,
  "size_x": 150,
  "size_y": 256,
  "size_z": 256,
  "snr_csf": 2.314934448964403,
  "snr_gm": 6.569368023538558,
  "snr_total": 7.568168764549449,
  "snr_wm": 13.820203821145384,
  "snrd_csf": 81.70249346955109,
  "snrd_gm": 154.78355222285012,
  "snrd_total": 141.37598699338704,
  "snrd_wm": 187.64191528775993,
  "spacing_x": 1.1999976634979248,
  "spacing_y": 0.9375,
  "spacing_z": 0.9375,
  "summary_bg_k": 46.10644540960834,
  "summary_bg_mad": 0.0,
  "summary_bg_mean": 0.9355664895513794,
  "summary_bg_median": 0.0,
  "summary_bg_n": 2759169.0,
  "summary_bg_p05": 0.0,
  "summary_bg_p95": 7.440405894070864,
  "summary_bg_stdv": 3.3959466148558097,
  "summary_csf_k": -0.11898480135157685,
  "summary_csf_mad": 145.75889274207353,
  "summary_csf_mean": 438.44603204108313,
  "summary_csf_median": 423.5107469577342,
  "summary_csf_n": 334649.5373604612,
  "summary_csf_p05": 122.97995729371905,
  "summary_csf_p95": 766.4328937698156,
  "summary_csf_stdv": 182.94691427619216,
  "summary_gm_k": -0.2687492586847897,
  "summary_gm_mad": 71.35124395255515,
  "summary_gm_mean": 801.1485182391203,
  "summary_gm_median": 802.3316674306989,
  "summary_gm_n": 452107.1974304083,
  "summary_gm_p05": 590.6355328522623,
  "summary_gm_p95": 1008.6252142898738,
  "summary_gm_stdv": 122.13211030814595,
  "summary_wm_k": -0.6003862182527708,
  "summary_wm_mad": 61.37401436982464,
  "summary_wm_mean": 958.9369296113119,
  "summary_wm_median": 972.6553539484739,
  "summary_wm_n": 464474.2663678022,
  "summary_wm_p05": 827.6148301344365,
  "summary_wm_p95": 1054.1443853806704,
  "summary_wm_stdv": 70.37915789707378,
  "tpm_overlap_csf": 0.1945229345640768,
  "tpm_overlap_gm": 0.5182665264930112,
  "tpm_overlap_wm": 0.5463345516423457,
  "wm2max": 0.8033411067792977
}