{
  "bids_meta": {
    "InstitutionName": "HH",
    "dataset": "<unset>",
    "modality": "T1w",
    "subject_id": "0543"
  },
  "cjv": 0.7750811756498709,
  "cnr": 1.1327906623019044,
  "efc": 0.5557931143071265,
  "fber": -1.0,
  "fwhm_avg": 4.895314089274677,
  "fwhm_x": 4.237451601157366,
  "fwhm_y": 5.461792,
  "fwhm_z": 4.986698666666666,
  "icvs_csf": 0.27551370224402943,
  "icvs_gm": 0.35130467359122547,
  "icvs_wm": 0.37318162416474515,
  "inu_med": 0.4060988426208496,
  "inu_range": 0.16459606736898424,
  "provenance": {
    "md5sum": "c4e818c093207db430e5cd106acf66b6",
    "settings": {
      "testing": false
    },
    "software": "mriqc",
    "version": "23.1.0",
    "warnings": {
      "large_rot_frame": true,
      "small_air_mask": false
    }
  },
  "qi_1": 0.0,
  "qi_2": 0.0015651095865617617,
  "rpve_csf": 7.720329966888682,
  "rpve_gm": 7.585708343747372,
  "rpve_wm": 7.648925239520364,
  "size_x": 150,
  "size_y": 256,
  "size_z": 256,
  "snr_csf": 2.4142289743227563,
  "snr_gm": 5.365069391804226,
  "snr_total": 6.840044796034181,
  "snr_wm": 12.740836021975559,
  "snrd_csf": 80.29017902406221,
  "snrd_gm": 169.4724647217939,
  "snrd_total": 153.198701149159,
  "snrd_wm": 209.8334597016209,
  "spacing_x": 1.1999971866607666,
  "spacing_y": 0.9375,
  "spacing_z": 0.9375,
  "summary_bg_k": 39.943729055432215,
  "summary_bg_mad": 0.0,
  "summary_bg_mean": 1.003924612794973,
  "summary_bg_median": 0.0,
  "summary_bg_n": 3467399.0,
  "summary_bg_p05": 0.0,
  "summary_bg_p95": 5.160285338759422,
  "summary_bg_stdv": 2.99130686662326,
  "summary_csf_k": 0.3644740368684318,
  "summary_csf_mad": 109.74352898229239,
  "summary_csf_mean": 387.70178326839823,
  "summary_csf_median": 366.59932776913047,
  "summary_csf_n": 347899.4177569564,
  "summary_csf_p05": 119.14904119446874,
  "summary_csf_p95": 664.3867373652756,
  "summary_csf_stdv": 151.84922589877218,
  "summary_gm_k": -0.09326236267303445,
  "summary_gm_mad": 75.09907392704717,
  "summary_gm_mean": 761.6443935617311,
  "summary_gm_median": 773.7993911281228,
  "summary_gm_n": 443602.9511498952,
  "summary_gm_p05": 499.45233427360654,
  "summary_gm_p95": 997.2738236524165,
  "summary_gm_stdv": 144.22898614024305,
  "summary_wm_k": -0.7486092109975804,
  "summary_wm_mad": 67.73712722780756,
  "summary_wm_mean": 941.4524237497197,
  "summary_wm_median": 958.0848642401397,
  "summary_wm_n": 471227.63298907276,
  "summary_wm_p05": 801.6698001511395,
  "summary_wm_p95": 1039.7974957600236,
  "summary_wm_stdv": 75.19787916610574,
  "tpm_overlap_csf": 0.1801859529625702,
  "tpm_overlap_gm": 0.4949682496529567,
  "tpm_overlap_wm": 0.5506951016841611,
  "wm2max": 0.762916523595188
}