{
  "bids_meta": {
    "InstitutionName": "HH",
    "dataset": "<unset>",
    "modality": "T1w",
    "subject_id": "1044"
  },
  "cjv": 0.6399204531862199,
  "cnr": 1.6172124925132076,
  "efc": 0.6034992774171077,
  "fber": -1.0,
  "fwhm_avg": 5.107931606337512,
  "fwhm_x": 4.427144152345871,
  "fwhm_y": 5.841952,
  "fwhm_z": 5.054698666666667,
  "icvs_csf": 0.2553007651623911,
  "icvs_gm": 0.38567240529239605,
  "icvs_wm": 0.3590268295452128,
  "inu_med": 0.3576621115207672,
  "inu_range": 0.16984852999448774,
  "provenance": {
    "md5sum": "88ec1e22aba2a994bba2cf858ec05e5c",
    "settings": {
      "testing": false
    },
    "software": "mriqc",
    "version": "23.1.0",
    "warnings": {
      "large_rot_frame": true,
      "small_air_mask": false
    }
  },
  "qi_1": 0.0,
  "qi_2": 0.002180273081382139,
  "rpve_csf": 7.482188992738148,
  "rpve_gm": 7.386070152723694,
  "rpve_wm": 7.45514649393281,
  "size_x": 150,
  "size_y": 256,
  "size_z": 256,
  "snr_csf": 2.3582900276082377,
  "snr_gm": 8.758286984753516,
  "snr_total": 9.337933900917342,
  "snr_wm": 16.897224690390274,
  "snrd_csf": 124.64635586766516,
  "snrd_gm": 195.6951341338364,
  "snrd_total": 186.2626397261465,
  "snrd_wm": 238.44642917693784,
  "spacing_x": 1.199997067451477,
  "spacing_y": 0.9375,
  "spacing_z": 0.9375,
  "summary_bg_k": 96.47632124024541,
  "summary_bg_mad": 0.0,
  "summary_bg_mean": 0.8025731073411605,
  "summary_bg_median": 0.0,
  "summary_bg_n": 2470199.0,
  "summary_bg_p05": 0.0,
  "summary_bg_p95": 5.13426211103797,
  "summary_bg_stdv": 2.66586156256477,
  "summary_csf_k": -0.337957244820267,
  "summary_csf_mad": 164.5350370712204,
  "summary_csf_mean": 503.7408420374721,
  "summary_csf_median": 507.20724572986364,
  "summary_csf_n": 331707.689015704,
  "summary_csf_p05": 115.65347234159708,
  "summary_csf_p95": 836.8124105483294,
  "summary_csf_stdv": 215.07383538580987,
  "summary_gm_k": -0.5536227918607848,
  "summary_gm_mad": 66.18568389572114,
  "summary_gm_mean": 799.825449775628,
  "summary_gm_median": 796.3168220669031,
  "summary_gm_n": 501097.21447679534,
  "summary_gm_p05": 651.5691977627575,
  "summary_gm_p95": 968.5435956977308,
  "summary_gm_stdv": 90.92143576472787,
  "summary_wm_k": -0.42285344144395687,
  "summary_wm_mad": 45.136349222621924,
  "summary_wm_mean": 958.1997847482653,
  "summary_wm_median": 970.2791209183633,
  "summary_wm_n": 466477.0975023357,
  "summary_wm_p05": 845.4177231006324,
  "summary_wm_p95": 1033.143701132387,
  "summary_wm_stdv": 57.422334063082864,
  "tpm_overlap_csf": 0.19768943179769757,
  "tpm_overlap_gm": 0.5331723045373564,
  "tpm_overlap_wm": 0.5492113469388626,
  "wm2max": 0.811159922618088
}