{
  "bids_meta": {
    "InstitutionName": "HH",
    "dataset": "<unset>",
    "modality": "T1w",
    "subject_id": "0984"
  },
  "cjv": 0.6375936798559032,
  "cnr": 1.6231951058534015,
  "efc": 0.5404280023801378,
  "fber": -1.0,
  "fwhm_avg": 5.149077080412989,
  "fwhm_x": 4.463519241238965,
  "fwhm_y": 5.891061333333334,
  "fwhm_z": 5.092650666666667,
  "icvs_csf": 0.25774525676834376,
  "icvs_gm": 0.3849784237333694,
  "icvs_wm": 0.35727631949828687,
  "inu_med": 0.35629406571388245,
  "inu_range": 0.16759372651576993,
  "provenance": {
    "md5sum": "bf9a5004c40f2a1177985abf5ddd1cd3",
    "settings": {
      "testing": false
    },
    "software": "mriqc",
    "version": "23.1.0",
    "warnings": {
      "large_rot_frame": true,
      "small_air_mask": false
    }
  },
  "qi_1": 0.0,
  "qi_2": 0.0013851977068044775,
  "rpve_csf": 7.433160814717029,
  "rpve_gm": 7.337338110880376,
  "rpve_wm": 7.40498732528971,
  "size_x": 150,
  "size_y": 256,
  "size_z": 256,
  "snr_csf": 2.2880978631130655,
  "snr_gm": 8.702601921240873,
  "snr_total": 9.289308025677704,
  "snr_wm": 16.87722429267917,
  "snrd_csf": 108.81798682814325,
  "snrd_gm": 174.48816938281394,
  "snrd_total": 165.4208771804175,
  "snrd_wm": 212.95647533029538,
  "spacing_x": 1.199997067451477,
  "spacing_y": 0.9375,
  "spacing_z": 0.9375,
  "summary_bg_k": 76.77301884676935,
  "summary_bg_mad": 0.0,
  "summary_bg_mean": 0.9596251430289987,
  "summary_bg_median": 0.0,
  "summary_bg_n": 2471096.0,
  "summary_bg_p05": 0.0,
  "summary_bg_p95": 5.423744952306151,
  "summary_bg_stdv": 2.987151809146503,
  "summary_csf_k": -0.4126973852956599,
  "summary_csf_mad": 169.4331668617952,
  "summary_csf_mean": 493.7745559547681,
  "summary_csf_median": 496.1651439629495,
  "summary_csf_n": 337168.68467690167,
  "summary_csf_p05": 101.30695417523384,
  "summary_csf_p95": 831.8877885658294,
  "summary_csf_stdv": 216.8457985033812,
  "summary_gm_k": -0.5471558933017198,
  "summary_gm_mad": 66.91600505998979,
  "summary_gm_mean": 799.0180721250202,
  "summary_gm_median": 795.5940943695605,
  "summary_gm_n": 503608.3704765558,
  "summary_gm_p05": 649.8458819948137,
  "summary_gm_p95": 968.9388944972306,
  "summary_gm_stdv": 91.42016510414979,
  "summary_wm_k": -0.4178407971037754,
  "summary_wm_mad": 44.91767835683803,
  "summary_wm_mean": 958.5255773568799,
  "summary_wm_median": 970.9937053602189,
  "summary_wm_n": 467369.9458986011,
  "summary_wm_p05": 845.3635249231011,
  "summary_wm_p95": 1033.3787188865244,
  "summary_wm_stdv": 57.532722782852915,
  "tpm_overlap_csf": 0.1907561926968827,
  "tpm_overlap_gm": 0.5315412990421188,
  "tpm_overlap_wm": 0.5471833961909535,
  "wm2max": 0.8142782720205177
}