{
  "bids_meta": {
    "InstitutionName": "HH",
    "dataset": "<unset>",
    "modality": "T1w",
    "subject_id": "0965"
  },
  "cjv": 0.6969347801191547,
  "cnr": 1.3809242552631684,
  "efc": 0.6319751908702889,
  "fber": -1.0,
  "fwhm_avg": 5.107856160337209,
  "fwhm_x": 4.467088481011627,
  "fwhm_y": 6.044298666666666,
  "fwhm_z": 4.812181333333333,
  "icvs_csf": 0.2698337029222636,
  "icvs_gm": 0.36636661392369646,
  "icvs_wm": 0.36379968315404,
  "inu_med": 0.37485314905643463,
  "inu_range": 0.19338206350803372,
  "provenance": {
    "md5sum": "b8c5efe2bd92eba184080d108f4f4d88",
    "settings": {
      "testing": false
    },
    "software": "mriqc",
    "version": "23.1.0",
    "warnings": {
      "large_rot_frame": true,
      "small_air_mask": false
    }
  },
  "qi_1": 0.0,
  "qi_2": 0.0019997781565617707,
  "rpve_csf": 6.807652188954079,
  "rpve_gm": 6.696577017834225,
  "rpve_wm": 6.766361497414899,
  "size_x": 150,
  "size_y": 256,
  "size_z": 256,
  "snr_csf": 2.2945782892041278,
  "snr_gm": 7.207451785489657,
  "snr_total": 8.683142158258407,
  "snr_wm": 16.547396400081436,
  "snrd_csf": 93.20517138530124,
  "snrd_gm": 162.1746068679713,
  "snrd_total": 150.91103734365393,
  "snrd_wm": 197.3533337776893,
  "spacing_x": 1.1999986171722412,
  "spacing_y": 0.9375,
  "spacing_z": 0.9375,
  "summary_bg_k": 46.29681868750099,
  "summary_bg_mad": 0.0,
  "summary_bg_mean": 0.8720826519632411,
  "summary_bg_median": 0.0,
  "summary_bg_n": 2566973.0,
  "summary_bg_p05": 0.0,
  "summary_bg_p95": 7.264356091618538,
  "summary_bg_stdv": 3.2234918197846003,
  "summary_csf_k": -0.15091409698009528,
  "summary_csf_mad": 159.39064215723704,
  "summary_csf_mean": 468.3525288366402,
  "summary_csf_median": 458.6008463613689,
  "summary_csf_n": 385166.56423354906,
  "summary_csf_p05": 116.12738259136677,
  "summary_csf_p95": 805.8831092342734,
  "summary_csf_stdv": 199.86254258166633,
  "summary_gm_k": -0.29346327448455733,
  "summary_gm_mad": 72.31928493786606,
  "summary_gm_mean": 797.4132074110843,
  "summary_gm_median": 797.953706458211,
  "summary_gm_n": 522959.7652429737,
  "summary_gm_p05": 608.3642439544201,
  "summary_gm_p95": 990.3312492929399,
  "summary_gm_stdv": 110.71221387059076,
  "summary_wm_k": -0.4858154833139223,
  "summary_wm_mad": 48.31398479855341,
  "summary_wm_mean": 958.4704505304234,
  "summary_wm_median": 971.0448954440653,
  "summary_wm_n": 519295.67178664665,
  "summary_wm_p05": 844.0721361525357,
  "summary_wm_p95": 1034.9916920252144,
  "summary_wm_stdv": 58.68258286695996,
  "tpm_overlap_csf": 0.18273428128976835,
  "tpm_overlap_gm": 0.4974756003661511,
  "tpm_overlap_wm": 0.5292350396281639,
  "wm2max": 0.7577777790863309
}