{
  "bids_meta": {
    "InstitutionName": "HH",
    "dataset": "<unset>",
    "modality": "T1w",
    "subject_id": "0842"
  },
  "cjv": 0.6633216296124501,
  "cnr": 1.605111407540807,
  "efc": 0.6106673175317209,
  "fber": -1.0,
  "fwhm_avg": 5.135594836277197,
  "fwhm_x": 4.4787628090519735,
  "fwhm_y": 5.763701699779619,
  "fwhm_z": 5.16432,
  "icvs_csf": 0.2513627158221868,
  "icvs_gm": 0.38374961417208764,
  "icvs_wm": 0.36488767000572564,
  "inu_med": 0.32888689637184143,
  "inu_range": 0.16021614968776693,
  "provenance": {
    "md5sum": "0ab7721e38874a595534e839ff2aa87d",
    "settings": {
      "testing": false
    },
    "software": "mriqc",
    "version": "23.1.0",
    "warnings": {
      "large_rot_frame": true,
      "small_air_mask": false
    }
  },
  "qi_1": 0.0,
  "qi_2": 0.001846601980392285,
  "rpve_csf": 5.868648862295858,
  "rpve_gm": 5.78064452258739,
  "rpve_wm": 5.851532349154098,
  "size_x": 150,
  "size_y": 256,
  "size_z": 256,
  "snr_csf": 2.489030139123781,
  "snr_gm": 8.76988378807153,
  "snr_total": 10.001845420260496,
  "snr_wm": 18.746622333586178,
  "snrd_csf": 41.25819655895182,
  "snrd_gm": 62.87817345080164,
  "snrd_total": 60.09436095737605,
  "snrd_wm": 76.14671286237468,
  "spacing_x": 1.2000032663345337,
  "spacing_y": 0.9374999403953552,
  "spacing_z": 0.9375,
  "summary_bg_k": 2986.6124817280192,
  "summary_bg_mad": 0.0,
  "summary_bg_mean": 1.4524203799399018,
  "summary_bg_median": 0.0,
  "summary_bg_n": 2684042.0,
  "summary_bg_p05": 0.0,
  "summary_bg_p95": 9.422395620495081,
  "summary_bg_stdv": 8.376425163420452,
  "summary_csf_k": -0.18585428496969847,
  "summary_csf_mad": 153.93560589667044,
  "summary_csf_mean": 521.6734986205504,
  "summary_csf_median": 527.5179273411632,
  "summary_csf_n": 414988.5328198329,
  "summary_csf_p05": 137.70320346578956,
  "summary_csf_p95": 849.6503347232938,
  "summary_csf_stdv": 211.93688395639646,
  "summary_gm_k": -0.6690115468290996,
  "summary_gm_mad": 68.737482449377,
  "summary_gm_mean": 806.0887921038875,
  "summary_gm_median": 803.9460398219526,
  "summary_gm_n": 633553.3447534271,
  "summary_gm_p05": 655.5262803733349,
  "summary_gm_p95": 972.0960686542094,
  "summary_gm_stdv": 91.67115833865034,
  "summary_wm_k": -0.36966963746970505,
  "summary_wm_mad": 43.794057133515906,
  "summary_wm_mean": 965.710757720234,
  "summary_wm_median": 973.5945701263845,
  "summary_wm_n": 602413.1236982674,
  "summary_wm_p05": 866.4971240013838,
  "summary_wm_p95": 1038.2344745397568,
  "summary_wm_stdv": 51.934356212156395,
  "tpm_overlap_csf": 0.21346265407795983,
  "tpm_overlap_gm": 0.5236998229011623,
  "tpm_overlap_wm": 0.5497549679593833,
  "wm2max": 0.8244760622957124
}