{
  "bids_meta": {
    "InstitutionName": "HH",
    "dataset": "<unset>",
    "modality": "T1w",
    "subject_id": "0362"
  },
  "cjv": 0.6272998216626432,
  "cnr": 1.7249088689393983,
  "efc": 0.5966519839795872,
  "fber": -1.0,
  "fwhm_avg": 5.097846485523089,
  "fwhm_x": 4.405688463304815,
  "fwhm_y": 5.750912,
  "fwhm_z": 5.136938993264452,
  "icvs_csf": 0.26570778894846636,
  "icvs_gm": 0.37876330548202125,
  "icvs_wm": 0.35552890556951244,
  "inu_med": 0.36112000048160553,
  "inu_range": 0.16224065572023388,
  "provenance": {
    "md5sum": "29486ccc8c3e43156ddf2e2a2c7121e5",
    "settings": {
      "testing": false
    },
    "software": "mriqc",
    "version": "23.1.0",
    "warnings": {
      "large_rot_frame": true,
      "small_air_mask": false
    }
  },
  "qi_1": 0.0,
  "qi_2": 0.0009169499573178364,
  "rpve_csf": 7.962779361901364,
  "rpve_gm": 7.886212783062001,
  "rpve_wm": 7.958068367892369,
  "size_x": 150,
  "size_y": 256,
  "size_z": 256,
  "snr_csf": 2.23541090528205,
  "snr_gm": 7.802409391052758,
  "snr_total": 9.613545688468282,
  "snr_wm": 18.802816769070034,
  "snrd_csf": 97.5199288350947,
  "snrd_gm": 164.6698812563556,
  "snrd_total": 155.95968686275074,
  "snrd_wm": 205.68925049680195,
  "spacing_x": 1.2000054121017456,
  "spacing_y": 0.9375,
  "spacing_z": 0.9374999403953552,
  "summary_bg_k": 66.15177586783366,
  "summary_bg_mad": 0.0,
  "summary_bg_mean": 0.8857660032153517,
  "summary_bg_median": 0.0,
  "summary_bg_n": 2527658.0,
  "summary_bg_p05": 0.0,
  "summary_bg_p95": 5.042497897520661,
  "summary_bg_stdv": 3.1169780560663773,
  "summary_csf_k": -0.5371551077550549,
  "summary_csf_mad": 159.08575759834602,
  "summary_csf_mean": 463.0083023526174,
  "summary_csf_median": 463.9758654963225,
  "summary_csf_n": 324751.7797897151,
  "summary_csf_p05": 100.43158476240933,
  "summary_csf_p95": 802.4397745914757,
  "summary_csf_stdv": 207.55698652307314,
  "summary_gm_k": -0.7211222530375831,
  "summary_gm_mad": 78.77568912062567,
  "summary_gm_mean": 783.2762236409557,
  "summary_gm_median": 783.4588436409831,
  "summary_gm_n": 462929.81497120654,
  "summary_gm_p05": 613.8635650090873,
  "summary_gm_p95": 963.2932555582374,
  "summary_gm_stdv": 100.41231601392269,
  "summary_wm_k": -0.49958168035192463,
  "summary_wm_mad": 43.648195753948,
  "summary_wm_mean": 967.9787348557609,
  "summary_wm_median": 978.6189260240644,
  "summary_wm_n": 434532.4060966152,
  "summary_wm_p05": 866.1425973754376,
  "summary_wm_p95": 1036.024131346494,
  "summary_wm_stdv": 52.046340289473754,
  "tpm_overlap_csf": 0.19905167835106163,
  "tpm_overlap_gm": 0.5320774765126725,
  "tpm_overlap_wm": 0.5581215257594812,
  "wm2max": 0.8605013102155258
}