{
  "bids_meta": {
    "InstitutionName": "HH",
    "dataset": "<unset>",
    "modality": "T1w",
    "subject_id": "0431"
  },
  "cjv": 0.6131499478317041,
  "cnr": 1.6901528988804908,
  "efc": 0.6292784262723271,
  "fber": -1.0,
  "fwhm_avg": 5.183857761818245,
  "fwhm_x": 4.4028586187880645,
  "fwhm_y": 5.8888213333333335,
  "fwhm_z": 5.259893333333333,
  "icvs_csf": 0.2581091975154285,
  "icvs_gm": 0.3835904365028634,
  "icvs_wm": 0.3583003659817081,
  "inu_med": 0.3491077572107315,
  "inu_range": 0.15128108859062195,
  "provenance": {
    "md5sum": "4e3296681de86009a5c21a9a872f68c1",
    "settings": {
      "testing": false
    },
    "software": "mriqc",
    "version": "23.1.0",
    "warnings": {
      "large_rot_frame": true,
      "small_air_mask": false
    }
  },
  "qi_1": 0.0,
  "qi_2": 0.0013710316707584557,
  "rpve_csf": 6.024383175897287,
  "rpve_gm": 5.942784721442656,
  "rpve_wm": 6.015684471238106,
  "size_x": 150,
  "size_y": 256,
  "size_z": 256,
  "snr_csf": 2.06245278926979,
  "snr_gm": 7.750721321149089,
  "snr_total": 9.230358442300313,
  "snr_wm": 17.87790121648206,
  "snrd_csf": 89.00085348635287,
  "snrd_gm": 147.1147333787785,
  "snrd_total": 139.90748342573954,
  "snrd_wm": 183.60686341208725,
  "spacing_x": 1.2000021934509277,
  "spacing_y": 0.9375,
  "spacing_z": 0.9375,
  "summary_bg_k": 22.165746508077895,
  "summary_bg_mad": 0.0,
  "summary_bg_mean": 1.1894144438678458,
  "summary_bg_median": 0.0,
  "summary_bg_n": 2544350.0,
  "summary_bg_p05": 0.0,
  "summary_bg_p95": 8.67198646068573,
  "summary_bg_stdv": 3.480174176717968,
  "summary_csf_k": -0.8471315994230193,
  "summary_csf_mad": 170.25407604691836,
  "summary_csf_mean": 462.4772888694512,
  "summary_csf_median": 472.7847086638212,
  "summary_csf_n": 415296.6663087562,
  "summary_csf_p05": 72.30499349534512,
  "summary_csf_p95": 819.5949757099152,
  "summary_csf_stdv": 229.2339208489924,
  "summary_gm_k": -0.5568977282676437,
  "summary_gm_mad": 74.68063910152033,
  "summary_gm_mean": 783.7082108266006,
  "summary_gm_median": 781.4935883879662,
  "summary_gm_n": 617195.47788698,
  "summary_gm_p05": 615.6187835335732,
  "summary_gm_p95": 968.5178921371698,
  "summary_gm_stdv": 100.82841620879005,
  "summary_wm_k": -0.22886490295857387,
  "summary_wm_mad": 44.17920591536825,
  "summary_wm_mean": 965.0272532075663,
  "summary_wm_median": 975.344775095582,
  "summary_wm_n": 576503.8555842865,
  "summary_wm_p05": 858.2960216701031,
  "summary_wm_p95": 1036.9020406901836,
  "summary_wm_stdv": 54.555840608546056,
  "tpm_overlap_csf": 0.19774449930205953,
  "tpm_overlap_gm": 0.5277465580288253,
  "tpm_overlap_wm": 0.5433157955387656,
  "wm2max": 0.8699829249727417
}