{
  "bids_meta": {
    "InstitutionName": "HH",
    "dataset": "<unset>",
    "modality": "T1w",
    "subject_id": "0304"
  },
  "cjv": 0.6678288208341694,
  "cnr": 1.4652651176988825,
  "efc": 0.585806471277051,
  "fber": -1.0,
  "fwhm_avg": 4.7958495005269794,
  "fwhm_x": 4.138406824488768,
  "fwhm_y": 5.406859010425505,
  "fwhm_z": 4.842282666666667,
  "icvs_csf": 0.2667233937254994,
  "icvs_gm": 0.37497203819604624,
  "icvs_wm": 0.35830456807845423,
  "inu_med": 0.3765036016702652,
  "inu_range": 0.15565697997808453,
  "provenance": {
    "md5sum": "90d76fcd82f8cc9b240f05a715c7391c",
    "settings": {
      "testing": false
    },
    "software": "mriqc",
    "version": "23.1.0",
    "warnings": {
      "large_rot_frame": true,
      "small_air_mask": false
    }
  },
  "qi_1": 0.0,
  "qi_2": 0.0006398272477793389,
  "rpve_csf": 7.9321657768745615,
  "rpve_gm": 7.821392689953286,
  "rpve_wm": 7.886924503675321,
  "size_x": 150,
  "size_y": 256,
  "size_z": 256,
  "snr_csf": 2.1884424876777975,
  "snr_gm": 7.690790125995908,
  "snr_total": 8.35259100763226,
  "snr_wm": 15.178540409223075,
  "snrd_csf": 77.86469131266655,
  "snrd_gm": 137.4248230792431,
  "snrd_total": 127.84681107512195,
  "snrd_wm": 168.25091883345615,
  "spacing_x": 1.1999980211257935,
  "spacing_y": 0.9374999403953552,
  "spacing_z": 0.9375,
  "summary_bg_k": 72.73278369764941,
  "summary_bg_mad": 0.0,
  "summary_bg_mean": 1.0546421567422788,
  "summary_bg_median": 0.0,
  "summary_bg_n": 2905232.0,
  "summary_bg_p05": 0.0,
  "summary_bg_p95": 7.031664803624153,
  "summary_bg_stdv": 3.7600058200089084,
  "summary_csf_k": -0.40704369397798157,
  "summary_csf_mad": 166.76980587446351,
  "summary_csf_mean": 454.15201217242776,
  "summary_csf_median": 446.8866216391325,
  "summary_csf_n": 327472.8474808001,
  "summary_csf_p05": 90.70405353605747,
  "summary_csf_p95": 794.777132190764,
  "summary_csf_stdv": 204.20273405795086,
  "summary_gm_k": -0.44810581471077926,
  "summary_gm_mad": 68.35365544490985,
  "summary_gm_mean": 789.8863403219208,
  "summary_gm_median": 788.7184021398425,
  "summary_gm_n": 460376.4197755829,
  "summary_gm_p05": 616.752184599638,
  "summary_gm_p95": 975.8093326538801,
  "summary_gm_stdv": 102.5535130482569,
  "summary_wm_k": -0.3711019836527423,
  "summary_wm_mad": 49.798178715020654,
  "summary_wm_mean": 950.8771975459347,
  "summary_wm_median": 965.6377420574427,
  "summary_wm_n": 439912.7333194699,
  "summary_wm_p05": 826.6407453417778,
  "summary_wm_p95": 1032.1953240036964,
  "summary_wm_stdv": 63.61854424004871,
  "tpm_overlap_csf": 0.1881791227075035,
  "tpm_overlap_gm": 0.5272416026211224,
  "tpm_overlap_wm": 0.5575063952747636,
  "wm2max": 0.793177979185208
}