{
  "bids_meta": {
    "InstitutionName": "HH",
    "dataset": "<unset>",
    "modality": "T1w",
    "subject_id": "1034"
  },
  "cjv": 0.8846422441850229,
  "cnr": 1.0538254852000022,
  "efc": 0.5978043394530637,
  "fber": -1.0,
  "fwhm_avg": 5.086023576923806,
  "fwhm_x": 4.4471800641047485,
  "fwhm_y": 5.81568,
  "fwhm_z": 4.995210666666667,
  "icvs_csf": 0.2699415649479508,
  "icvs_gm": 0.36109567806284176,
  "icvs_wm": 0.3689627569892075,
  "inu_med": 0.48221397399902344,
  "inu_range": 0.2490395665168762,
  "provenance": {
    "md5sum": "1d9503b319d53a49090d326aa6381728",
    "settings": {
      "testing": false
    },
    "software": "mriqc",
    "version": "23.1.0",
    "warnings": {
      "large_rot_frame": true,
      "small_air_mask": false
    }
  },
  "qi_1": 0.0,
  "qi_2": 0.0008459478027277708,
  "rpve_csf": 7.9407827559253885,
  "rpve_gm": 7.783622444129074,
  "rpve_wm": 7.837622685411509,
  "size_x": 150,
  "size_y": 256,
  "size_z": 256,
  "snr_csf": 2.008295508704533,
  "snr_gm": 6.940231041026161,
  "snr_total": 7.131940134534354,
  "snr_wm": 12.447293853872367,
  "snrd_csf": 39.281925919047325,
  "snrd_gm": 77.94113281656573,
  "snrd_total": 69.78503246141877,
  "snrd_wm": 92.13203864864326,
  "spacing_x": 1.2000008821487427,
  "spacing_y": 0.9375,
  "spacing_z": 0.9375,
  "summary_bg_k": 57.4370279326094,
  "summary_bg_mad": 0.0,
  "summary_bg_mean": 2.1841675814798314,
  "summary_bg_median": 0.0,
  "summary_bg_n": 2489757.0,
  "summary_bg_p05": 0.0,
  "summary_bg_p95": 13.677733052521944,
  "summary_bg_stdv": 6.69164905955402,
  "summary_csf_k": -0.5914111089657492,
  "summary_csf_mad": 160.3890713551234,
  "summary_csf_mean": 404.945159672059,
  "summary_csf_median": 401.23074009269476,
  "summary_csf_n": 331638.0596081392,
  "summary_csf_p05": 59.64939537271857,
  "summary_csf_p95": 758.8426982201636,
  "summary_csf_stdv": 199.7864026636284,
  "summary_gm_k": -0.21650916161698097,
  "summary_gm_mad": 61.44925463247199,
  "summary_gm_mean": 792.6014823176848,
  "summary_gm_median": 796.1009464785457,
  "summary_gm_n": 443625.9011417398,
  "summary_gm_p05": 592.1760304383934,
  "summary_gm_p95": 986.218850325793,
  "summary_gm_stdv": 114.7080038842988,
  "summary_wm_k": -0.643269540918479,
  "summary_wm_mad": 66.77766785387786,
  "summary_wm_mean": 929.105778810061,
  "summary_wm_median": 941.048718675971,
  "summary_wm_n": 453291.0403003835,
  "summary_wm_p05": 795.8423881977797,
  "summary_wm_p95": 1036.7928500436246,
  "summary_wm_stdv": 75.60259215415054,
  "tpm_overlap_csf": 0.1755150521595686,
  "tpm_overlap_gm": 0.5227708619230352,
  "tpm_overlap_wm": 0.5578214574375249,
  "wm2max": 0.6864216838188332
}