{
  "bids_meta": {
    "InstitutionName": "HH",
    "dataset": "<unset>",
    "modality": "T1w",
    "subject_id": "1024"
  },
  "cjv": 0.6380232117206405,
  "cnr": 1.4938573751086948,
  "efc": 0.6026061306401306,
  "fber": -1.0,
  "fwhm_avg": 4.827705613232237,
  "fwhm_x": 4.090146173030045,
  "fwhm_y": 5.457397333333334,
  "fwhm_z": 4.935573333333334,
  "icvs_csf": 0.26007063904999245,
  "icvs_gm": 0.3816708213680692,
  "icvs_wm": 0.3582585395819383,
  "inu_med": 0.375806987285614,
  "inu_range": 0.15654276460409167,
  "provenance": {
    "md5sum": "94f744fc46b5b7f91db9d500c76359fb",
    "settings": {
      "testing": false
    },
    "software": "mriqc",
    "version": "23.1.0",
    "warnings": {
      "large_rot_frame": true,
      "small_air_mask": false
    }
  },
  "qi_1": 0.0,
  "qi_2": 0.00219281860697636,
  "rpve_csf": 7.14901388781188,
  "rpve_gm": 7.035732842662723,
  "rpve_wm": 7.105546495546372,
  "size_x": 150,
  "size_y": 256,
  "size_z": 256,
  "snr_csf": 2.2690105711587982,
  "snr_gm": 7.991567978007232,
  "snr_total": 8.121256542705025,
  "snr_wm": 14.10319107894904,
  "snrd_csf": 101.7272673272952,
  "snrd_gm": 167.12375472718765,
  "snrd_total": 158.01487442328968,
  "snrd_wm": 205.19360121538617,
  "spacing_x": 1.1999962329864502,
  "spacing_y": 0.9375,
  "spacing_z": 0.9375,
  "summary_bg_k": 25.00747489118251,
  "summary_bg_mad": 0.0,
  "summary_bg_mean": 1.0060032578525435,
  "summary_bg_median": 0.0,
  "summary_bg_n": 2891113.0,
  "summary_bg_p05": 0.0,
  "summary_bg_p95": 7.88162300363183,
  "summary_bg_stdv": 3.074500172508612,
  "summary_csf_k": -0.2319473443277804,
  "summary_csf_mad": 161.4834694826142,
  "summary_csf_mean": 480.56423707481235,
  "summary_csf_median": 477.39753270708025,
  "summary_csf_n": 353530.1441574383,
  "summary_csf_p05": 92.2912629134953,
  "summary_csf_p95": 811.7054710127413,
  "summary_csf_stdv": 210.39869253510514,
  "summary_gm_k": -0.38751293348630833,
  "summary_gm_mad": 63.628407209769556,
  "summary_gm_mean": 788.1272683653815,
  "summary_gm_median": 784.29776263237,
  "summary_gm_n": 518828.81124848494,
  "summary_gm_p05": 626.029687801376,
  "summary_gm_p95": 970.7108589634299,
  "summary_gm_stdv": 98.14056627630124,
  "summary_wm_k": -0.2636642109141585,
  "summary_wm_mad": 50.359924189722825,
  "summary_wm_mean": 946.7339686914509,
  "summary_wm_median": 962.9563589114696,
  "summary_wm_n": 487003.04504457925,
  "summary_wm_p05": 812.0105660967529,
  "summary_wm_p95": 1033.458747908473,
  "summary_wm_stdv": 68.27925430953908,
  "tpm_overlap_csf": 0.20617623541454355,
  "tpm_overlap_gm": 0.5251892195866872,
  "tpm_overlap_wm": 0.5536771780030165,
  "wm2max": 0.6737429630660523
}