{
  "bids_meta": {
    "InstitutionName": "HH",
    "dataset": "<unset>",
    "modality": "T1w",
    "subject_id": "0755"
  },
  "cjv": 0.7806049323660937,
  "cnr": 1.1079320331067983,
  "efc": 0.606575998176621,
  "fber": -1.0,
  "fwhm_avg": 4.932062949261829,
  "fwhm_x": 4.384220847785486,
  "fwhm_y": 5.527594666666667,
  "fwhm_z": 4.8843733333333335,
  "icvs_csf": 0.26459818818899694,
  "icvs_gm": 0.34672514276314736,
  "icvs_wm": 0.3886766690478557,
  "inu_med": 0.45294010639190674,
  "inu_range": 0.2090233087539673,
  "provenance": {
    "md5sum": "5b4796fca2fa9982d0d2a3e3efa991a7",
    "settings": {
      "testing": false
    },
    "software": "mriqc",
    "version": "23.1.0",
    "warnings": {
      "large_rot_frame": true,
      "small_air_mask": false
    }
  },
  "qi_1": 0.0,
  "qi_2": 0.000443427952386349,
  "rpve_csf": 7.205428929350123,
  "rpve_gm": 7.083054671186983,
  "rpve_wm": 7.180796671186662,
  "size_x": 150,
  "size_y": 256,
  "size_z": 256,
  "snr_csf": 2.5864854622556614,
  "snr_gm": 4.035027759129905,
  "snr_total": 6.359159339903151,
  "snr_wm": 12.455964798323887,
  "snrd_csf": 63.98507425186718,
  "snrd_gm": 124.27195786436387,
  "snrd_total": 116.51729539067564,
  "snrd_wm": 161.29485405579587,
  "spacing_x": 1.1999988555908203,
  "spacing_y": 0.9375,
  "spacing_z": 0.9375,
  "summary_bg_k": 25.166202534056342,
  "summary_bg_mad": 0.0,
  "summary_bg_mean": 1.3687054421693856,
  "summary_bg_median": 0.0,
  "summary_bg_n": 2409266.0,
  "summary_bg_p05": 0.0,
  "summary_bg_p95": 9.168837085366249,
  "summary_bg_stdv": 3.9020786611979292,
  "summary_csf_k": 1.3779685648998488,
  "summary_csf_mad": 89.80715209841722,
  "summary_csf_mean": 402.3906069021527,
  "summary_csf_median": 381.1035272553563,
  "summary_csf_n": 356049.40839326114,
  "summary_csf_p05": 138.0750910192728,
  "summary_csf_p95": 670.6814440786839,
  "summary_csf_stdv": 147.34395287848875,
  "summary_gm_k": 1.3924400398019285,
  "summary_gm_mad": 98.01165681318528,
  "summary_gm_mean": 713.3055726448151,
  "summary_gm_median": 740.1801441162825,
  "summary_gm_n": 466561.3275768501,
  "summary_gm_p05": 362.22331834584475,
  "summary_gm_p95": 1001.0037197843194,
  "summary_gm_stdv": 183.43847801588828,
  "summary_wm_k": -0.8821479531090382,
  "summary_wm_mad": 74.12206955547825,
  "summary_wm_mean": 943.6577296356386,
  "summary_wm_median": 960.6933886930346,
  "summary_wm_n": 523012.2663270266,
  "summary_wm_p05": 801.8120904415846,
  "summary_wm_p95": 1045.491568364203,
  "summary_wm_stdv": 77.12710222161896,
  "tpm_overlap_csf": 0.2043141056621351,
  "tpm_overlap_gm": 0.47523433661211084,
  "tpm_overlap_wm": 0.5245488022950461,
  "wm2max": 0.6370200033364642
}