{
  "bids_meta": {
    "InstitutionName": "HH",
    "dataset": "<unset>",
    "modality": "T1w",
    "subject_id": "0555"
  },
  "cjv": 0.6940460805150175,
  "cnr": 1.4586697983991734,
  "efc": 0.6028768971849757,
  "fber": -1.0,
  "fwhm_avg": 5.357121632538344,
  "fwhm_x": 4.568687564281697,
  "fwhm_y": 6.318879999999999,
  "fwhm_z": 5.183797333333334,
  "icvs_csf": 0.2660764053032341,
  "icvs_gm": 0.3774209701556022,
  "icvs_wm": 0.35650262454116355,
  "inu_med": 0.3754632771015167,
  "inu_range": 0.15196841955184937,
  "provenance": {
    "md5sum": "1f66234c5867682d7a429cdafd9b1506",
    "settings": {
      "testing": false
    },
    "software": "mriqc",
    "version": "23.1.0",
    "warnings": {
      "large_rot_frame": true,
      "small_air_mask": false
    }
  },
  "qi_1": 0.0,
  "qi_2": 0.001628287150832607,
  "rpve_csf": 7.6857840940812086,
  "rpve_gm": 7.565391377110423,
  "rpve_wm": 7.620039281649319,
  "size_x": 150,
  "size_y": 256,
  "size_z": 256,
  "snr_csf": 1.8858506832029356,
  "snr_gm": 7.951294428687651,
  "snr_total": 7.999718842139587,
  "snr_wm": 14.162011414528177,
  "snrd_csf": 82.08564198296739,
  "snrd_gm": 159.3377910772806,
  "snrd_total": 145.40951609303553,
  "snrd_wm": 194.80511521885856,
  "spacing_x": 1.2000032663345337,
  "spacing_y": 0.9375,
  "spacing_z": 0.9375,
  "summary_bg_k": 46.35016233176512,
  "summary_bg_mad": 0.0,
  "summary_bg_mean": 0.9515193001375621,
  "summary_bg_median": 0.0,
  "summary_bg_n": 2990465.0,
  "summary_bg_p05": 0.0,
  "summary_bg_p95": 7.5547718815505505,
  "summary_bg_stdv": 3.2239894268581266,
  "summary_csf_k": -0.8031911741218574,
  "summary_csf_mad": 183.28453448548234,
  "summary_csf_mean": 412.6895288603804,
  "summary_csf_median": 403.95136318169534,
  "summary_csf_n": 337571.40150600346,
  "summary_csf_p05": 60.11766957864165,
  "summary_csf_p95": 776.790802160278,
  "summary_csf_stdv": 214.20082112508365,
  "summary_gm_k": -0.40431206798932795,
  "summary_gm_mad": 66.49155612167776,
  "summary_gm_mean": 787.2244396981325,
  "summary_gm_median": 784.1166415605694,
  "summary_gm_n": 478834.3622877167,
  "summary_gm_p05": 622.7421355210245,
  "summary_gm_p95": 969.1398729141802,
  "summary_gm_stdv": 98.61486451245199,
  "summary_wm_k": -0.6591584632090259,
  "summary_wm_mad": 54.645944541041956,
  "summary_wm_mean": 941.5689449347385,
  "summary_wm_median": 958.654765272513,
  "summary_wm_n": 452295.23628665146,
  "summary_wm_p05": 810.6957026347518,
  "summary_wm_p95": 1026.5561392139643,
  "summary_wm_stdv": 67.69191730221965,
  "tpm_overlap_csf": 0.16889768246890213,
  "tpm_overlap_gm": 0.5326982779018359,
  "tpm_overlap_wm": 0.5571163911148732,
  "wm2max": 0.8285253963363799
}