{
  "bids_meta": {
    "InstitutionName": "HH",
    "dataset": "<unset>",
    "modality": "T1w",
    "subject_id": "0412"
  },
  "cjv": 0.6306369074693973,
  "cnr": 1.6128484813540478,
  "efc": 0.614122788831915,
  "fber": -1.0,
  "fwhm_avg": 4.870521054609221,
  "fwhm_x": 4.2657498304943315,
  "fwhm_y": 5.530581333333333,
  "fwhm_z": 4.815232,
  "icvs_csf": 0.26242986547912894,
  "icvs_gm": 0.38158640398452726,
  "icvs_wm": 0.35598373053634375,
  "inu_med": 0.37386009097099304,
  "inu_range": 0.16136090755462645,
  "provenance": {
    "md5sum": "c58e20690ec94e719aadb80053514a59",
    "settings": {
      "testing": false
    },
    "software": "mriqc",
    "version": "23.1.0",
    "warnings": {
      "large_rot_frame": true,
      "small_air_mask": false
    }
  },
  "qi_1": 0.0,
  "qi_2": 0.0011556590275780356,
  "rpve_csf": 7.522448715490068,
  "rpve_gm": 7.425023935860934,
  "rpve_wm": 7.499383272631517,
  "size_x": 150,
  "size_y": 256,
  "size_z": 256,
  "snr_csf": 2.3716834792151733,
  "snr_gm": 7.92646707742502,
  "snr_total": 8.480948924273068,
  "snr_wm": 15.144696216179012,
  "snrd_csf": 67.68271979234937,
  "snrd_gm": 107.70380627826032,
  "snrd_total": 103.08531415284601,
  "snrd_wm": 133.86941638792834,
  "spacing_x": 1.2000000476837158,
  "spacing_y": 0.9375,
  "spacing_z": 0.9375,
  "summary_bg_k": 313.84056122545064,
  "summary_bg_mad": 0.0,
  "summary_bg_mean": 1.380422076276535,
  "summary_bg_median": 0.0,
  "summary_bg_n": 2885619.0,
  "summary_bg_p05": 0.0,
  "summary_bg_p95": 9.666080823168159,
  "summary_bg_stdv": 4.732175164504415,
  "summary_csf_k": -0.19618518861897272,
  "summary_csf_mad": 149.29543041812855,
  "summary_csf_mean": 486.40933077113965,
  "summary_csf_median": 488.8851934764534,
  "summary_csf_n": 339042.8532901788,
  "summary_csf_p05": 114.06925354711711,
  "summary_csf_p95": 808.9583415202796,
  "summary_csf_stdv": 206.13394526795537,
  "summary_gm_k": -0.5144398380991846,
  "summary_gm_mad": 68.66181351777139,
  "summary_gm_mean": 780.7900511501649,
  "summary_gm_median": 777.965133966878,
  "summary_gm_n": 492985.5942556283,
  "summary_gm_p05": 617.9166851527989,
  "summary_gm_p95": 962.3331571370363,
  "summary_gm_stdv": 98.14767882501043,
  "summary_wm_k": -0.4691560405590076,
  "summary_wm_mad": 50.52805251179587,
  "summary_wm_mean": 952.3448840276932,
  "summary_wm_median": 966.9643260817975,
  "summary_wm_n": 459908.5531121568,
  "summary_wm_p05": 826.8655281066895,
  "summary_wm_p95": 1034.1044009886682,
  "summary_wm_stdv": 63.84831105367803,
  "tpm_overlap_csf": 0.20334334372395954,
  "tpm_overlap_gm": 0.5302442692986681,
  "tpm_overlap_wm": 0.5566081047018681,
  "wm2max": 0.7748625860707203
}