{
  "bids_meta": {
    "InstitutionName": "HH",
    "dataset": "<unset>",
    "modality": "T1w",
    "subject_id": "0155"
  },
  "cjv": 0.8800644101550843,
  "cnr": 0.965207389374424,
  "efc": 0.7049038210053855,
  "fber": -1.0,
  "fwhm_avg": 4.77500499394618,
  "fwhm_x": 4.0852496485052034,
  "fwhm_y": 5.4507200000000005,
  "fwhm_z": 4.789045333333333,
  "icvs_csf": 0.2655270853136676,
  "icvs_gm": 0.34643714290519767,
  "icvs_wm": 0.38803577178113463,
  "inu_med": 0.5211822986602783,
  "inu_range": 0.24934424161911012,
  "provenance": {
    "md5sum": "1d94c688c8c34e27d0d5eff63b67072c",
    "settings": {
      "testing": false
    },
    "software": "mriqc",
    "version": "23.1.0",
    "warnings": {
      "large_rot_frame": true,
      "small_air_mask": false
    }
  },
  "qi_1": 0.0,
  "qi_2": 0.0010876795698122037,
  "rpve_csf": 7.1472137644892015,
  "rpve_gm": 7.004617222960129,
  "rpve_wm": 7.086708673666923,
  "size_x": 150,
  "size_y": 256,
  "size_z": 256,
  "snr_csf": 2.7254484379777586,
  "snr_gm": 5.0261233750544,
  "snr_total": 6.9533618900620775,
  "snr_wm": 13.108513857154074,
  "snrd_csf": 26.480287053545567,
  "snrd_gm": 48.009360523954534,
  "snrd_total": 44.228474767399774,
  "snrd_wm": 58.195776724699215,
  "spacing_x": 1.2000025510787964,
  "spacing_y": 0.9375,
  "spacing_z": 0.9375,
  "summary_bg_k": 50.5153599759045,
  "summary_bg_mad": 0.0,
  "summary_bg_mean": 3.201209299282214,
  "summary_bg_median": 0.0,
  "summary_bg_n": 2632311.0,
  "summary_bg_p05": 0.0,
  "summary_bg_p95": 22.66485358029604,
  "summary_bg_stdv": 10.751530758520559,
  "summary_csf_k": 0.22942584754589568,
  "summary_csf_mad": 123.26570099651637,
  "summary_csf_mean": 448.2247619782778,
  "summary_csf_median": 434.571519382298,
  "summary_csf_n": 360840.4227381182,
  "summary_csf_p05": 195.79992236196995,
  "summary_csf_p95": 734.9293770492077,
  "summary_csf_stdv": 159.44932626886595,
  "summary_gm_k": 2.306067077240445,
  "summary_gm_mad": 77.48834857438666,
  "summary_gm_mean": 777.0734704702393,
  "summary_gm_median": 787.888012893498,
  "summary_gm_n": 470793.87381676945,
  "summary_gm_p05": 491.7746137306094,
  "summary_gm_p95": 1021.0835565850139,
  "summary_gm_stdv": 156.75842340801344,
  "summary_wm_k": -0.5128308302725424,
  "summary_wm_mad": 69.63257650553962,
  "summary_wm_mean": 949.199453562771,
  "summary_wm_median": 955.0586465224624,
  "summary_wm_n": 527324.7049791998,
  "summary_wm_p05": 821.8159393668175,
  "summary_wm_p95": 1059.339166238904,
  "summary_wm_stdv": 72.8578198382886,
  "tpm_overlap_csf": 0.20816452123703222,
  "tpm_overlap_gm": 0.4874271894769054,
  "tpm_overlap_wm": 0.5335651765300761,
  "wm2max": 0.6139127643639217
}