{
  "bids_meta": {
    "InstitutionName": "HH",
    "dataset": "<unset>",
    "modality": "T1w",
    "subject_id": "1009"
  },
  "cjv": 0.7868029676212593,
  "cnr": 1.2498715042631214,
  "efc": 0.6108909661797646,
  "fber": -1.0,
  "fwhm_avg": 4.913747875312577,
  "fwhm_x": 4.345158292604399,
  "fwhm_y": 5.5392106666666665,
  "fwhm_z": 4.856874666666667,
  "icvs_csf": 0.26443281009638975,
  "icvs_gm": 0.3675531658406101,
  "icvs_wm": 0.3680140240630001,
  "inu_med": 0.43155407905578613,
  "inu_range": 0.19479426592588422,
  "provenance": {
    "md5sum": "4d2feb628c4f811a2b111f08182aa606",
    "settings": {
      "testing": false
    },
    "software": "mriqc",
    "version": "23.1.0",
    "warnings": {
      "large_rot_frame": true,
      "small_air_mask": false
    }
  },
  "qi_1": 0.0,
  "qi_2": 0.001592820978115077,
  "rpve_csf": 8.252087467133181,
  "rpve_gm": 8.11389133523982,
  "rpve_wm": 8.180887243979436,
  "size_x": 150,
  "size_y": 256,
  "size_z": 256,
  "snr_csf": 2.5841542179289636,
  "snr_gm": 6.913069896212645,
  "snr_total": 7.622877762224639,
  "snr_wm": 13.371409172532307,
  "snrd_csf": 45.00580195093417,
  "snrd_gm": 80.32029764594786,
  "snrd_total": 74.26993760041724,
  "snrd_wm": 97.48371320436968,
  "spacing_x": 1.2000023126602173,
  "spacing_y": 0.9375,
  "spacing_z": 0.9375,
  "summary_bg_k": 764.0059321256828,
  "summary_bg_mad": 0.0,
  "summary_bg_mean": 2.044781689341901,
  "summary_bg_median": 0.0,
  "summary_bg_n": 2801997.0,
  "summary_bg_p05": 0.0,
  "summary_bg_p95": 13.810554563999176,
  "summary_bg_stdv": 6.352951585307157,
  "summary_csf_k": -0.16703038124848035,
  "summary_csf_mad": 145.6779913715667,
  "summary_csf_mean": 455.23668594860004,
  "summary_csf_median": 436.4277131482959,
  "summary_csf_n": 312243.32016574644,
  "summary_csf_p05": 216.02639716118574,
  "summary_csf_p95": 756.8609568849206,
  "summary_csf_stdv": 168.88582394248087,
  "summary_gm_k": -0.44502905738022047,
  "summary_gm_mad": 69.28031551148393,
  "summary_gm_mean": 777.9580099744867,
  "summary_gm_median": 778.8774402737617,
  "summary_gm_n": 434008.24881628476,
  "summary_gm_p05": 587.3505885377526,
  "summary_gm_p95": 975.157582193613,
  "summary_gm_stdv": 112.66724547263301,
  "summary_wm_k": -0.7590963476914907,
  "summary_wm_mad": 61.672102725050735,
  "summary_wm_mean": 929.7714645769071,
  "summary_wm_median": 945.3135413378477,
  "summary_wm_n": 434552.43204919103,
  "summary_wm_p05": 798.2453241571784,
  "summary_wm_p95": 1022.5485947728157,
  "summary_wm_stdv": 70.69654674786952,
  "tpm_overlap_csf": 0.2043471191995414,
  "tpm_overlap_gm": 0.5202480209924231,
  "tpm_overlap_wm": 0.545365609136672,
  "wm2max": 0.7128819456423339
}