{
  "bids_meta": {
    "InstitutionName": "HH",
    "dataset": "<unset>",
    "modality": "T1w",
    "subject_id": "0644"
  },
  "cjv": 0.5908577419908325,
  "cnr": 1.6943734249751667,
  "efc": 0.6337023525703751,
  "fber": -1.0,
  "fwhm_avg": 5.1119221698455055,
  "fwhm_x": 4.317601176203184,
  "fwhm_y": 5.9861439999999995,
  "fwhm_z": 5.032021333333334,
  "icvs_csf": 0.26330648148660635,
  "icvs_gm": 0.38395680983540764,
  "icvs_wm": 0.3527367086779861,
  "inu_med": 0.3765729069709778,
  "inu_range": 0.18985456824302666,
  "provenance": {
    "md5sum": "6217f266eec369561c6bf6fac6669736",
    "settings": {
      "testing": false
    },
    "software": "mriqc",
    "version": "23.1.0",
    "warnings": {
      "large_rot_frame": true,
      "small_air_mask": false
    }
  },
  "qi_1": 0.0,
  "qi_2": 0.0013249326165605362,
  "rpve_csf": 6.875284702623691,
  "rpve_gm": 6.789776845201211,
  "rpve_wm": 6.870362928105055,
  "size_x": 150,
  "size_y": 256,
  "size_z": 256,
  "snr_csf": 2.3454523607100857,
  "snr_gm": 7.699007543178462,
  "snr_total": 8.671270767313123,
  "snr_wm": 15.96935239805082,
  "snrd_csf": 111.21411134892487,
  "snrd_gm": 175.63485715901518,
  "snrd_total": 169.23287327940488,
  "snrd_wm": 220.8496513302746,
  "spacing_x": 1.1999950408935547,
  "spacing_y": 0.9375,
  "spacing_z": 0.9375,
  "summary_bg_k": 43.79960325591324,
  "summary_bg_mad": 0.0,
  "summary_bg_mean": 0.822042945652057,
  "summary_bg_median": 0.0,
  "summary_bg_n": 2456198.0,
  "summary_bg_p05": 0.0,
  "summary_bg_p95": 6.913860991597176,
  "summary_bg_stdv": 2.8890338549783148,
  "summary_csf_k": -0.22620610123794815,
  "summary_csf_mad": 143.96343715215056,
  "summary_csf_mean": 487.76801187737345,
  "summary_csf_median": 490.43425588682294,
  "summary_csf_n": 371452.50966665265,
  "summary_csf_p05": 109.03537625446916,
  "summary_csf_p95": 813.5388692133129,
  "summary_csf_stdv": 209.09978985055426,
  "summary_gm_k": -0.5603935111543712,
  "summary_gm_mad": 71.7535395120692,
  "summary_gm_mean": 774.9280355354992,
  "summary_gm_median": 774.5181743018329,
  "summary_gm_n": 541656.7029103636,
  "summary_gm_p05": 605.7205201610923,
  "summary_gm_p95": 961.0977106504142,
  "summary_gm_stdv": 100.59964937100793,
  "summary_wm_k": -0.4208597645719938,
  "summary_wm_mad": 46.057066457844805,
  "summary_wm_mean": 958.8158749456824,
  "summary_wm_median": 973.9072955697775,
  "summary_wm_n": 497613.78812339547,
  "summary_wm_p05": 836.0799502544105,
  "summary_wm_p95": 1034.5930000953376,
  "summary_wm_stdv": 60.985961904796866,
  "tpm_overlap_csf": 0.20797625243447918,
  "tpm_overlap_gm": 0.5345825807781507,
  "tpm_overlap_wm": 0.556057518187678,
  "wm2max": 0.8031428950483783
}