{
  "bids_meta": {
    "InstitutionName": "HH",
    "dataset": "<unset>",
    "modality": "T1w",
    "subject_id": "1126"
  },
  "cjv": 0.8577472061124595,
  "cnr": 0.9779797597303521,
  "efc": 0.6061124950900335,
  "fber": -1.0,
  "fwhm_avg": 4.705998510824849,
  "fwhm_x": 4.055094199141217,
  "fwhm_y": 5.417952,
  "fwhm_z": 4.644949333333333,
  "icvs_csf": 0.2656100211679524,
  "icvs_gm": 0.34471814635750847,
  "icvs_wm": 0.389671832474539,
  "inu_med": 0.4246237576007843,
  "inu_range": 0.19602550566196442,
  "provenance": {
    "md5sum": "1ce74a089ae461d306619827dd7f2287",
    "settings": {
      "testing": false
    },
    "software": "mriqc",
    "version": "23.1.0",
    "warnings": {
      "large_rot_frame": true,
      "small_air_mask": false
    }
  },
  "qi_1": 0.0,
  "qi_2": 0.0009948826458481168,
  "rpve_csf": 6.7083471349788635,
  "rpve_gm": 6.565863560776967,
  "rpve_wm": 6.640651884140294,
  "size_x": 150,
  "size_y": 256,
  "size_z": 256,
  "snr_csf": 2.418903319172189,
  "snr_gm": 5.116612189008503,
  "snr_total": 6.9501221127867865,
  "snr_wm": 13.314850830179665,
  "snrd_csf": 57.70351883803136,
  "snrd_gm": 115.37703064598574,
  "snrd_total": 104.26317688122451,
  "snrd_wm": 139.7089811596564,
  "spacing_x": 1.2000017166137695,
  "spacing_y": 0.9375,
  "spacing_z": 0.9375,
  "summary_bg_k": 341.2614814845836,
  "summary_bg_mad": 0.0,
  "summary_bg_mean": 1.2430222555152595,
  "summary_bg_median": 0.0,
  "summary_bg_n": 3293971.0,
  "summary_bg_p05": 0.0,
  "summary_bg_p95": 9.307002201676369,
  "summary_bg_stdv": 4.50299347927137,
  "summary_csf_k": 1.0065162604953262,
  "summary_csf_mad": 103.4702542292411,
  "summary_csf_mean": 426.69406153636817,
  "summary_csf_median": 396.61751210689545,
  "summary_csf_n": 384684.58784182975,
  "summary_csf_p05": 134.70661081373692,
  "summary_csf_p95": 733.4227108955383,
  "summary_csf_stdv": 163.96562584910671,
  "summary_gm_k": 0.3297300799158758,
  "summary_gm_mad": 74.49705411628774,
  "summary_gm_mean": 777.2727595823065,
  "summary_gm_median": 793.0287748575211,
  "summary_gm_n": 499257.36035872763,
  "summary_gm_p05": 484.4281755387783,
  "summary_gm_p95": 1015.9327666461468,
  "summary_gm_stdv": 154.99083208852696,
  "summary_wm_k": -0.7260664643899086,
  "summary_wm_mad": 68.95468734006316,
  "summary_wm_mean": 949.8384160406226,
  "summary_wm_median": 960.2712216228247,
  "summary_wm_n": 564364.0537728517,
  "summary_wm_p05": 820.588845089078,
  "summary_wm_p95": 1053.1349942833185,
  "summary_wm_stdv": 72.12025002118374,
  "tpm_overlap_csf": 0.19550356828844076,
  "tpm_overlap_gm": 0.4820238215036215,
  "tpm_overlap_wm": 0.5252407507933138,
  "wm2max": 0.6982808721246321
}