{
  "bids_meta": {
    "InstitutionName": "HH",
    "dataset": "<unset>",
    "modality": "T1w",
    "subject_id": "1035"
  },
  "cjv": 0.6611111330607956,
  "cnr": 1.3212538839513794,
  "efc": 0.6612935507357077,
  "fber": -1.0,
  "fwhm_avg": 4.839767371319122,
  "fwhm_x": 4.046918113957366,
  "fwhm_y": 5.7091520000000004,
  "fwhm_z": 4.763232,
  "icvs_csf": 0.2698970519087361,
  "icvs_gm": 0.36564283415730825,
  "icvs_wm": 0.3644601139339557,
  "inu_med": 0.3689879775047302,
  "inu_range": 0.17421611845493312,
  "provenance": {
    "md5sum": "b2307fe6ccabb125764251e33db81634",
    "settings": {
      "testing": false
    },
    "software": "mriqc",
    "version": "23.1.0",
    "warnings": {
      "large_rot_frame": true,
      "small_air_mask": false
    }
  },
  "qi_1": 0.0,
  "qi_2": 0.002801669983959004,
  "rpve_csf": 6.428102290186428,
  "rpve_gm": 6.300820309000084,
  "rpve_wm": 6.370027152775548,
  "size_x": 150,
  "size_y": 256,
  "size_z": 256,
  "snr_csf": 2.50718952610262,
  "snr_gm": 6.794425137815092,
  "snr_total": 7.779084321929276,
  "snr_wm": 14.035638301870117,
  "snrd_csf": 17.402324332044387,
  "snrd_gm": 31.105035933341174,
  "snrd_total": 28.900698655835157,
  "snrd_wm": 38.19473570211991,
  "spacing_x": 1.1999995708465576,
  "spacing_y": 0.9375,
  "spacing_z": 0.9375,
  "summary_bg_k": 1338.997081220979,
  "summary_bg_mad": 0.0,
  "summary_bg_mean": 1.570902061922983,
  "summary_bg_median": 0.0,
  "summary_bg_n": 2628192.0,
  "summary_bg_p05": 0.0,
  "summary_bg_p95": 8.239718042314053,
  "summary_bg_stdv": 16.555752457997972,
  "summary_csf_k": 0.3740523261400295,
  "summary_csf_mad": 136.2711212045239,
  "summary_csf_mean": 462.91695730605926,
  "summary_csf_median": 439.7688387259841,
  "summary_csf_n": 407953.1727949097,
  "summary_csf_p05": 187.33173047751188,
  "summary_csf_p95": 776.6920699998736,
  "summary_csf_stdv": 175.40289441740106,
  "summary_gm_k": -0.0939558854930409,
  "summary_gm_mad": 65.24496106155992,
  "summary_gm_mean": 786.8575105120642,
  "summary_gm_median": 786.045890763402,
  "summary_gm_n": 552674.2632025343,
  "summary_gm_p05": 587.9445006474853,
  "summary_gm_p95": 990.1820039525628,
  "summary_gm_stdv": 115.68972557498819,
  "summary_wm_k": -0.5167331290199102,
  "summary_wm_mad": 53.20079630863483,
  "summary_wm_mean": 946.9323812062905,
  "summary_wm_median": 965.2075346186757,
  "summary_wm_n": 550886.5650256438,
  "summary_wm_p05": 811.1596229374409,
  "summary_wm_p95": 1031.9608559980989,
  "summary_wm_stdv": 68.76827671174841,
  "tpm_overlap_csf": 0.20242162849623033,
  "tpm_overlap_gm": 0.5030743708149916,
  "tpm_overlap_wm": 0.5416537128344416,
  "wm2max": 0.827483137655677
}