{
  "bids_meta": {
    "InstitutionName": "HH",
    "dataset": "<unset>",
    "modality": "T1w",
    "subject_id": "1079"
  },
  "cjv": 0.7833130735062894,
  "cnr": 1.170545353852623,
  "efc": 0.6040989465540197,
  "fber": -1.0,
  "fwhm_avg": 4.909844321339205,
  "fwhm_x": 4.278631630684281,
  "fwhm_y": 5.608298666666667,
  "fwhm_z": 4.842602666666666,
  "icvs_csf": 0.27417654753050374,
  "icvs_gm": 0.35582169904797184,
  "icvs_wm": 0.3700017534215243,
  "inu_med": 0.43393683433532715,
  "inu_range": 0.1814193457365036,
  "provenance": {
    "md5sum": "49391542c0406c6b7913e5819aadcb48",
    "settings": {
      "testing": false
    },
    "software": "mriqc",
    "version": "23.1.0",
    "warnings": {
      "large_rot_frame": true,
      "small_air_mask": false
    }
  },
  "qi_1": 0.0,
  "qi_2": 0.0013284018578726094,
  "rpve_csf": 7.939920894345335,
  "rpve_gm": 7.801163492651969,
  "rpve_wm": 7.85854990497139,
  "size_x": 150,
  "size_y": 256,
  "size_z": 256,
  "snr_csf": 2.3097932251504765,
  "snr_gm": 6.418443462940063,
  "snr_total": 7.45612777527229,
  "snr_wm": 13.64014663772633,
  "snrd_csf": 66.10556693564922,
  "snrd_gm": 130.65273690826518,
  "snrd_total": 118.28012727075027,
  "snrd_wm": 158.08207796833645,
  "spacing_x": 1.199998140335083,
  "spacing_y": 0.9375,
  "spacing_z": 0.9375,
  "summary_bg_k": 26.516831658537537,
  "summary_bg_mad": 0.0,
  "summary_bg_mean": 1.2063494141155056,
  "summary_bg_median": 0.0,
  "summary_bg_n": 2931434.0,
  "summary_bg_p05": 0.0,
  "summary_bg_p95": 9.391770858317614,
  "summary_bg_stdv": 3.9680085723168603,
  "summary_csf_k": -0.18910785799879148,
  "summary_csf_mad": 138.85872625172135,
  "summary_csf_mean": 411.30287115701566,
  "summary_csf_median": 400.3860208019614,
  "summary_csf_n": 336879.3534395403,
  "summary_csf_p05": 108.88805010169744,
  "summary_csf_p95": 724.0372721850872,
  "summary_csf_stdv": 173.34254087534183,
  "summary_gm_k": -0.20582705104592858,
  "summary_gm_mad": 67.7717130889276,
  "summary_gm_mean": 787.2454155152875,
  "summary_gm_median": 791.3331941999495,
  "summary_gm_n": 437196.34299393644,
  "summary_gm_p05": 569.7909703440964,
  "summary_gm_p95": 994.8686393424869,
  "summary_gm_stdv": 123.29037308805938,
  "summary_wm_k": -0.7441494616076256,
  "summary_wm_mad": 62.36253928419856,
  "summary_wm_mean": 942.8014864006516,
  "summary_wm_median": 957.4663238190114,
  "summary_wm_n": 454619.30492166453,
  "summary_wm_p05": 812.141027379781,
  "summary_wm_p95": 1036.3195377923548,
  "summary_wm_stdv": 70.194646451115,
  "tpm_overlap_csf": 0.1838099456695461,
  "tpm_overlap_gm": 0.5138978461567479,
  "tpm_overlap_wm": 0.5541598613052228,
  "wm2max": 0.7367553567223922
}