{
  "bids_meta": {
    "InstitutionName": "HH",
    "dataset": "<unset>",
    "modality": "T1w",
    "subject_id": "1208"
  },
  "cjv": 0.6377856310006934,
  "cnr": 1.5382816398023964,
  "efc": 0.639305651786875,
  "fber": -1.0,
  "fwhm_avg": 5.207967022460596,
  "fwhm_x": 4.5315597340484555,
  "fwhm_y": 5.978250666666667,
  "fwhm_z": 5.114090666666667,
  "icvs_csf": 0.26160211059979865,
  "icvs_gm": 0.380793214005561,
  "icvs_wm": 0.35760467539464036,
  "inu_med": 0.4026745855808258,
  "inu_range": 0.22345277667045588,
  "provenance": {
    "md5sum": "0b6ba292032d8cb4a67806d9ebc16d99",
    "settings": {
      "testing": false
    },
    "software": "mriqc",
    "version": "23.1.0",
    "warnings": {
      "large_rot_frame": true,
      "small_air_mask": false
    }
  },
  "qi_1": 0.0,
  "qi_2": 0.0008445167850277236,
  "rpve_csf": 6.781580080164663,
  "rpve_gm": 6.674497368593802,
  "rpve_wm": 6.743849143550924,
  "size_x": 150,
  "size_y": 256,
  "size_z": 256,
  "snr_csf": 2.284726680045122,
  "snr_gm": 7.9443029472506295,
  "snr_total": 8.290609391184047,
  "snr_wm": 14.64279854625639,
  "snrd_csf": 84.66903178321716,
  "snrd_gm": 140.74120843335388,
  "snrd_total": 132.98506029362093,
  "snrd_wm": 173.5449406642918,
  "spacing_x": 1.200001835823059,
  "spacing_y": 0.9375,
  "spacing_z": 0.9375,
  "summary_bg_k": 102.98634097071584,
  "summary_bg_mad": 0.0,
  "summary_bg_mean": 0.8440667700606499,
  "summary_bg_median": 0.0,
  "summary_bg_n": 2751406.0,
  "summary_bg_p05": 0.0,
  "summary_bg_p95": 5.755035597831011,
  "summary_bg_stdv": 3.639476839112277,
  "summary_csf_k": -0.15863588827491704,
  "summary_csf_mad": 158.5547808739164,
  "summary_csf_mean": 476.8774943678503,
  "summary_csf_median": 470.3615616001189,
  "summary_csf_n": 374725.4034872935,
  "summary_csf_p05": 104.64156030490994,
  "summary_csf_p95": 806.5056843012571,
  "summary_csf_stdv": 205.8718612162796,
  "summary_gm_k": -0.3886180208016028,
  "summary_gm_mad": 65.18033458012894,
  "summary_gm_mean": 785.312306320019,
  "summary_gm_median": 781.8591188061982,
  "summary_gm_n": 545457.7198796001,
  "summary_gm_p05": 622.0442824438214,
  "summary_gm_p95": 968.0970751307905,
  "summary_gm_stdv": 98.41749582025126,
  "summary_wm_k": -0.48016559366553313,
  "summary_wm_mad": 51.04618120788698,
  "summary_wm_mean": 948.6474962749372,
  "summary_wm_median": 964.0935721062124,
  "summary_wm_n": 512241.87744111556,
  "summary_wm_p05": 818.2909963298589,
  "summary_wm_p95": 1031.9029045850039,
  "summary_wm_stdv": 65.84073584070276,
  "tpm_overlap_csf": 0.19536130838597232,
  "tpm_overlap_gm": 0.5329638979755081,
  "tpm_overlap_wm": 0.5565527454082666,
  "wm2max": 0.7903427621997497
}