{
  "bids_meta": {
    "InstitutionName": "HH",
    "dataset": "<unset>",
    "modality": "T1w",
    "subject_id": "0214"
  },
  "cjv": 0.8814448142205812,
  "cnr": 0.9028460452747578,
  "efc": 0.533128342307275,
  "fber": -1.0,
  "fwhm_avg": 4.909012844459945,
  "fwhm_x": 4.3685001725080985,
  "fwhm_y": 5.5488,
  "fwhm_z": 4.809738360871737,
  "icvs_csf": 0.2588235920215296,
  "icvs_gm": 0.33610173007504296,
  "icvs_wm": 0.4050746779034273,
  "inu_med": 0.45666569471359253,
  "inu_range": 0.25863898992538453,
  "provenance": {
    "md5sum": "e22922e8cbff1a90d6f733f1526d61db",
    "settings": {
      "testing": false
    },
    "software": "mriqc",
    "version": "23.1.0",
    "warnings": {
      "large_rot_frame": true,
      "small_air_mask": false
    }
  },
  "qi_1": 0.0,
  "qi_2": 0.0005707714261295464,
  "rpve_csf": 7.133107480994777,
  "rpve_gm": 6.997424223143278,
  "rpve_wm": 7.081671789326388,
  "size_x": 150,
  "size_y": 256,
  "size_z": 256,
  "snr_csf": 2.4623522845767,
  "snr_gm": 4.528223447948345,
  "snr_total": 7.254114127118552,
  "snr_wm": 14.771766648830608,
  "snrd_csf": 53.9062249304867,
  "snrd_gm": 105.73809230401244,
  "snrd_total": 95.96075064890762,
  "snrd_wm": 128.23793471222373,
  "spacing_x": 1.1999976634979248,
  "spacing_y": 0.9375,
  "spacing_z": 0.9375000596046448,
  "summary_bg_k": 38.63404179979081,
  "summary_bg_mad": 0.0,
  "summary_bg_mean": 1.7675769436501878,
  "summary_bg_median": 0.0,
  "summary_bg_n": 2761589.0,
  "summary_bg_p05": 0.0,
  "summary_bg_p95": 11.208577167242765,
  "summary_bg_stdv": 4.965667498091982,
  "summary_csf_k": 0.6643939878909495,
  "summary_csf_mad": 121.00236817731152,
  "summary_csf_mean": 435.50006121098215,
  "summary_csf_median": 408.58726378530264,
  "summary_csf_n": 352273.6623375262,
  "summary_csf_p05": 189.62245079502463,
  "summary_csf_p95": 748.384129486978,
  "summary_csf_stdv": 165.93348011791906,
  "summary_gm_k": 1.63003531189504,
  "summary_gm_mad": 84.11603972602548,
  "summary_gm_mean": 775.0188037653053,
  "summary_gm_median": 801.451740834862,
  "summary_gm_n": 457453.61327674205,
  "summary_gm_p05": 425.772038847208,
  "summary_gm_p95": 1030.4965786002576,
  "summary_gm_stdv": 176.9901317933296,
  "summary_wm_k": -0.7634750717634788,
  "summary_wm_mad": 66.20525549864844,
  "summary_wm_mean": 963.307386781209,
  "summary_wm_median": 971.9913966357708,
  "summary_wm_n": 551329.7269028097,
  "summary_wm_p05": 845.9782624877989,
  "summary_wm_p95": 1057.9152719452977,
  "summary_wm_stdv": 65.80055982775482,
  "tpm_overlap_csf": 0.17641279312452166,
  "tpm_overlap_gm": 0.4582827563695887,
  "tpm_overlap_wm": 0.4823777742427665,
  "wm2max": 0.7290776867136096
}