{
  "bids_meta": {
    "InstitutionName": "HH",
    "dataset": "<unset>",
    "modality": "T1w",
    "subject_id": "0086"
  },
  "cjv": 0.7191679303092946,
  "cnr": 1.3475704731174087,
  "efc": 0.63326576262838,
  "fber": -1.0,
  "fwhm_avg": 5.174641089248193,
  "fwhm_x": 4.49200860107791,
  "fwhm_y": 5.963765333333333,
  "fwhm_z": 5.068149333333333,
  "icvs_csf": 0.267223740254257,
  "icvs_gm": 0.3675343042316955,
  "icvs_wm": 0.3652419555140476,
  "inu_med": 0.3855879157781601,
  "inu_range": 0.17565521746873858,
  "provenance": {
    "md5sum": "89d44d9dfb6261521c1cc8c106140e4e",
    "settings": {
      "testing": false
    },
    "software": "mriqc",
    "version": "23.1.0",
    "warnings": {
      "large_rot_frame": true,
      "small_air_mask": false
    }
  },
  "qi_1": 0.0,
  "qi_2": 0.0013360916951332224,
  "rpve_csf": 7.0236065538602075,
  "rpve_gm": 6.89895181765531,
  "rpve_wm": 6.958300607778932,
  "size_x": 150,
  "size_y": 256,
  "size_z": 256,
  "snr_csf": 2.232349479133372,
  "snr_gm": 7.216311995301828,
  "snr_total": 8.05129564589978,
  "snr_wm": 14.70522546326414,
  "snrd_csf": 55.78615166360263,
  "snrd_gm": 104.51616577709669,
  "snrd_total": 95.85735512452158,
  "snrd_wm": 127.26974793286541,
  "spacing_x": 1.1999999284744263,
  "spacing_y": 0.9375,
  "spacing_z": 0.9375,
  "summary_bg_k": 244.59756154499067,
  "summary_bg_mad": 0.0,
  "summary_bg_mean": 1.1441986029287117,
  "summary_bg_median": 0.0,
  "summary_bg_n": 2717264.0,
  "summary_bg_p05": 0.0,
  "summary_bg_p95": 8.10683086514473,
  "summary_bg_stdv": 4.96405590515308,
  "summary_csf_k": -0.3201660383522764,
  "summary_csf_mad": 159.38351243974984,
  "summary_csf_mean": 435.8530009191393,
  "summary_csf_median": 422.69911363720894,
  "summary_csf_n": 370572.5220331046,
  "summary_csf_p05": 107.12953180074692,
  "summary_csf_p95": 768.8558180630207,
  "summary_csf_stdv": 189.35141977339987,
  "summary_gm_k": -0.27715038028154204,
  "summary_gm_mad": 69.0919968337014,
  "summary_gm_mean": 794.1880070160647,
  "summary_gm_median": 791.9329316914082,
  "summary_gm_n": 509678.1967172246,
  "summary_gm_p05": 608.8080774247646,
  "summary_gm_p95": 988.5608815401793,
  "summary_gm_stdv": 109.74195064065525,
  "summary_wm_k": -0.5851928248182543,
  "summary_wm_mad": 54.89753643830384,
  "summary_wm_mean": 950.4395839081925,
  "summary_wm_median": 964.3398592621088,
  "summary_wm_n": 506499.28213100607,
  "summary_wm_p05": 824.2359172552824,
  "summary_wm_p95": 1035.883885025978,
  "summary_wm_stdv": 65.57797496577184,
  "tpm_overlap_csf": 0.18576527917856833,
  "tpm_overlap_gm": 0.5158863949177168,
  "tpm_overlap_wm": 0.5468128088679468,
  "wm2max": 0.7260924366282426
}