{
  "bids_meta": {
    "InstitutionName": "HH",
    "dataset": "<unset>",
    "modality": "T1w",
    "subject_id": "1084"
  },
  "cjv": 0.6446964412726298,
  "cnr": 1.5452640442605212,
  "efc": 0.633673879110391,
  "fber": -1.0,
  "fwhm_avg": 5.05583838193668,
  "fwhm_x": 4.357978830899811,
  "fwhm_y": 5.856426666666667,
  "fwhm_z": 4.953109648243563,
  "icvs_csf": 0.2695586586469336,
  "icvs_gm": 0.3721308390114266,
  "icvs_wm": 0.35831050234163975,
  "inu_med": 0.39297962188720703,
  "inu_range": 0.1986188143491745,
  "provenance": {
    "md5sum": "350a496624e74b3a502ce03838b381ba",
    "settings": {
      "testing": false
    },
    "software": "mriqc",
    "version": "23.1.0",
    "warnings": {
      "large_rot_frame": true,
      "small_air_mask": false
    }
  },
  "qi_1": 0.0,
  "qi_2": 0.0015353623305752427,
  "rpve_csf": 6.769937864964859,
  "rpve_gm": 6.675033696323897,
  "rpve_wm": 6.746363403962628,
  "size_x": 150,
  "size_y": 256,
  "size_z": 256,
  "snr_csf": 2.286191310956379,
  "snr_gm": 7.392259422160258,
  "snr_total": 8.793961898977367,
  "snr_wm": 16.70343496381546,
  "snrd_csf": 53.98062137602027,
  "snrd_gm": 92.6168449769255,
  "snrd_total": 87.1053189969427,
  "snrd_wm": 114.71849063788231,
  "spacing_x": 1.2000012397766113,
  "spacing_y": 0.9375,
  "spacing_z": 0.9374999403953552,
  "summary_bg_k": 358.4851357558387,
  "summary_bg_mad": 0.0,
  "summary_bg_mean": 1.9330886809760235,
  "summary_bg_median": 0.0,
  "summary_bg_n": 2328180.0,
  "summary_bg_p05": 0.0,
  "summary_bg_p95": 12.547776898369193,
  "summary_bg_stdv": 5.536626865255362,
  "summary_csf_k": -0.18337648197921652,
  "summary_csf_mad": 152.74142999684383,
  "summary_csf_mean": 460.9123057906044,
  "summary_csf_median": 456.195928838104,
  "summary_csf_n": 386875.7087738069,
  "summary_csf_p05": 96.2834423724562,
  "summary_csf_p95": 792.1444245539606,
  "summary_csf_stdv": 199.54381641714076,
  "summary_gm_k": -0.5220349105193045,
  "summary_gm_mad": 72.99675858770325,
  "summary_gm_mean": 782.285591687574,
  "summary_gm_median": 782.7147324960679,
  "summary_gm_n": 534089.251006795,
  "summary_gm_p05": 601.8406659029424,
  "summary_gm_p95": 972.9430536106229,
  "summary_gm_stdv": 105.88291820398506,
  "summary_wm_k": -0.5536069952830505,
  "summary_wm_mad": 47.42179618159271,
  "summary_wm_mean": 957.1363495363022,
  "summary_wm_median": 969.4980727788061,
  "summary_wm_n": 514254.0412181176,
  "summary_wm_p05": 842.536698911339,
  "summary_wm_p95": 1032.3878323435783,
  "summary_wm_stdv": 58.0417819599944,
  "tpm_overlap_csf": 0.20449696383113763,
  "tpm_overlap_gm": 0.5212965252548982,
  "tpm_overlap_wm": 0.5563048793125519,
  "wm2max": 0.7532803915252758
}