{
  "bids_meta": {
    "InstitutionName": "HH",
    "dataset": "<unset>",
    "modality": "T1w",
    "subject_id": "0074"
  },
  "cjv": 0.7078436835576133,
  "cnr": 1.4149018562852889,
  "efc": 0.6549285625123353,
  "fber": -1.0,
  "fwhm_avg": 5.081688135790835,
  "fwhm_x": 4.451922750969895,
  "fwhm_y": 5.711701333333334,
  "fwhm_z": 5.081440323069275,
  "icvs_csf": 0.2538606878621066,
  "icvs_gm": 0.3756989801670502,
  "icvs_wm": 0.37044033197084325,
  "inu_med": 0.34387192130088806,
  "inu_range": 0.1558451086282729,
  "provenance": {
    "md5sum": "200e23dddda579eaf31b5c4744e5868a",
    "settings": {
      "testing": false
    },
    "software": "mriqc",
    "version": "23.1.0",
    "warnings": {
      "large_rot_frame": true,
      "small_air_mask": false
    }
  },
  "qi_1": 0.0,
  "qi_2": 0.0018588020008192291,
  "rpve_csf": 6.048016414648432,
  "rpve_gm": 5.938550477215627,
  "rpve_wm": 6.016914928308536,
  "size_x": 150,
  "size_y": 256,
  "size_z": 256,
  "snr_csf": 2.5898840137858667,
  "snr_gm": 7.472570994830473,
  "snr_total": 8.875313322420071,
  "snr_wm": 16.563484958643876,
  "snrd_csf": 37.161157546942235,
  "snrd_gm": 57.90268927752264,
  "snrd_total": 55.16909885618634,
  "snrd_wm": 70.44344974409415,
  "spacing_x": 1.1999961137771606,
  "spacing_y": 0.9375,
  "spacing_z": 0.9374999403953552,
  "summary_bg_k": 2331.9855564200902,
  "summary_bg_mad": 0.0,
  "summary_bg_mean": 1.4045392198262336,
  "summary_bg_median": 0.0,
  "summary_bg_n": 2421909.0,
  "summary_bg_p05": 0.0,
  "summary_bg_p95": 8.39446510374546,
  "summary_bg_stdv": 9.024381567182626,
  "summary_csf_k": -0.1687437276288608,
  "summary_csf_mad": 144.84228321132642,
  "summary_csf_mean": 515.1249881171962,
  "summary_csf_median": 511.8880055844784,
  "summary_csf_n": 406445.9393526402,
  "summary_csf_p05": 189.88429521024227,
  "summary_csf_p95": 833.3935281187296,
  "summary_csf_stdv": 197.64876463464873,
  "summary_gm_k": -0.5997465936298143,
  "summary_gm_mad": 73.45520176117498,
  "summary_gm_mean": 799.1251358068097,
  "summary_gm_median": 797.598731815815,
  "summary_gm_n": 601516.2339383985,
  "summary_gm_p05": 622.1369745731354,
  "summary_gm_p95": 987.4830270260572,
  "summary_gm_stdv": 106.7367669543885,
  "summary_wm_k": -0.46761809095168516,
  "summary_wm_mad": 48.82241162809116,
  "summary_wm_mean": 959.6298064755117,
  "summary_wm_median": 970.3453653305769,
  "summary_wm_n": 593096.8279097133,
  "summary_wm_p05": 847.2929688543081,
  "summary_wm_p95": 1038.5970994085073,
  "summary_wm_stdv": 58.58335668611844,
  "tpm_overlap_csf": 0.21193169360750674,
  "tpm_overlap_gm": 0.5138112455327807,
  "tpm_overlap_wm": 0.5343271607254386,
  "wm2max": 0.7501588707658534
}