{
  "bids_meta": {
    "InstitutionName": "HH",
    "dataset": "<unset>",
    "modality": "T1w",
    "subject_id": "1078"
  },
  "cjv": 0.6114137175207756,
  "cnr": 1.7026482557637417,
  "efc": 0.6211322818725163,
  "fber": -1.0,
  "fwhm_avg": 4.930887646499748,
  "fwhm_x": 4.288022939499247,
  "fwhm_y": 5.642741333333333,
  "fwhm_z": 4.861898666666666,
  "icvs_csf": 0.24304407606102071,
  "icvs_gm": 0.3894152747973306,
  "icvs_wm": 0.36754064914164863,
  "inu_med": 0.29748064279556274,
  "inu_range": 0.1422460198402405,
  "provenance": {
    "md5sum": "462e48631c21fd0fefe4030e839d1497",
    "settings": {
      "testing": false
    },
    "software": "mriqc",
    "version": "23.1.0",
    "warnings": {
      "large_rot_frame": true,
      "small_air_mask": false
    }
  },
  "qi_1": 0.0,
  "qi_2": 0.002318140166447738,
  "rpve_csf": 6.138051111857357,
  "rpve_gm": 6.066888077613154,
  "rpve_wm": 6.155129712874847,
  "size_x": 150,
  "size_y": 256,
  "size_z": 256,
  "snr_csf": 2.7439876926729787,
  "snr_gm": 8.37499821914351,
  "snr_total": 10.659895993127325,
  "snr_wm": 20.860702067565487,
  "snrd_csf": 106.66450916773864,
  "snrd_gm": 143.43831767543497,
  "snrd_total": 142.02211527504585,
  "snrd_wm": 175.96351898196392,
  "spacing_x": 1.200002908706665,
  "spacing_y": 0.9375,
  "spacing_z": 0.9375,
  "summary_bg_k": 34.48333513414896,
  "summary_bg_mad": 0.0,
  "summary_bg_mean": 1.3075631245289476,
  "summary_bg_median": 0.0,
  "summary_bg_n": 2392482.0,
  "summary_bg_p05": 0.0,
  "summary_bg_p95": 8.92592248879373,
  "summary_bg_stdv": 3.6411152859456237,
  "summary_csf_k": 0.17963788631219701,
  "summary_csf_mad": 134.3887812927726,
  "summary_csf_mean": 576.7334470858317,
  "summary_csf_median": 592.8197163194418,
  "summary_csf_n": 382241.49491062714,
  "summary_csf_p05": 160.32044713944197,
  "summary_csf_p95": 898.8725378327072,
  "summary_csf_stdv": 216.04285706166888,
  "summary_gm_k": -0.6401572747578013,
  "summary_gm_mad": 71.08015464448611,
  "summary_gm_mean": 801.0467594020683,
  "summary_gm_median": 797.2010883204639,
  "summary_gm_n": 612443.1386765938,
  "summary_gm_p05": 646.5730556286871,
  "summary_gm_p95": 976.3376767728478,
  "summary_gm_stdv": 95.18813217907848,
  "summary_wm_k": -0.2873706569030685,
  "summary_wm_mad": 39.4441703958056,
  "summary_wm_mean": 972.240446266394,
  "summary_wm_median": 977.9695628788322,
  "summary_wm_n": 578040.36800738,
  "summary_wm_p05": 881.2679483257234,
  "summary_wm_p95": 1038.1762699708343,
  "summary_wm_stdv": 46.88091099597626,
  "tpm_overlap_csf": 0.21472289861115762,
  "tpm_overlap_gm": 0.5046528399767026,
  "tpm_overlap_wm": 0.5129201362390547,
  "wm2max": 0.7056382490648272
}