{
  "bids_meta": {
    "InstitutionName": "HH",
    "dataset": "<unset>",
    "modality": "T1w",
    "subject_id": "0287"
  },
  "cjv": 0.7710249394770394,
  "cnr": 1.14142253166756,
  "efc": 0.6283286736978939,
  "fber": 8734.03215191402,
  "fwhm_avg": 4.933728567581933,
  "fwhm_x": 4.334135036079133,
  "fwhm_y": 5.588821333333333,
  "fwhm_z": 4.8782293333333335,
  "icvs_csf": 0.26240648786113085,
  "icvs_gm": 0.3568382622890432,
  "icvs_wm": 0.380755249849826,
  "inu_med": 0.40513402223587036,
  "inu_range": 0.18909015059471135,
  "provenance": {
    "md5sum": "36b7822de4cb79cd19f69b70b6d6e43d",
    "settings": {
      "testing": false
    },
    "software": "mriqc",
    "version": "23.1.0",
    "warnings": {
      "large_rot_frame": true,
      "small_air_mask": false
    }
  },
  "qi_1": 0.0,
  "qi_2": 0.0032873745018739756,
  "rpve_csf": 6.976864596896737,
  "rpve_gm": 6.842019546431406,
  "rpve_wm": 6.9082503122369,
  "size_x": 150,
  "size_y": 256,
  "size_z": 256,
  "snr_csf": 2.068828754252158,
  "snr_gm": 6.257654003421837,
  "snr_total": 7.52558275174486,
  "snr_wm": 14.250265497560585,
  "snrd_csf": 34.82072355702,
  "snrd_gm": 67.12800527011834,
  "snrd_total": 60.984736246420084,
  "snrd_wm": 81.0054799121219,
  "spacing_x": 1.200001835823059,
  "spacing_y": 0.9375,
  "spacing_z": 0.9375,
  "summary_bg_k": 2015.552871915819,
  "summary_bg_mad": 0.0,
  "summary_bg_mean": 1.6621486181900231,
  "summary_bg_median": 0.0,
  "summary_bg_n": 2165662.0,
  "summary_bg_p05": 0.0,
  "summary_bg_p95": 10.534685298800468,
  "summary_bg_stdv": 7.7519818869469415,
  "summary_csf_k": -0.13879158780528034,
  "summary_csf_mad": 136.66404320852433,
  "summary_csf_mean": 424.5944360524873,
  "summary_csf_median": 412.02048658020794,
  "summary_csf_n": 365842.66464211897,
  "summary_csf_p05": 62.56211693957448,
  "summary_csf_p95": 779.3927904199809,
  "summary_csf_stdv": 199.156127650195,
  "summary_gm_k": -0.1476781930335509,
  "summary_gm_mad": 68.07416491896306,
  "summary_gm_mean": 787.1271790158854,
  "summary_gm_median": 794.3003639560193,
  "summary_gm_n": 497497.8392728385,
  "summary_gm_p05": 559.4563888516277,
  "summary_gm_p95": 994.757536103949,
  "summary_gm_stdv": 126.93248383914894,
  "summary_wm_k": -0.6598742233757937,
  "summary_wm_mad": 58.53346756289628,
  "summary_wm_mean": 945.0100546018231,
  "summary_wm_median": 958.5072864554822,
  "summary_wm_n": 530842.4967573734,
  "summary_wm_p05": 819.5687010996044,
  "summary_wm_p95": 1036.4242041371763,
  "summary_wm_stdv": 67.26235267701598,
  "tpm_overlap_csf": 0.19773962506733497,
  "tpm_overlap_gm": 0.5032999966178555,
  "tpm_overlap_wm": 0.5505250466465015,
  "wm2max": 0.6993075445020484
}