{
  "bids_meta": {
    "InstitutionName": "HH",
    "dataset": "<unset>",
    "modality": "T1w",
    "subject_id": "0951"
  },
  "cjv": 0.655538162584456,
  "cnr": 1.2984580892938558,
  "efc": 0.6118652717612217,
  "fber": -1.0,
  "fwhm_avg": 4.933211676421908,
  "fwhm_x": 4.2668673448669665,
  "fwhm_y": 5.568789333333333,
  "fwhm_z": 4.963978351065423,
  "icvs_csf": 0.2702389634225584,
  "icvs_gm": 0.36236659945861416,
  "icvs_wm": 0.3673944371188275,
  "inu_med": 0.40225285291671753,
  "inu_range": 0.18743091225624087,
  "provenance": {
    "md5sum": "02c9fe3112abf1ece162eb58ac34af82",
    "settings": {
      "testing": false
    },
    "software": "mriqc",
    "version": "23.1.0",
    "warnings": {
      "large_rot_frame": true,
      "small_air_mask": false
    }
  },
  "qi_1": 0.0,
  "qi_2": 0.0026878769438442207,
  "rpve_csf": 7.493027036160224,
  "rpve_gm": 7.366480094030861,
  "rpve_wm": 7.43192492243922,
  "size_x": 150,
  "size_y": 256,
  "size_z": 256,
  "snr_csf": 2.40796625389796,
  "snr_gm": 6.10885747110624,
  "snr_total": 7.463809181405274,
  "snr_wm": 13.874603819211622,
  "snrd_csf": 74.54552719229642,
  "snrd_gm": 145.26579853645714,
  "snrd_total": 133.42714399752822,
  "snrd_wm": 180.47010626383107,
  "spacing_x": 1.1999998092651367,
  "spacing_y": 0.9375,
  "spacing_z": 0.9375000596046448,
  "summary_bg_k": 32.58739866716715,
  "summary_bg_mad": 0.0,
  "summary_bg_mean": 1.087517496658298,
  "summary_bg_median": 0.0,
  "summary_bg_n": 2615248.0,
  "summary_bg_p05": 0.0,
  "summary_bg_p95": 7.749264393001795,
  "summary_bg_stdv": 3.5286601227188967,
  "summary_csf_k": 0.07573886467241842,
  "summary_csf_mad": 130.64136931104082,
  "summary_csf_mean": 423.55115795002735,
  "summary_csf_median": 401.5130728967488,
  "summary_csf_n": 351313.08495762706,
  "summary_csf_p05": 158.20456683635712,
  "summary_csf_p95": 737.4448340758681,
  "summary_csf_stdv": 166.7434087999187,
  "summary_gm_k": -0.14716920192189997,
  "summary_gm_mad": 70.80953133064503,
  "summary_gm_mean": 779.1134641087713,
  "summary_gm_median": 782.4227603450418,
  "summary_gm_n": 471079.8410751443,
  "summary_gm_p05": 553.2560869306326,
  "summary_gm_p95": 998.1144517585635,
  "summary_gm_stdv": 128.07991242039532,
  "summary_wm_k": -0.5250991304273462,
  "summary_wm_mad": 53.49068592093503,
  "summary_wm_mean": 952.0048873311301,
  "summary_wm_median": 972.0382920503616,
  "summary_wm_n": 477616.07529061433,
  "summary_wm_p05": 813.3508333675563,
  "summary_wm_p95": 1037.4126501195133,
  "summary_wm_stdv": 70.05874092852365,
  "tpm_overlap_csf": 0.18146432270809132,
  "tpm_overlap_gm": 0.5038721720505772,
  "tpm_overlap_wm": 0.5364256771511303,
  "wm2max": 0.8278433534016624
}