{
  "bids_meta": {
    "InstitutionName": "HH",
    "dataset": "<unset>",
    "modality": "T1w",
    "subject_id": "0950"
  },
  "cjv": 0.6797065703211487,
  "cnr": 1.5491676908863745,
  "efc": 0.5908921264585965,
  "fber": -1.0,
  "fwhm_avg": 5.005492308426446,
  "fwhm_x": 4.317372559741799,
  "fwhm_y": 5.749408365537539,
  "fwhm_z": 4.949696,
  "icvs_csf": 0.25175797849830633,
  "icvs_gm": 0.38126929083086813,
  "icvs_wm": 0.3669727306708255,
  "inu_med": 0.30336320400238037,
  "inu_range": 0.12480778545141219,
  "provenance": {
    "md5sum": "2eea7f26943c228442b47fee6803e6ec",
    "settings": {
      "testing": false
    },
    "software": "mriqc",
    "version": "23.1.0",
    "warnings": {
      "large_rot_frame": true,
      "small_air_mask": false
    }
  },
  "qi_1": 0.0,
  "qi_2": 0.002219052821016282,
  "rpve_csf": 6.154410425002164,
  "rpve_gm": 6.067027749435568,
  "rpve_wm": 6.142038691450241,
  "size_x": 150,
  "size_y": 256,
  "size_z": 256,
  "snr_csf": 2.356566482289294,
  "snr_gm": 8.17585275130246,
  "snr_total": 9.980725096501486,
  "snr_wm": 19.4097560559127,
  "snrd_csf": 122.4395806027631,
  "snrd_gm": 187.28501166375793,
  "snrd_total": 178.95741138804325,
  "snrd_wm": 227.14764189760874,
  "spacing_x": 1.1999937295913696,
  "spacing_y": 0.9374999403953552,
  "spacing_z": 0.9375,
  "summary_bg_k": 27.129813208687487,
  "summary_bg_mad": 0.0,
  "summary_bg_mean": 0.8900572313571053,
  "summary_bg_median": 0.0,
  "summary_bg_n": 3276764.0,
  "summary_bg_p05": 0.0,
  "summary_bg_p95": 5.154516691341996,
  "summary_bg_stdv": 2.8049218638729876,
  "summary_csf_k": -0.45574372694402054,
  "summary_csf_mad": 152.8067405972255,
  "summary_csf_mean": 512.2360652957587,
  "summary_csf_median": 524.216722862795,
  "summary_csf_n": 396261.51978811086,
  "summary_csf_p05": 108.52989291585982,
  "summary_csf_p95": 853.6307204458863,
  "summary_csf_stdv": 222.44908656264627,
  "summary_gm_k": -0.667789776959788,
  "summary_gm_mad": 72.4062361530066,
  "summary_gm_mean": 802.5405878710503,
  "summary_gm_median": 801.848018201068,
  "summary_gm_n": 600109.4763087775,
  "summary_gm_p05": 639.9439363200217,
  "summary_gm_p95": 978.2417552974075,
  "summary_gm_stdv": 98.07507235110957,
  "summary_wm_k": -0.4296056331422693,
  "summary_wm_mad": 43.59869667189795,
  "summary_wm_mean": 965.347903752971,
  "summary_wm_median": 972.5171538107097,
  "summary_wm_n": 577607.005123743,
  "summary_wm_p05": 869.3080523181707,
  "summary_wm_p95": 1034.4426147062331,
  "summary_wm_stdv": 50.10450977120268,
  "tpm_overlap_csf": 0.2085950486568369,
  "tpm_overlap_gm": 0.5224755993798924,
  "tpm_overlap_wm": 0.5410228081824779,
  "wm2max": 0.8105240235186981
}