{
  "bids_meta": {
    "InstitutionName": "HH",
    "dataset": "<unset>",
    "modality": "T1w",
    "subject_id": "0101"
  },
  "cjv": 0.6276260626385973,
  "cnr": 1.7128446055509408,
  "efc": 0.546924945838719,
  "fber": -1.0,
  "fwhm_avg": 5.121867118016368,
  "fwhm_x": 4.428705026164831,
  "fwhm_y": 5.779722666666667,
  "fwhm_z": 5.1571736612176045,
  "icvs_csf": 0.26605271554974463,
  "icvs_gm": 0.37838651245008287,
  "icvs_wm": 0.3555607720001726,
  "inu_med": 0.3617001175880432,
  "inu_range": 0.16268449425697323,
  "provenance": {
    "md5sum": "3a554a63e546ef9432217a1a7e0b0196",
    "settings": {
      "testing": false
    },
    "software": "mriqc",
    "version": "23.1.0",
    "warnings": {
      "large_rot_frame": true,
      "small_air_mask": false
    }
  },
  "qi_1": 0.0,
  "qi_2": 0.0028403304605321067,
  "rpve_csf": 7.934165545698506,
  "rpve_gm": 7.856401264724079,
  "rpve_wm": 7.927625241575431,
  "size_x": 150,
  "size_y": 256,
  "size_z": 256,
  "snr_csf": 2.191809196240469,
  "snr_gm": 7.718450274898115,
  "snr_total": 9.515958574721187,
  "snr_wm": 18.63761625302498,
  "snrd_csf": 87.43500237014248,
  "snrd_gm": 149.1589986332607,
  "snrd_total": 141.01424976499302,
  "snrd_wm": 186.4487482915759,
  "spacing_x": 1.2000054121017456,
  "spacing_y": 0.9375,
  "spacing_z": 0.9374999403953552,
  "summary_bg_k": 52.792718445399814,
  "summary_bg_mad": 0.0,
  "summary_bg_mean": 1.0485882998212426,
  "summary_bg_median": 0.0,
  "summary_bg_n": 2518172.0,
  "summary_bg_p05": 0.0,
  "summary_bg_p95": 6.94032634049654,
  "summary_bg_stdv": 3.437282917696008,
  "summary_csf_k": -0.5886994913312527,
  "summary_csf_mad": 160.8912066370898,
  "summary_csf_mean": 457.4688438538078,
  "summary_csf_median": 458.74239327199757,
  "summary_csf_n": 326362.07742622215,
  "summary_csf_p05": 93.6504794806242,
  "summary_csf_p95": 800.4436502512544,
  "summary_csf_stdv": 209.2981867428445,
  "summary_gm_k": -0.7093466891304465,
  "summary_gm_mad": 79.02913550054987,
  "summary_gm_mean": 782.4127172521189,
  "summary_gm_median": 782.5876840651035,
  "summary_gm_n": 464159.9241642871,
  "summary_gm_p05": 611.1220899503678,
  "summary_gm_p95": 964.4418046325445,
  "summary_gm_stdv": 101.39170600018446,
  "summary_wm_k": -0.4921411252068948,
  "summary_wm_mad": 43.76397120426,
  "summary_wm_mean": 967.2836297860617,
  "summary_wm_median": 978.2346050813794,
  "summary_wm_n": 436159.9991996738,
  "summary_wm_p05": 864.422038320452,
  "summary_wm_p95": 1035.6899649128318,
  "summary_wm_stdv": 52.487049329863524,
  "tpm_overlap_csf": 0.19676670047213146,
  "tpm_overlap_gm": 0.5310003287656261,
  "tpm_overlap_wm": 0.5565130958337591,
  "wm2max": 0.8611122842761735
}