{
  "bids_meta": {
    "InstitutionName": "HH",
    "dataset": "<unset>",
    "modality": "T1w",
    "subject_id": "0415"
  },
  "cjv": 0.7263210548701379,
  "cnr": 1.1677907887254173,
  "efc": 0.5994781852010522,
  "fber": -1.0,
  "fwhm_avg": 5.007845816251783,
  "fwhm_x": 4.354768770453305,
  "fwhm_y": 5.666005693568274,
  "fwhm_z": 5.002762984733771,
  "icvs_csf": 0.27098315116908345,
  "icvs_gm": 0.3501959093050427,
  "icvs_wm": 0.37882093952587387,
  "inu_med": 0.4102798253297806,
  "inu_range": 0.2083401873707772,
  "provenance": {
    "md5sum": "5db03acc1cd774045597c9325dac7ce2",
    "settings": {
      "testing": false
    },
    "software": "mriqc",
    "version": "23.1.0",
    "warnings": {
      "large_rot_frame": true,
      "small_air_mask": false
    }
  },
  "qi_1": 0.0,
  "qi_2": 0.0011323128454185018,
  "rpve_csf": 6.443450575749197,
  "rpve_gm": 6.320100763834121,
  "rpve_wm": 6.391904757697592,
  "size_x": 150,
  "size_y": 256,
  "size_z": 256,
  "snr_csf": 2.2458361382522174,
  "snr_gm": 5.183606226684807,
  "snr_total": 7.170047662360507,
  "snr_wm": 14.080700622144498,
  "snrd_csf": 48.01387726010153,
  "snrd_gm": 99.06895137365345,
  "snrd_total": 90.24181204409679,
  "snrd_wm": 123.64260749853538,
  "spacing_x": 1.2000017166137695,
  "spacing_y": 0.9374999403953552,
  "spacing_z": 0.9374999403953552,
  "summary_bg_k": 27.92810109373535,
  "summary_bg_mad": 0.0,
  "summary_bg_mean": 2.101658391422936,
  "summary_bg_median": 0.0,
  "summary_bg_n": 2423514.0,
  "summary_bg_p05": 0.0,
  "summary_bg_p95": 12.000882863998413,
  "summary_bg_stdv": 5.151465275604628,
  "summary_csf_k": -0.04796392586145748,
  "summary_csf_mad": 131.44889780949492,
  "summary_csf_mean": 398.6017663284623,
  "summary_csf_median": 377.5424803942442,
  "summary_csf_n": 408691.91144499934,
  "summary_csf_p05": 120.84712560474873,
  "summary_csf_p95": 713.5230796933174,
  "summary_csf_stdv": 168.10755338386903,
  "summary_gm_k": -0.13303060334020378,
  "summary_gm_mad": 80.5243061475433,
  "summary_gm_mean": 765.0405075549614,
  "summary_gm_median": 778.9984847307205,
  "summary_gm_n": 528159.1675963446,
  "summary_gm_p05": 487.51380590349436,
  "summary_gm_p95": 1005.7136928066611,
  "summary_gm_stdv": 150.28104242457763,
  "summary_wm_k": -0.6523629829265061,
  "summary_wm_mad": 59.820859441046586,
  "summary_wm_mean": 955.3188952389768,
  "summary_wm_median": 972.2259351089597,
  "summary_wm_n": 571330.9229827994,
  "summary_wm_p05": 822.78847091645,
  "summary_wm_p95": 1043.2605726495385,
  "summary_wm_stdv": 69.04664124003139,
  "tpm_overlap_csf": 0.1846992279196707,
  "tpm_overlap_gm": 0.4885604406735576,
  "tpm_overlap_wm": 0.5361179919788103,
  "wm2max": 0.8238709499281998
}