{
  "bids_meta": {
    "InstitutionName": "HH",
    "dataset": "<unset>",
    "modality": "T1w",
    "subject_id": "0293"
  },
  "cjv": 0.648485813860358,
  "cnr": 1.471077833407814,
  "efc": 0.6390901501932118,
  "fber": -1.0,
  "fwhm_avg": 5.279460114322357,
  "fwhm_x": 4.722561676300406,
  "fwhm_y": 5.911712,
  "fwhm_z": 5.204106666666666,
  "icvs_csf": 0.27039757829246613,
  "icvs_gm": 0.3730058161246338,
  "icvs_wm": 0.3565966055829,
  "inu_med": 0.41100767254829407,
  "inu_range": 0.21719157695770264,
  "provenance": {
    "md5sum": "7899784c32a85e83527dba7ce529fd55",
    "settings": {
      "testing": false
    },
    "software": "mriqc",
    "version": "23.1.0",
    "warnings": {
      "large_rot_frame": true,
      "small_air_mask": false
    }
  },
  "qi_1": 0.0,
  "qi_2": 0.002370116901714145,
  "rpve_csf": 6.68037261510858,
  "rpve_gm": 6.565037433582536,
  "rpve_wm": 6.631228098198082,
  "size_x": 150,
  "size_y": 256,
  "size_z": 256,
  "snr_csf": 2.3061195510393118,
  "snr_gm": 7.1663061128687415,
  "snr_total": 7.803688213073136,
  "snr_wm": 13.938638975311354,
  "snrd_csf": 71.349264515814,
  "snrd_gm": 128.0891626852032,
  "snrd_total": 119.5841794600545,
  "snrd_wm": 159.31411117914632,
  "spacing_x": 1.2000033855438232,
  "spacing_y": 0.9375,
  "spacing_z": 0.9375,
  "summary_bg_k": 181.85341652663374,
  "summary_bg_mad": 0.0,
  "summary_bg_mean": 1.128574580391137,
  "summary_bg_median": 0.0,
  "summary_bg_n": 2725124.0,
  "summary_bg_p05": 0.0,
  "summary_bg_p95": 8.77238217741251,
  "summary_bg_stdv": 3.943107008857664,
  "summary_csf_k": -0.263999547809465,
  "summary_csf_mad": 155.6889112961468,
  "summary_csf_mean": 443.3522227794178,
  "summary_csf_median": 429.4339087083936,
  "summary_csf_n": 393603.15357182943,
  "summary_csf_p05": 137.39098557271063,
  "summary_csf_p95": 766.0869753286242,
  "summary_csf_stdv": 186.21470122750807,
  "summary_gm_k": -0.3285745739171926,
  "summary_gm_mad": 68.51077153105625,
  "summary_gm_mean": 774.0329125444505,
  "summary_gm_median": 770.9375866502523,
  "summary_gm_n": 542964.4246609749,
  "summary_gm_p05": 594.3030913956463,
  "summary_gm_p95": 971.8767407611012,
  "summary_gm_stdv": 107.57799967988241,
  "summary_wm_k": -0.5416329863650935,
  "summary_wm_mad": 53.36266124278251,
  "summary_wm_mean": 941.2084091150798,
  "summary_wm_median": 958.8729742392898,
  "summary_wm_n": 519078.4229532796,
  "summary_wm_p05": 804.891865901649,
  "summary_wm_p95": 1026.4719192534685,
  "summary_wm_stdv": 68.79237293591396,
  "tpm_overlap_csf": 0.18790763910044994,
  "tpm_overlap_gm": 0.5236303444237429,
  "tpm_overlap_wm": 0.551284389390194,
  "wm2max": 0.7382041012179856
}