{
  "bids_meta": {
    "InstitutionName": "HH",
    "dataset": "<unset>",
    "modality": "T1w",
    "subject_id": "0409"
  },
  "cjv": 0.7316146228136791,
  "cnr": 1.3060539388094579,
  "efc": 0.5992372746392283,
  "fber": -1.0,
  "fwhm_avg": 4.772624362677877,
  "fwhm_x": 4.160507754700298,
  "fwhm_y": 5.39792,
  "fwhm_z": 4.759445333333333,
  "icvs_csf": 0.26525190235136237,
  "icvs_gm": 0.36374568057404355,
  "icvs_wm": 0.3710024170745941,
  "inu_med": 0.3894580900669098,
  "inu_range": 0.1796542674303055,
  "provenance": {
    "md5sum": "8151eff0eaf014289ae86fb52e444a2d",
    "settings": {
      "testing": false
    },
    "software": "mriqc",
    "version": "23.1.0",
    "warnings": {
      "large_rot_frame": true,
      "small_air_mask": false
    }
  },
  "qi_1": 0.0,
  "qi_2": 0.0017943261666475197,
  "rpve_csf": 6.676808889821148,
  "rpve_gm": 6.559855840871554,
  "rpve_wm": 6.6296498731126405,
  "size_x": 150,
  "size_y": 256,
  "size_z": 256,
  "snr_csf": 2.336076431690882,
  "snr_gm": 6.973613452247301,
  "snr_total": 8.363202429382111,
  "snr_wm": 15.779917404208152,
  "snrd_csf": 38.932539516896014,
  "snrd_gm": 68.99091616466771,
  "snrd_total": 63.86643137379713,
  "snrd_wm": 83.67583843982766,
  "spacing_x": 1.2000001668930054,
  "spacing_y": 0.9375,
  "spacing_z": 0.9375,
  "summary_bg_k": 2164.9987959727664,
  "summary_bg_mad": 0.0,
  "summary_bg_mean": 1.87386153708656,
  "summary_bg_median": 0.0,
  "summary_bg_n": 2371242.0,
  "summary_bg_p05": 0.0,
  "summary_bg_p95": 10.819971663877368,
  "summary_bg_stdv": 7.566332203653176,
  "summary_csf_k": 0.13200673015567244,
  "summary_csf_mad": 144.97457429124762,
  "summary_csf_mean": 463.19803941623553,
  "summary_csf_median": 449.6415212415159,
  "summary_csf_n": 386035.6826622806,
  "summary_csf_p05": 109.52939990349114,
  "summary_csf_p95": 795.6459644977003,
  "summary_csf_stdv": 192.4769809574749,
  "summary_gm_k": -0.4161384912180224,
  "summary_gm_mad": 70.58354156934227,
  "summary_gm_mean": 793.8729242970204,
  "summary_gm_median": 796.7931422162801,
  "summary_gm_n": 529379.0953847821,
  "summary_gm_p05": 595.7241748142987,
  "summary_gm_p95": 989.8579378090799,
  "summary_gm_stdv": 114.25818122824907,
  "summary_wm_k": -0.6529805583687036,
  "summary_wm_mad": 53.49814979845,
  "summary_wm_mean": 954.6900148511488,
  "summary_wm_median": 966.3929390199482,
  "summary_wm_n": 539940.223143178,
  "summary_wm_p05": 837.8047456555068,
  "summary_wm_p95": 1036.8400798290968,
  "summary_wm_stdv": 61.241894957858115,
  "tpm_overlap_csf": 0.20388287519733392,
  "tpm_overlap_gm": 0.5041097029103894,
  "tpm_overlap_wm": 0.5556713648496737,
  "wm2max": 0.698067723831406
}