{
  "bids_meta": {
    "InstitutionName": "HH",
    "dataset": "<unset>",
    "modality": "T1w",
    "subject_id": "0229"
  },
  "cjv": 0.7060914149282225,
  "cnr": 1.3469051813234276,
  "efc": 0.6000775157609877,
  "fber": -1.0,
  "fwhm_avg": 4.912014442645192,
  "fwhm_x": 4.184982354076233,
  "fwhm_y": 5.654036973859343,
  "fwhm_z": 4.897024,
  "icvs_csf": 0.27061002402638207,
  "icvs_gm": 0.36934826461322273,
  "icvs_wm": 0.3600417113603952,
  "inu_med": 0.39674460887908936,
  "inu_range": 0.19027205705642702,
  "provenance": {
    "md5sum": "5d5fa9b9752f3a5ed9a07a317bd9e6ac",
    "settings": {
      "testing": false
    },
    "software": "mriqc",
    "version": "23.1.0",
    "warnings": {
      "large_rot_frame": true,
      "small_air_mask": false
    }
  },
  "qi_1": 0.0,
  "qi_2": 0.0008299176586625014,
  "rpve_csf": 6.380539095625956,
  "rpve_gm": 6.255353795712906,
  "rpve_wm": 6.32343669170505,
  "size_x": 150,
  "size_y": 256,
  "size_z": 256,
  "snr_csf": 2.388708733898063,
  "snr_gm": 7.179427575115645,
  "snr_total": 7.796989654998133,
  "snr_wm": 13.82283265598069,
  "snrd_csf": 54.705528379840075,
  "snrd_gm": 95.01043645665919,
  "snrd_total": 88.6195100840052,
  "snrd_wm": 116.14256541551634,
  "spacing_x": 1.200002670288086,
  "spacing_y": 0.9375000596046448,
  "spacing_z": 0.9375,
  "summary_bg_k": 26.98095285070139,
  "summary_bg_mad": 0.0,
  "summary_bg_mean": 1.865207003692585,
  "summary_bg_median": 0.0,
  "summary_bg_n": 2554844.0,
  "summary_bg_p05": 0.0,
  "summary_bg_p95": 11.977378381416202,
  "summary_bg_stdv": 5.383780818126037,
  "summary_csf_k": -0.1145980104404356,
  "summary_csf_mad": 150.04330812612642,
  "summary_csf_mean": 461.02854944260025,
  "summary_csf_median": 449.559167124331,
  "summary_csf_n": 411981.3012374141,
  "summary_csf_p05": 137.75219919905066,
  "summary_csf_p95": 782.3574167490005,
  "summary_csf_stdv": 188.2015229140568,
  "summary_gm_k": -0.35604998741513993,
  "summary_gm_mad": 67.00323422909013,
  "summary_gm_mean": 782.4933543076686,
  "summary_gm_median": 780.7768967151642,
  "summary_gm_n": 562302.0773624467,
  "summary_gm_p05": 599.8814397174865,
  "summary_gm_p95": 977.0577284172177,
  "summary_gm_stdv": 108.75187391720205,
  "summary_wm_k": -0.522253382572968,
  "summary_wm_mad": 55.61634578906443,
  "summary_wm_mean": 938.7924708759443,
  "summary_wm_median": 954.4365354329348,
  "summary_wm_n": 548133.6224689895,
  "summary_wm_p05": 805.744174124673,
  "summary_wm_p95": 1028.1282820105553,
  "summary_wm_stdv": 69.04776239156881,
  "tpm_overlap_csf": 0.19041419704995233,
  "tpm_overlap_gm": 0.5105615192980314,
  "tpm_overlap_wm": 0.542014179601292,
  "wm2max": 0.7813359210739124
}