{
  "bids_meta": {
    "InstitutionName": "HH",
    "dataset": "<unset>",
    "modality": "T1w",
    "subject_id": "0689"
  },
  "cjv": 0.6612790334794575,
  "cnr": 1.4722194820772003,
  "efc": 0.6464621211205669,
  "fber": -1.0,
  "fwhm_avg": 4.811542308653281,
  "fwhm_x": 4.052696215567547,
  "fwhm_y": 5.534837685228836,
  "fwhm_z": 4.847093025163458,
  "icvs_csf": 0.25580981618160287,
  "icvs_gm": 0.37959059852026616,
  "icvs_wm": 0.36459958529813097,
  "inu_med": 0.3268044590950012,
  "inu_range": 0.14580638706684113,
  "provenance": {
    "md5sum": "fdf3513d01ae927c2678e6ac7e2e79f8",
    "settings": {
      "testing": false
    },
    "software": "mriqc",
    "version": "23.1.0",
    "warnings": {
      "large_rot_frame": true,
      "small_air_mask": false
    }
  },
  "qi_1": 0.0,
  "qi_2": 0.0021350688833585187,
  "rpve_csf": 6.503204330034853,
  "rpve_gm": 6.39819272427321,
  "rpve_wm": 6.465524418707156,
  "size_x": 150,
  "size_y": 256,
  "size_z": 256,
  "snr_csf": 2.423336181045896,
  "snr_gm": 8.435862524017958,
  "snr_total": 9.43475276330075,
  "snr_wm": 17.445059584838393,
  "snrd_csf": 87.39902426053366,
  "snrd_gm": 139.57226906115133,
  "snrd_total": 131.5779067965931,
  "snrd_wm": 167.76242706809438,
  "spacing_x": 1.2000011205673218,
  "spacing_y": 0.9374999403953552,
  "spacing_z": 0.9375000596046448,
  "summary_bg_k": 51.87070856692707,
  "summary_bg_mad": 0.0,
  "summary_bg_mean": 1.1236031851348451,
  "summary_bg_median": 0.0,
  "summary_bg_n": 2471018.0,
  "summary_bg_p05": 0.0,
  "summary_bg_p95": 8.294867556542158,
  "summary_bg_stdv": 3.7683450098456985,
  "summary_csf_k": -0.05329171373078356,
  "summary_csf_mad": 162.1776130629471,
  "summary_csf_mean": 506.22605708795004,
  "summary_csf_median": 502.7192458510399,
  "summary_csf_n": 381947.33452888764,
  "summary_csf_p05": 136.07695950195193,
  "summary_csf_p95": 833.7141674943268,
  "summary_csf_stdv": 207.44896712325905,
  "summary_gm_k": -0.392705089915641,
  "summary_gm_mad": 64.06473079215229,
  "summary_gm_mean": 807.1111407676748,
  "summary_gm_median": 802.8197847492993,
  "summary_gm_n": 566763.3067454884,
  "summary_gm_p05": 650.541555006057,
  "summary_gm_p95": 978.0174419283867,
  "summary_gm_stdv": 95.1673968386336,
  "summary_wm_k": -0.08810794339997452,
  "summary_wm_mad": 43.16153729730408,
  "summary_wm_mean": 956.5534731940879,
  "summary_wm_median": 964.9695924110711,
  "summary_wm_n": 544380.359806435,
  "summary_wm_p05": 848.9328501187265,
  "summary_wm_p95": 1033.202304597944,
  "summary_wm_stdv": 55.31472686676497,
  "tpm_overlap_csf": 0.2002637920317652,
  "tpm_overlap_gm": 0.5135688696500467,
  "tpm_overlap_wm": 0.5428385257021714,
  "wm2max": 0.8146214725782492
}