{
  "bids_meta": {
    "InstitutionName": "HH",
    "dataset": "<unset>",
    "modality": "T1w",
    "subject_id": "1163"
  },
  "cjv": 0.7836403158866388,
  "cnr": 1.1088736496067026,
  "efc": 0.6282681081114759,
  "fber": -1.0,
  "fwhm_avg": 4.945195618985554,
  "fwhm_x": 4.39383752362333,
  "fwhm_y": 5.537738666666667,
  "fwhm_z": 4.904010666666666,
  "icvs_csf": 0.2629679733645041,
  "icvs_gm": 0.34713367043215126,
  "icvs_wm": 0.3898983562033447,
  "inu_med": 0.45640987157821655,
  "inu_range": 0.2114541709423065,
  "provenance": {
    "md5sum": "e30c1de70b632699fdb00c8a004a5bd5",
    "settings": {
      "testing": false
    },
    "software": "mriqc",
    "version": "23.1.0",
    "warnings": {
      "large_rot_frame": true,
      "small_air_mask": false
    }
  },
  "qi_1": 0.0,
  "qi_2": 0.002281031874942956,
  "rpve_csf": 7.215674587931264,
  "rpve_gm": 7.093011181169143,
  "rpve_wm": 7.190944194866584,
  "size_x": 150,
  "size_y": 256,
  "size_z": 256,
  "snr_csf": 2.595074982043895,
  "snr_gm": 4.022068991995642,
  "snr_total": 6.338917624897441,
  "snr_wm": 12.399608900652783,
  "snrd_csf": 63.614271861979944,
  "snrd_gm": 123.60007634587372,
  "snrd_total": 115.93340248803544,
  "snrd_wm": 160.58585925625266,
  "spacing_x": 1.1999988555908203,
  "spacing_y": 0.9375,
  "spacing_z": 0.9375,
  "summary_bg_k": 25.20775517732384,
  "summary_bg_mad": 0.0,
  "summary_bg_mean": 1.3675247781458142,
  "summary_bg_median": 0.0,
  "summary_bg_n": 2399250.0,
  "summary_bg_p05": 0.0,
  "summary_bg_p95": 9.23076924495399,
  "summary_bg_stdv": 3.9183662277374234,
  "summary_csf_k": 1.4106239312667839,
  "summary_csf_mad": 89.05705919807386,
  "summary_csf_mean": 401.7353945915473,
  "summary_csf_median": 380.4765152204782,
  "summary_csf_n": 353353.484952328,
  "summary_csf_p05": 138.54322689771652,
  "summary_csf_p95": 668.4002733211964,
  "summary_csf_stdv": 146.61463713891405,
  "summary_gm_k": 1.3431235334171703,
  "summary_gm_mad": 98.58446897629028,
  "summary_gm_mean": 712.2432566166715,
  "summary_gm_median": 739.2511924225837,
  "summary_gm_n": 466448.0264350341,
  "summary_gm_p05": 361.2253239043057,
  "summary_gm_p95": 1000.8985719941556,
  "summary_gm_stdv": 183.7985378836703,
  "summary_wm_k": -0.8923316725249166,
  "summary_wm_mad": 74.76594453074922,
  "summary_wm_mean": 943.4728818471785,
  "summary_wm_median": 960.4629014078528,
  "summary_wm_n": 523911.490737574,
  "summary_wm_p05": 801.3342422116548,
  "summary_wm_p95": 1045.8543242756277,
  "summary_wm_stdv": 77.45905475533094,
  "tpm_overlap_csf": 0.206017599605321,
  "tpm_overlap_gm": 0.4766158284006973,
  "tpm_overlap_wm": 0.5265802393802621,
  "wm2max": 0.634977497749775
}