{
  "bids_meta": {
    "InstitutionName": "HH",
    "dataset": "<unset>",
    "modality": "T1w",
    "subject_id": "0153"
  },
  "cjv": 0.7229233673158696,
  "cnr": 1.3498475379225756,
  "efc": 0.6168956422592172,
  "fber": -1.0,
  "fwhm_avg": 5.108969291472076,
  "fwhm_x": 4.515750907817354,
  "fwhm_y": 5.768234299932207,
  "fwhm_z": 5.042922666666667,
  "icvs_csf": 0.274632543629439,
  "icvs_gm": 0.36603090524958704,
  "icvs_wm": 0.35933655112097396,
  "inu_med": 0.4103451073169708,
  "inu_range": 0.17875367403030396,
  "provenance": {
    "md5sum": "e3ef4926959b6037c98a8a06ba66a5b9",
    "settings": {
      "testing": false
    },
    "software": "mriqc",
    "version": "23.1.0",
    "warnings": {
      "large_rot_frame": true,
      "small_air_mask": false
    }
  },
  "qi_1": 0.0,
  "qi_2": 0.0010701052302045154,
  "rpve_csf": 7.272167514490591,
  "rpve_gm": 7.154426168279009,
  "rpve_wm": 7.217160492519569,
  "size_x": 150,
  "size_y": 256,
  "size_z": 256,
  "snr_csf": 2.095740582193886,
  "snr_gm": 7.109600456434129,
  "snr_total": 7.990423561232544,
  "snr_wm": 14.765929645069615,
  "snrd_csf": 71.9004937386751,
  "snrd_gm": 132.8868612483,
  "snrd_total": 122.31687413458026,
  "snrd_wm": 162.16326741676568,
  "spacing_x": 1.1999975442886353,
  "spacing_y": 0.9375000596046448,
  "spacing_z": 0.9375,
  "summary_bg_k": 37.533003624545415,
  "summary_bg_mad": 0.0,
  "summary_bg_mean": 1.3737967988444038,
  "summary_bg_median": 0.0,
  "summary_bg_n": 2515077.0,
  "summary_bg_p05": 0.0,
  "summary_bg_p95": 9.080590523779392,
  "summary_bg_stdv": 3.8705883061928317,
  "summary_csf_k": -0.586285831230096,
  "summary_csf_mad": 160.26294907549251,
  "summary_csf_mean": 425.0532418703193,
  "summary_csf_median": 424.7927763964981,
  "summary_csf_n": 367711.28012327454,
  "summary_csf_p05": 73.28678614646196,
  "summary_csf_p95": 772.1024331469089,
  "summary_csf_stdv": 202.69312069824173,
  "summary_gm_k": -0.4089709066988667,
  "summary_gm_mad": 70.23828018454975,
  "summary_gm_mean": 783.7812183069191,
  "summary_gm_median": 785.1041877605021,
  "summary_gm_n": 490086.4659201263,
  "summary_gm_p05": 593.1047320645303,
  "summary_gm_p95": 977.1953665930778,
  "summary_gm_stdv": 110.42862275955352,
  "summary_wm_k": -0.5705414394523562,
  "summary_wm_mad": 54.80353710430503,
  "summary_wm_mean": 944.6748679432194,
  "summary_wm_median": 958.0710926111788,
  "summary_wm_n": 481123.2545916384,
  "summary_wm_p05": 820.8991418201476,
  "summary_wm_p95": 1030.119616413489,
  "summary_wm_stdv": 64.88383190081103,
  "tpm_overlap_csf": 0.18191238925013883,
  "tpm_overlap_gm": 0.5235573988174821,
  "tpm_overlap_wm": 0.5590108778212218,
  "wm2max": 0.7447859103711362
}