{
  "bids_meta": {
    "InstitutionName": "HH",
    "dataset": "<unset>",
    "modality": "T1w",
    "subject_id": "1008"
  },
  "cjv": 0.6680475368012995,
  "cnr": 1.4217926394066989,
  "efc": 0.6387341268823569,
  "fber": -1.0,
  "fwhm_avg": 5.002541939398655,
  "fwhm_x": 4.3282551515293,
  "fwhm_y": 5.69328,
  "fwhm_z": 4.986090666666667,
  "icvs_csf": 0.2638925064120679,
  "icvs_gm": 0.36660683486627005,
  "icvs_wm": 0.3695006587216622,
  "inu_med": 0.37733399868011475,
  "inu_range": 0.18451199531555174,
  "provenance": {
    "md5sum": "317b997f448cbf74c1bc59fd12d64567",
    "settings": {
      "testing": false
    },
    "software": "mriqc",
    "version": "23.1.0",
    "warnings": {
      "large_rot_frame": true,
      "small_air_mask": false
    }
  },
  "qi_1": 0.0,
  "qi_2": 0.003238557536921023,
  "rpve_csf": 6.87377349048204,
  "rpve_gm": 6.777301819907299,
  "rpve_wm": 6.852856354316938,
  "size_x": 150,
  "size_y": 256,
  "size_z": 256,
  "snr_csf": 2.252456940821152,
  "snr_gm": 6.922183409973362,
  "snr_total": 9.01472999791054,
  "snr_wm": 17.869549642937105,
  "snrd_csf": 53.93745203592892,
  "snrd_gm": 92.39483164960069,
  "snrd_total": 86.58733699692527,
  "snrd_wm": 113.42972730524622,
  "spacing_x": 1.2000008821487427,
  "spacing_y": 0.9375,
  "spacing_z": 0.9375,
  "summary_bg_k": 1577.7931190781449,
  "summary_bg_mad": 0.0,
  "summary_bg_mean": 1.3458572182241078,
  "summary_bg_median": 0.0,
  "summary_bg_n": 2577714.0,
  "summary_bg_p05": 0.0,
  "summary_bg_p95": 8.779295906424522,
  "summary_bg_stdv": 5.63034377694126,
  "summary_csf_k": -0.010228978150925272,
  "summary_csf_mad": 148.68654591144764,
  "summary_csf_mean": 469.6344817214079,
  "summary_csf_median": 463.5468238592148,
  "summary_csf_n": 372782.2077875909,
  "summary_csf_p05": 82.49993428587914,
  "summary_csf_p95": 811.5377558022738,
  "summary_csf_stdv": 205.79581066279525,
  "summary_gm_k": -0.4515943912871716,
  "summary_gm_mad": 74.92805891401548,
  "summary_gm_mean": 790.7448777932485,
  "summary_gm_median": 794.0555056929588,
  "summary_gm_n": 517879.4470126689,
  "summary_gm_p05": 590.1468155533075,
  "summary_gm_p95": 988.5487190634012,
  "summary_gm_stdv": 114.71160066450511,
  "summary_wm_k": -0.472192851989679,
  "summary_wm_mad": 45.83967350479799,
  "summary_wm_mean": 965.2349882702224,
  "summary_wm_median": 974.8326596617699,
  "summary_wm_n": 521967.3465154952,
  "summary_wm_p05": 858.2843255996704,
  "summary_wm_p95": 1038.4761931747198,
  "summary_wm_stdv": 54.55267454042694,
  "tpm_overlap_csf": 0.20085125016500394,
  "tpm_overlap_gm": 0.506514429665492,
  "tpm_overlap_wm": 0.547159469538781,
  "wm2max": 0.6726743963641529
}