{
  "bids_meta": {
    "InstitutionName": "HH",
    "dataset": "<unset>",
    "modality": "T1w",
    "subject_id": "0782"
  },
  "cjv": 0.702169969435964,
  "cnr": 1.3868832477400683,
  "efc": 0.6144956331971706,
  "fber": -1.0,
  "fwhm_avg": 4.88324190058641,
  "fwhm_x": 4.203699035092564,
  "fwhm_y": 5.7408106666666665,
  "fwhm_z": 4.705215999999999,
  "icvs_csf": 0.26913168276952826,
  "icvs_gm": 0.3634013227681232,
  "icvs_wm": 0.3674669944623486,
  "inu_med": 0.3742126524448395,
  "inu_range": 0.18749295026063917,
  "provenance": {
    "md5sum": "e4cab1725951e2c49638c711f6fc9458",
    "settings": {
      "testing": false
    },
    "software": "mriqc",
    "version": "23.1.0",
    "warnings": {
      "large_rot_frame": true,
      "small_air_mask": false
    }
  },
  "qi_1": 0.0,
  "qi_2": 0.0009978110193615672,
  "rpve_csf": 7.258985719287518,
  "rpve_gm": 7.15455616148939,
  "rpve_wm": 7.235381367679585,
  "size_x": 150,
  "size_y": 256,
  "size_z": 256,
  "snr_csf": 2.4154944140574193,
  "snr_gm": 6.576384586090534,
  "snr_total": 8.530047074509637,
  "snr_wm": 16.598262223380956,
  "snrd_csf": 59.17438129215628,
  "snrd_gm": 100.30806291149395,
  "snrd_total": 94.4527758737405,
  "snrd_wm": 123.87588341757126,
  "spacing_x": 1.199995517730713,
  "spacing_y": 0.9375,
  "spacing_z": 0.9375,
  "summary_bg_k": 1835.5425609510826,
  "summary_bg_mad": 0.0,
  "summary_bg_mean": 1.205506808389058,
  "summary_bg_median": 0.0,
  "summary_bg_n": 2558195.0,
  "summary_bg_p05": 0.0,
  "summary_bg_p95": 8.59969174861908,
  "summary_bg_stdv": 5.143796703449209,
  "summary_csf_k": 0.09706014363817195,
  "summary_csf_mad": 143.01285414490403,
  "summary_csf_mean": 476.3321267167529,
  "summary_csf_median": 464.6070458292961,
  "summary_csf_n": 359988.9245110224,
  "summary_csf_p05": 149.52527618408203,
  "summary_csf_p95": 802.1822288632393,
  "summary_csf_stdv": 192.34422477550265,
  "summary_gm_k": -0.5340555368155875,
  "summary_gm_mad": 80.14763147775477,
  "summary_gm_mean": 784.4290177973729,
  "summary_gm_median": 787.5677238106728,
  "summary_gm_n": 486083.4295054294,
  "summary_gm_p05": 578.1428605914116,
  "summary_gm_p95": 990.1327173113823,
  "summary_gm_stdv": 119.75682130272897,
  "summary_wm_k": -0.5424462234853991,
  "summary_wm_mad": 49.78365523055021,
  "summary_wm_mean": 960.1620133930242,
  "summary_wm_median": 972.6102240085602,
  "summary_wm_n": 491521.6475760698,
  "summary_wm_p05": 846.9205096364021,
  "summary_wm_p95": 1037.2073305249214,
  "summary_wm_stdv": 58.59705200048202,
  "tpm_overlap_csf": 0.1951272068280698,
  "tpm_overlap_gm": 0.5002073486209418,
  "tpm_overlap_wm": 0.5369054457681864,
  "wm2max": 0.7789043668674617
}