{
  "bids_meta": {
    "InstitutionName": "HH",
    "dataset": "<unset>",
    "modality": "T1w",
    "subject_id": "0023"
  },
  "cjv": 0.8780563165821752,
  "cnr": 1.0661316385472812,
  "efc": 0.6153839044137451,
  "fber": -1.0,
  "fwhm_avg": 5.032559143971789,
  "fwhm_x": 4.400280098582036,
  "fwhm_y": 5.744373333333333,
  "fwhm_z": 4.953024,
  "icvs_csf": 0.2683198687189664,
  "icvs_gm": 0.36281045924444033,
  "icvs_wm": 0.36886967203659315,
  "inu_med": 0.4799877405166626,
  "inu_range": 0.24836109876632695,
  "provenance": {
    "md5sum": "716ed43a2b60ea7ea9f0ecedd386a521",
    "settings": {
      "testing": false
    },
    "software": "mriqc",
    "version": "23.1.0",
    "warnings": {
      "large_rot_frame": true,
      "small_air_mask": false
    }
  },
  "qi_1": 0.0,
  "qi_2": 0.001388408297997393,
  "rpve_csf": 8.023142082264325,
  "rpve_gm": 7.866723814787773,
  "rpve_wm": 7.9214211689024685,
  "size_x": 150,
  "size_y": 256,
  "size_z": 256,
  "snr_csf": 2.0732898095793004,
  "snr_gm": 7.127335144093908,
  "snr_total": 7.256751473570396,
  "snr_wm": 12.569629467037977,
  "snrd_csf": 40.48770614896956,
  "snrd_gm": 78.41669080589139,
  "snrd_total": 70.4841464977077,
  "snrd_wm": 92.54804253826214,
  "spacing_x": 1.2000008821487427,
  "spacing_y": 0.9375,
  "spacing_z": 0.9375,
  "summary_bg_k": 58.56424010376265,
  "summary_bg_mad": 0.0,
  "summary_bg_mean": 2.1776520587288286,
  "summary_bg_median": 0.0,
  "summary_bg_n": 2484604.0,
  "summary_bg_p05": 0.0,
  "summary_bg_p95": 13.699692394584417,
  "summary_bg_stdv": 6.671203539754621,
  "summary_csf_k": -0.4562258443588334,
  "summary_csf_mad": 159.2704220090591,
  "summary_csf_mean": 417.74537756187823,
  "summary_csf_median": 412.28319564834237,
  "summary_csf_n": 326238.59079934726,
  "summary_csf_p05": 63.923281682655215,
  "summary_csf_p95": 768.2425616215914,
  "summary_csf_stdv": 198.8542855269125,
  "summary_gm_k": -0.18977277586362762,
  "summary_gm_mad": 60.780290978433044,
  "summary_gm_mean": 795.7727941112555,
  "summary_gm_median": 798.5111272707582,
  "summary_gm_n": 441125.63678667176,
  "summary_gm_p05": 600.3567085973918,
  "summary_gm_p95": 985.9384283144027,
  "summary_gm_stdv": 112.03489186956072,
  "summary_wm_k": -0.6200756626264066,
  "summary_wm_mad": 65.57066700132341,
  "summary_wm_mean": 930.6409880824308,
  "summary_wm_median": 942.4095943663269,
  "summary_wm_n": 448492.77307852695,
  "summary_wm_p05": 798.2009455561638,
  "summary_wm_p95": 1037.5061383657157,
  "summary_wm_stdv": 74.97504570013697,
  "tpm_overlap_csf": 0.1810463630933777,
  "tpm_overlap_gm": 0.5251473532095703,
  "tpm_overlap_wm": 0.5609057858770141,
  "wm2max": 0.6841749704441817
}