{
  "bids_meta": {
    "InstitutionName": "HH",
    "dataset": "<unset>",
    "modality": "T1w",
    "subject_id": "0592"
  },
  "cjv": 0.742833778672345,
  "cnr": 1.3230461673029417,
  "efc": 0.5744066625613125,
  "fber": -1.0,
  "fwhm_avg": 5.103572847606291,
  "fwhm_x": 4.411998509804912,
  "fwhm_y": 5.708992362967959,
  "fwhm_z": 5.189727670046001,
  "icvs_csf": 0.2654327657148842,
  "icvs_gm": 0.36463233364842895,
  "icvs_wm": 0.36993490063668677,
  "inu_med": 0.3498958945274353,
  "inu_range": 0.1379684329032898,
  "provenance": {
    "md5sum": "329403e22c7eb3db125af434868cb572",
    "settings": {
      "testing": false
    },
    "software": "mriqc",
    "version": "23.1.0",
    "warnings": {
      "large_rot_frame": true,
      "small_air_mask": false
    }
  },
  "qi_1": 0.0,
  "qi_2": 0.0011507387418351921,
  "rpve_csf": 6.302075273678436,
  "rpve_gm": 6.1896898195445,
  "rpve_wm": 6.2580238848063505,
  "size_x": 150,
  "size_y": 256,
  "size_z": 256,
  "snr_csf": 2.222911865489588,
  "snr_gm": 7.155032614624474,
  "snr_total": 8.696908917020453,
  "snr_wm": 16.712782270947297,
  "snrd_csf": 41.354672137845256,
  "snrd_gm": 72.64473838301623,
  "snrd_total": 67.26442001853682,
  "snrd_wm": 87.793849534749,
  "spacing_x": 1.2000004053115845,
  "spacing_y": 0.9374999403953552,
  "spacing_z": 0.9375000596046448,
  "summary_bg_k": 22.762236399614412,
  "summary_bg_mad": 0.0,
  "summary_bg_mean": 2.4976904643711304,
  "summary_bg_median": 0.0,
  "summary_bg_n": 3256174.0,
  "summary_bg_p05": 0.0,
  "summary_bg_p95": 17.814287826418877,
  "summary_bg_stdv": 7.239909862250158,
  "summary_csf_k": -0.4450877969408964,
  "summary_csf_mad": 165.2087387424151,
  "summary_csf_mean": 464.3040782711307,
  "summary_csf_median": 457.01032435521483,
  "summary_csf_n": 408976.94757357566,
  "summary_csf_p05": 112.63152704760432,
  "summary_csf_p95": 809.1194149553776,
  "summary_csf_stdv": 205.59059165865727,
  "summary_gm_k": -0.2344825127564527,
  "summary_gm_mad": 73.72640960652403,
  "summary_gm_mean": 803.2234126573184,
  "summary_gm_median": 802.7967273071408,
  "summary_gm_n": 561822.9475194056,
  "summary_gm_p05": 612.4007572866976,
  "summary_gm_p95": 995.5233230665326,
  "summary_gm_stdv": 112.20018916600152,
  "summary_wm_k": -0.43505631201570294,
  "summary_wm_mad": 50.63345068104667,
  "summary_wm_mean": 962.0689198659948,
  "summary_wm_median": 970.2094969712198,
  "summary_wm_n": 569993.1056207288,
  "summary_wm_p05": 853.1013224646449,
  "summary_wm_p95": 1044.189557556063,
  "summary_wm_stdv": 58.051892866824126,
  "tpm_overlap_csf": 0.18724867129232908,
  "tpm_overlap_gm": 0.515540271823272,
  "tpm_overlap_wm": 0.542132079257861,
  "wm2max": 0.7793211520559381
}