{
  "bids_meta": {
    "InstitutionName": "HH",
    "dataset": "<unset>",
    "modality": "T1w",
    "subject_id": "0607"
  },
  "cjv": 0.6280125676394162,
  "cnr": 1.6668039200984395,
  "efc": 0.591174627317836,
  "fber": -1.0,
  "fwhm_avg": 5.132779417216562,
  "fwhm_x": 4.354146251649684,
  "fwhm_y": 5.800469333333334,
  "fwhm_z": 5.243722666666667,
  "icvs_csf": 0.2553859210714645,
  "icvs_gm": 0.38528913185187985,
  "icvs_wm": 0.3593249470766557,
  "inu_med": 0.34215471148490906,
  "inu_range": 0.15052451789379118,
  "provenance": {
    "md5sum": "676feddded43da477ee267f2f3c421d9",
    "settings": {
      "testing": false
    },
    "software": "mriqc",
    "version": "23.1.0",
    "warnings": {
      "large_rot_frame": true,
      "small_air_mask": false
    }
  },
  "qi_1": 0.0,
  "qi_2": 0.002601150350625608,
  "rpve_csf": 6.676002402937266,
  "rpve_gm": 6.588165728491814,
  "rpve_wm": 6.653499816013968,
  "size_x": 150,
  "size_y": 256,
  "size_z": 256,
  "snr_csf": 2.2096674704604173,
  "snr_gm": 8.814428687867043,
  "snr_total": 9.673488288239623,
  "snr_wm": 17.99636870639141,
  "snrd_csf": 95.8758087949898,
  "snrd_gm": 155.68715044577098,
  "snrd_total": 147.18881908104638,
  "snrd_wm": 190.00349800237834,
  "spacing_x": 1.1999987363815308,
  "spacing_y": 0.9375,
  "spacing_z": 0.9375,
  "summary_bg_k": 20.799908034514186,
  "summary_bg_mad": 0.0,
  "summary_bg_mean": 1.1897407655321415,
  "summary_bg_median": 0.0,
  "summary_bg_n": 2988576.0,
  "summary_bg_p05": 0.0,
  "summary_bg_p95": 8.28957606293261,
  "summary_bg_stdv": 3.352635593193285,
  "summary_csf_k": -0.5817072113230464,
  "summary_csf_mad": 171.30514302966137,
  "summary_csf_mean": 484.70330045563384,
  "summary_csf_median": 490.6408025752753,
  "summary_csf_n": 371688.41434414615,
  "summary_csf_p05": 89.14332968555391,
  "summary_csf_p95": 830.8537556566298,
  "summary_csf_stdv": 222.04252409812955,
  "summary_gm_k": -0.5529473435567294,
  "summary_gm_mad": 66.82089946917571,
  "summary_gm_mean": 799.5333306140407,
  "summary_gm_median": 796.7230671159923,
  "summary_gm_n": 560749.4175138347,
  "summary_gm_p05": 651.1571390666068,
  "summary_gm_p95": 966.2825774941593,
  "summary_gm_stdv": 90.38842844155913,
  "summary_wm_k": -0.4235159684520018,
  "summary_wm_mad": 43.466021984803625,
  "summary_wm_mean": 962.1006123551355,
  "summary_wm_median": 972.3356696926057,
  "summary_wm_n": 522961.1689355547,
  "summary_wm_p05": 856.2329855971038,
  "summary_wm_p95": 1034.568264182657,
  "summary_wm_stdv": 54.02949650073592,
  "tpm_overlap_csf": 0.19906492618456437,
  "tpm_overlap_gm": 0.5347388051750301,
  "tpm_overlap_wm": 0.5544253038770707,
  "wm2max": 0.7483003308747304
}