{
  "bids_meta": {
    "InstitutionName": "HH",
    "dataset": "<unset>",
    "modality": "T1w",
    "subject_id": "0628"
  },
  "cjv": 0.8640205051809784,
  "cnr": 1.010903851677218,
  "efc": 0.5735988688962533,
  "fber": -1.0,
  "fwhm_avg": 5.13293368192028,
  "fwhm_x": 4.569969370577714,
  "fwhm_y": 5.719904,
  "fwhm_z": 5.108927675183127,
  "icvs_csf": 0.26317903055625236,
  "icvs_gm": 0.34448768558189824,
  "icvs_wm": 0.39233328386184946,
  "inu_med": 0.4515039920806885,
  "inu_range": 0.2500477731227875,
  "provenance": {
    "md5sum": "2b53de3a7c2ceddb3379069c6b485eb0",
    "settings": {
      "testing": false
    },
    "software": "mriqc",
    "version": "23.1.0",
    "warnings": {
      "large_rot_frame": true,
      "small_air_mask": false
    }
  },
  "qi_1": 0.0,
  "qi_2": 0.0007131757675814439,
  "rpve_csf": 7.183213329633353,
  "rpve_gm": 7.047888006253289,
  "rpve_wm": 7.115590643026873,
  "size_x": 150,
  "size_y": 256,
  "size_z": 256,
  "snr_csf": 2.4437595814638238,
  "snr_gm": 5.627778900062941,
  "snr_total": 7.787537385101409,
  "snr_wm": 15.291073673777461,
  "snrd_csf": 48.05774577451281,
  "snrd_gm": 93.95011610934539,
  "snrd_total": 84.8031527354529,
  "snrd_wm": 112.40159632250047,
  "spacing_x": 1.2000014781951904,
  "spacing_y": 0.9375,
  "spacing_z": 0.9375000596046448,
  "summary_bg_k": 1378.0264515064937,
  "summary_bg_mad": 0.0,
  "summary_bg_mean": 1.682116133244614,
  "summary_bg_median": 0.0,
  "summary_bg_n": 2604172.0,
  "summary_bg_p05": 0.0,
  "summary_bg_p95": 10.85984418168664,
  "summary_bg_stdv": 5.666790562019362,
  "summary_csf_k": 0.16184032793015746,
  "summary_csf_mad": 130.58719488548073,
  "summary_csf_mean": 431.44170956993236,
  "summary_csf_median": 415.6892827004194,
  "summary_csf_n": 356626.7990601949,
  "summary_csf_p05": 137.80503452196717,
  "summary_csf_p95": 737.0640127547085,
  "summary_csf_stdv": 170.10212585801136,
  "summary_gm_k": 0.1354329810032131,
  "summary_gm_mad": 77.77647551490918,
  "summary_gm_mean": 798.9867550882168,
  "summary_gm_median": 812.6485282592475,
  "summary_gm_n": 466805.9623331894,
  "summary_gm_p05": 538.2905353680253,
  "summary_gm_p95": 1022.6651384457946,
  "summary_gm_stdv": 144.3993575893072,
  "summary_wm_k": -0.5722480906175722,
  "summary_wm_mad": 60.12238998643978,
  "summary_wm_mean": 964.5798458226561,
  "summary_wm_median": 972.2499088682234,
  "summary_wm_n": 531640.2408379576,
  "summary_wm_p05": 850.6963117569685,
  "summary_wm_p95": 1057.9532438926399,
  "summary_wm_stdv": 63.58278138101184,
  "tpm_overlap_csf": 0.19436108925968787,
  "tpm_overlap_gm": 0.4836266000826677,
  "tpm_overlap_wm": 0.5316406060356949,
  "wm2max": 0.7430458382183062
}