{
  "bids_meta": {
    "InstitutionName": "HH",
    "dataset": "<unset>",
    "modality": "T1w",
    "subject_id": "1068"
  },
  "cjv": 0.7733746354257541,
  "cnr": 1.174452500198432,
  "efc": 0.6898353414113708,
  "fber": -1.0,
  "fwhm_avg": 5.049601902816033,
  "fwhm_x": 4.34396304178143,
  "fwhm_y": 5.884394666666666,
  "fwhm_z": 4.9204479999999995,
  "icvs_csf": 0.262575387627039,
  "icvs_gm": 0.36621014603308216,
  "icvs_wm": 0.37121446633987876,
  "inu_med": 0.41493628919124603,
  "inu_range": 0.23193572461605072,
  "provenance": {
    "md5sum": "6459a7c469b6836ad09972a1ef90f750",
    "settings": {
      "testing": false
    },
    "software": "mriqc",
    "version": "23.1.0",
    "warnings": {
      "large_rot_frame": true,
      "small_air_mask": false
    }
  },
  "qi_1": 0.0,
  "qi_2": 0.001575324943357718,
  "rpve_csf": 6.411987220319847,
  "rpve_gm": 6.263248805591612,
  "rpve_wm": 6.3216983463952605,
  "size_x": 150,
  "size_y": 256,
  "size_z": 256,
  "snr_csf": 2.4551073504964633,
  "snr_gm": 7.305798071201641,
  "snr_total": 7.591496204676389,
  "snr_wm": 13.01358319233106,
  "snrd_csf": 20.5151347663563,
  "snrd_gm": 37.840988226915414,
  "snrd_total": 34.520659462618774,
  "snrd_wm": 45.20585539458461,
  "spacing_x": 1.2000010013580322,
  "spacing_y": 0.9375,
  "spacing_z": 0.9375,
  "summary_bg_k": 1336.6614387127174,
  "summary_bg_mad": 0.0,
  "summary_bg_mean": 1.4241658360968656,
  "summary_bg_median": 0.0,
  "summary_bg_n": 3042755.0,
  "summary_bg_p05": 0.0,
  "summary_bg_p95": 8.308223463594913,
  "summary_bg_stdv": 13.893656631186964,
  "summary_csf_k": 0.08444749943520469,
  "summary_csf_mad": 146.4255664068648,
  "summary_csf_mean": 456.3167735349495,
  "summary_csf_median": 435.0700681358576,
  "summary_csf_n": 398551.6278423635,
  "summary_csf_p05": 167.6856932863593,
  "summary_csf_p95": 776.8481481540948,
  "summary_csf_stdv": 177.2099791211156,
  "summary_gm_k": 0.06896485419025744,
  "summary_gm_mad": 59.85405261891985,
  "summary_gm_mean": 804.1885057647694,
  "summary_gm_median": 802.5041762441397,
  "summary_gm_n": 555854.2678081713,
  "summary_gm_p05": 616.359014628455,
  "summary_gm_p95": 996.577255319804,
  "summary_gm_stdv": 109.8447351756872,
  "summary_wm_k": -0.5071863570650761,
  "summary_wm_mad": 60.93836516636406,
  "summary_wm_mean": 944.1170264819782,
  "summary_wm_median": 958.69292649813,
  "summary_wm_n": 563450.1054171072,
  "summary_wm_p05": 807.7992059867829,
  "summary_wm_p95": 1043.9692342318594,
  "summary_wm_stdv": 73.66857087663433,
  "tpm_overlap_csf": 0.20130481789064586,
  "tpm_overlap_gm": 0.5155011237418521,
  "tpm_overlap_wm": 0.5633711599722908,
  "wm2max": 0.5855017206695134
}