{
  "bids_meta": {
    "InstitutionName": "HH",
    "dataset": "<unset>",
    "modality": "T1w",
    "subject_id": "0544"
  },
  "cjv": 0.8117625658274976,
  "cnr": 1.137593701467958,
  "efc": 0.6049612398268834,
  "fber": -1.0,
  "fwhm_avg": 4.849855331453136,
  "fwhm_x": 4.2418216929169255,
  "fwhm_y": 5.566464,
  "fwhm_z": 4.741280301442484,
  "icvs_csf": 0.27659136251244876,
  "icvs_gm": 0.3529356666887378,
  "icvs_wm": 0.3704729707988134,
  "inu_med": 0.4449380338191986,
  "inu_range": 0.16921322345733636,
  "provenance": {
    "md5sum": "33470f40a5f0ffd4165b7d918abfa13b",
    "settings": {
      "testing": false
    },
    "software": "mriqc",
    "version": "23.1.0",
    "warnings": {
      "large_rot_frame": true,
      "small_air_mask": false
    }
  },
  "qi_1": 0.0,
  "qi_2": 0.0007786192831950328,
  "rpve_csf": 8.575541140943564,
  "rpve_gm": 8.438340122609926,
  "rpve_wm": 8.504607354169003,
  "size_x": 150,
  "size_y": 256,
  "size_z": 256,
  "snr_csf": 2.242361137949547,
  "snr_gm": 5.812655645472002,
  "snr_total": 6.968129237207361,
  "snr_wm": 12.849370928200532,
  "snrd_csf": 51.94578226763454,
  "snrd_gm": 102.59284482118736,
  "snrd_total": 93.36451932197546,
  "snrd_wm": 125.55493087710452,
  "spacing_x": 1.2000056505203247,
  "spacing_y": 0.9375,
  "spacing_z": 0.9374999403953552,
  "summary_bg_k": 36.525057683388894,
  "summary_bg_mad": 0.0,
  "summary_bg_mean": 1.6044919612188362,
  "summary_bg_median": 0.0,
  "summary_bg_n": 3119615.0,
  "summary_bg_p05": 0.0,
  "summary_bg_p95": 11.75465552508831,
  "summary_bg_stdv": 4.964325489281435,
  "summary_csf_k": -0.08412643463989644,
  "summary_csf_mad": 129.76041057421776,
  "summary_csf_mean": 404.30009065155747,
  "summary_csf_median": 393.6214977093041,
  "summary_csf_n": 314484.1029494225,
  "summary_csf_p05": 90.36960943415761,
  "summary_csf_p95": 720.2232346534729,
  "summary_csf_stdv": 175.53857192145338,
  "summary_gm_k": -0.27216107520887567,
  "summary_gm_mad": 73.28997682094027,
  "summary_gm_mean": 767.9944395169116,
  "summary_gm_median": 777.4018884673715,
  "summary_gm_n": 401287.50055406574,
  "summary_gm_p05": 528.6861345469952,
  "summary_gm_p95": 989.2590520009398,
  "summary_gm_stdv": 133.7428134828163,
  "summary_wm_k": -0.7932819686276917,
  "summary_wm_mad": 67.95365592798701,
  "summary_wm_mean": 935.9109351015046,
  "summary_wm_median": 951.3981266468763,
  "summary_wm_n": 421227.3978130054,
  "summary_wm_p05": 801.3440259806812,
  "summary_wm_p95": 1035.5714835561812,
  "summary_wm_stdv": 74.04230157615294,
  "tpm_overlap_csf": 0.18346075579925805,
  "tpm_overlap_gm": 0.5057656107764138,
  "tpm_overlap_wm": 0.5576411201785307,
  "wm2max": 0.7228356814012253
}