{
  "bids_meta": {
    "InstitutionName": "HH",
    "dataset": "<unset>",
    "modality": "T1w",
    "subject_id": "0757"
  },
  "cjv": 0.8074232283005616,
  "cnr": 1.2035059383908706,
  "efc": 0.6432452332011602,
  "fber": -1.0,
  "fwhm_avg": 4.8224330587757365,
  "fwhm_x": 4.121133842993877,
  "fwhm_y": 5.537898666666666,
  "fwhm_z": 4.8082666666666665,
  "icvs_csf": 0.26063573404195084,
  "icvs_gm": 0.36432213277667425,
  "icvs_wm": 0.37504213318137497,
  "inu_med": 0.3687135875225067,
  "inu_range": 0.15522720217704772,
  "provenance": {
    "md5sum": "aad98b20d6aee675288cbfb16c89f32f",
    "settings": {
      "testing": false
    },
    "software": "mriqc",
    "version": "23.1.0",
    "warnings": {
      "large_rot_frame": true,
      "small_air_mask": false
    }
  },
  "qi_1": 0.0,
  "qi_2": 0.0025595090206338377,
  "rpve_csf": 5.952627599059636,
  "rpve_gm": 5.829650591740694,
  "rpve_wm": 5.905606466947725,
  "size_x": 150,
  "size_y": 256,
  "size_z": 256,
  "snr_csf": 2.6048831570745454,
  "snr_gm": 7.233030543118057,
  "snr_total": 8.784477094639909,
  "snr_wm": 16.515517583727124,
  "snrd_csf": 28.205676132596746,
  "snrd_gm": 44.6339393529289,
  "snrd_total": 41.9609751827989,
  "snrd_wm": 53.04331006287105,
  "spacing_x": 1.1999974250793457,
  "spacing_y": 0.9375,
  "spacing_z": 0.9375,
  "summary_bg_k": 396.8324362988152,
  "summary_bg_mad": 0.0,
  "summary_bg_mean": 4.130967273262196,
  "summary_bg_median": 0.0,
  "summary_bg_n": 2585477.0,
  "summary_bg_p05": 0.0,
  "summary_bg_p95": 24.82063679024577,
  "summary_bg_stdv": 12.057986252850531,
  "summary_csf_k": -0.03410228568605689,
  "summary_csf_mad": 152.39600390974218,
  "summary_csf_mean": 522.4981038959544,
  "summary_csf_median": 519.1341147571802,
  "summary_csf_n": 424040.00465822546,
  "summary_csf_p05": 187.5995592623949,
  "summary_csf_p95": 845.8280286490917,
  "summary_csf_stdv": 199.29243322035944,
  "summary_gm_k": 0.5409532617779171,
  "summary_gm_mad": 73.59826233988029,
  "summary_gm_mean": 823.5386428037941,
  "summary_gm_median": 821.5013348795474,
  "summary_gm_n": 592732.0727818925,
  "summary_gm_p05": 635.5564847365022,
  "summary_gm_p95": 1013.8180499896407,
  "summary_gm_stdv": 113.57627166143209,
  "summary_wm_k": -0.21772949388370266,
  "summary_wm_mad": 51.37231943425475,
  "summary_wm_mean": 971.4890657421632,
  "summary_wm_median": 976.2783804163337,
  "summary_wm_n": 610172.9238541933,
  "summary_wm_p05": 864.7213491909206,
  "summary_wm_p95": 1060.4709682948887,
  "summary_wm_stdv": 59.11274505720277,
  "tpm_overlap_csf": 0.21245832916079696,
  "tpm_overlap_gm": 0.5116385649957982,
  "tpm_overlap_wm": 0.5395383498799265,
  "wm2max": 0.6896250937701714
}