{
  "bids_meta": {
    "InstitutionName": "HH",
    "dataset": "<unset>",
    "modality": "T1w",
    "subject_id": "1177"
  },
  "cjv": 0.6721381558873997,
  "cnr": 1.6465853918014624,
  "efc": 0.6023711002611812,
  "fber": 45045.238765495866,
  "fwhm_avg": 5.233943211423283,
  "fwhm_x": 4.310821634269849,
  "fwhm_y": 6.13664,
  "fwhm_z": 5.254368,
  "icvs_csf": 0.24555524885263577,
  "icvs_gm": 0.3868225901766879,
  "icvs_wm": 0.36762216097067635,
  "inu_med": 0.31970128417015076,
  "inu_range": 0.15493918955326078,
  "provenance": {
    "md5sum": "2310aa3610230b9c9778dae206fa43f5",
    "settings": {
      "testing": false
    },
    "software": "mriqc",
    "version": "23.1.0",
    "warnings": {
      "large_rot_frame": true,
      "small_air_mask": false
    }
  },
  "qi_1": 0.0,
  "qi_2": 0.002819035197430574,
  "rpve_csf": 6.634397146626929,
  "rpve_gm": 6.558273613280619,
  "rpve_wm": 6.6301518914026625,
  "size_x": 150,
  "size_y": 256,
  "size_z": 256,
  "snr_csf": 2.0801713132740765,
  "snr_gm": 8.312142617310618,
  "snr_total": 10.305445449241008,
  "snr_wm": 20.524022417138333,
  "snrd_csf": 24.61275192687432,
  "snrd_gm": 38.57269464776414,
  "snrd_total": 36.78426682486163,
  "snrd_wm": 47.167353899946434,
  "spacing_x": 1.1999986171722412,
  "spacing_y": 0.9375,
  "spacing_z": 0.9375,
  "summary_bg_k": 1367.619343796542,
  "summary_bg_mad": 0.0,
  "summary_bg_mean": 2.5227367555236313,
  "summary_bg_median": 0.0,
  "summary_bg_n": 2615445.0,
  "summary_bg_p05": 0.0,
  "summary_bg_p95": 13.851112872362137,
  "summary_bg_stdv": 13.579697667704723,
  "summary_csf_k": -0.9379224532514212,
  "summary_csf_mad": 170.85694640215223,
  "summary_csf_mean": 489.2409822919453,
  "summary_csf_median": 510.17426285147667,
  "summary_csf_n": 359062.9172390448,
  "summary_csf_p05": 69.02890978753567,
  "summary_csf_p95": 862.1184490174055,
  "summary_csf_stdv": 245.2555465844738,
  "summary_gm_k": -0.7659183368466831,
  "summary_gm_mad": 77.99828693926924,
  "summary_gm_mean": 800.3710872925653,
  "summary_gm_median": 799.5366026759148,
  "summary_gm_n": 565630.9459145742,
  "summary_gm_p05": 641.2561583071947,
  "summary_gm_p95": 970.7615416198969,
  "summary_gm_stdv": 96.18890492148861,
  "summary_wm_k": -0.3191369698310611,
  "summary_wm_mad": 41.74345849598038,
  "summary_wm_mean": 971.4737228403163,
  "summary_wm_median": 977.687098056078,
  "summary_wm_n": 537555.1374960393,
  "summary_wm_p05": 882.1144192367792,
  "summary_wm_p95": 1039.2615907341242,
  "summary_wm_stdv": 47.63618791685619,
  "tpm_overlap_csf": 0.19820918050626526,
  "tpm_overlap_gm": 0.5223680095971035,
  "tpm_overlap_wm": 0.5431330985624595,
  "wm2max": 0.7440443107116163
}