{
  "bids_meta": {
    "InstitutionName": "HH",
    "dataset": "<unset>",
    "modality": "T1w",
    "subject_id": "0182"
  },
  "cjv": 0.7332847625961115,
  "cnr": 1.3183091429900653,
  "efc": 0.5509231351493459,
  "fber": -1.0,
  "fwhm_avg": 4.931467741041509,
  "fwhm_x": 4.219523574815179,
  "fwhm_y": 5.531615648309348,
  "fwhm_z": 5.043264,
  "icvs_csf": 0.25841944067732286,
  "icvs_gm": 0.3703634347631286,
  "icvs_wm": 0.3712171245595484,
  "inu_med": 0.3670230507850647,
  "inu_range": 0.16444508284330367,
  "provenance": {
    "md5sum": "972217b121a0119be175f82f68b973c0",
    "settings": {
      "testing": false
    },
    "software": "mriqc",
    "version": "23.1.0",
    "warnings": {
      "large_rot_frame": true,
      "small_air_mask": false
    }
  },
  "qi_1": 0.0,
  "qi_2": 0.0008265799155167124,
  "rpve_csf": 8.725420693791891,
  "rpve_gm": 8.599646994675417,
  "rpve_wm": 8.658808967655856,
  "size_x": 150,
  "size_y": 256,
  "size_z": 256,
  "snr_csf": 2.0446573912031516,
  "snr_gm": 7.569008720702294,
  "snr_total": 8.633790454945755,
  "snr_wm": 16.287705252931822,
  "snrd_csf": 55.37071621735999,
  "snrd_gm": 102.16238041194119,
  "snrd_total": 93.36186486608534,
  "snrd_wm": 122.55249796895484,
  "spacing_x": 1.2000004053115845,
  "spacing_y": 0.9375000596046448,
  "spacing_z": 0.9375,
  "summary_bg_k": 29.532375353874045,
  "summary_bg_mad": 0.0,
  "summary_bg_mean": 1.7630420106200373,
  "summary_bg_median": 0.0,
  "summary_bg_n": 3005422.0,
  "summary_bg_p05": 0.0,
  "summary_bg_p95": 11.384366927668452,
  "summary_bg_stdv": 5.21441651695107,
  "summary_csf_k": -0.5981374018756416,
  "summary_csf_mad": 176.83040320618733,
  "summary_csf_mean": 448.1371834492522,
  "summary_csf_median": 440.7112430315465,
  "summary_csf_n": 288886.57592136145,
  "summary_csf_p05": 71.308164447546,
  "summary_csf_p95": 808.8673524186015,
  "summary_csf_stdv": 215.54245818953072,
  "summary_gm_k": -0.38027948111831167,
  "summary_gm_mad": 69.46541880064939,
  "summary_gm_mean": 815.7511247808042,
  "summary_gm_median": 813.1393765192479,
  "summary_gm_n": 414028.54303361906,
  "summary_gm_p05": 635.4462659545243,
  "summary_gm_p95": 1002.1937619894743,
  "summary_gm_stdv": 107.42997194730714,
  "summary_wm_k": -0.5061915121063412,
  "summary_wm_mad": 49.53990192436652,
  "summary_wm_mean": 963.6336002147117,
  "summary_wm_median": 975.4301082994789,
  "summary_wm_n": 414982.8811497466,
  "summary_wm_p05": 848.7241826765239,
  "summary_wm_p95": 1044.0134141314775,
  "summary_wm_stdv": 59.887437664536165,
  "tpm_overlap_csf": 0.1952959416858555,
  "tpm_overlap_gm": 0.5183311786575688,
  "tpm_overlap_wm": 0.5390651988654968,
  "wm2max": 0.8164089679165056
}