{
  "bids_meta": {
    "InstitutionName": "HH",
    "dataset": "<unset>",
    "modality": "T1w",
    "subject_id": "0173"
  },
  "cjv": 0.7776158135694659,
  "cnr": 1.0356759514276812,
  "efc": 0.6518225837835989,
  "fber": -1.0,
  "fwhm_avg": 4.868575840225206,
  "fwhm_x": 4.20184485400895,
  "fwhm_y": 5.568544,
  "fwhm_z": 4.835338666666667,
  "icvs_csf": 0.2565402130107592,
  "icvs_gm": 0.3538451997024206,
  "icvs_wm": 0.38961458728682014,
  "inu_med": 0.4023742973804474,
  "inu_range": 0.1763560250401497,
  "provenance": {
    "md5sum": "56729267973e2a1b05b24e84e7570247",
    "settings": {
      "testing": false
    },
    "software": "mriqc",
    "version": "23.1.0",
    "warnings": {
      "large_rot_frame": true,
      "small_air_mask": false
    }
  },
  "qi_1": 0.0,
  "qi_2": 0.001370244027462804,
  "rpve_csf": 6.013830458873535,
  "rpve_gm": 5.8664338527416975,
  "rpve_wm": 5.934384562205351,
  "size_x": 150,
  "size_y": 256,
  "size_z": 256,
  "snr_csf": 2.425177593518811,
  "snr_gm": 5.836407712615106,
  "snr_total": 7.107392718218615,
  "snr_wm": 13.060592848521926,
  "snrd_csf": 9.98525665363599,
  "snrd_gm": 19.235256879094507,
  "snrd_total": 17.463708512443578,
  "snrd_wm": 23.170612004600233,
  "spacing_x": 1.1999967098236084,
  "spacing_y": 0.9375,
  "spacing_z": 0.9375,
  "summary_bg_k": 395.4569943260075,
  "summary_bg_mad": 0.0,
  "summary_bg_mean": 3.5708130160131195,
  "summary_bg_median": 0.0,
  "summary_bg_n": 2891092.0,
  "summary_bg_p05": 0.0,
  "summary_bg_p95": 14.480387263000011,
  "summary_bg_stdv": 27.034825098806497,
  "summary_csf_k": 0.7666682817000852,
  "summary_csf_mad": 112.62671838547266,
  "summary_csf_mean": 437.45597558837835,
  "summary_csf_median": 412.0510892048478,
  "summary_csf_n": 414286.79038157745,
  "summary_csf_p05": 136.8484432324767,
  "summary_csf_p95": 758.978079713881,
  "summary_csf_stdv": 169.905326935227,
  "summary_gm_k": 0.14008739696403083,
  "summary_gm_mad": 62.73163105315722,
  "summary_gm_mean": 784.9005095325421,
  "summary_gm_median": 793.7611243352294,
  "summary_gm_n": 571424.613538058,
  "summary_gm_p05": 535.648848772049,
  "summary_gm_p95": 1002.5848720222712,
  "summary_gm_stdv": 136.00153876732384,
  "summary_wm_k": -0.5471792151912873,
  "summary_wm_mad": 63.550193261442786,
  "summary_wm_mean": 941.7012090600956,
  "summary_wm_median": 956.1572872102261,
  "summary_wm_n": 629188.5976025525,
  "summary_wm_p05": 807.2125759348273,
  "summary_wm_p95": 1042.0357711166143,
  "summary_wm_stdv": 73.20927453033059,
  "tpm_overlap_csf": 0.21010638320980377,
  "tpm_overlap_gm": 0.5007715544475244,
  "tpm_overlap_wm": 0.5503502200338208,
  "wm2max": 0.6477939301198674
}