{
  "bids_meta": {
    "InstitutionName": "HH",
    "dataset": "<unset>",
    "modality": "T1w",
    "subject_id": "0978"
  },
  "cjv": 0.614949752042144,
  "cnr": 1.5905852153035984,
  "efc": 0.5839622042899213,
  "fber": -1.0,
  "fwhm_avg": 5.111955746516059,
  "fwhm_x": 4.326427239548176,
  "fwhm_y": 5.976074666666666,
  "fwhm_z": 5.033365333333333,
  "icvs_csf": 0.2618902515332215,
  "icvs_gm": 0.381319974917743,
  "icvs_wm": 0.35678977354903557,
  "inu_med": 0.3491513133049011,
  "inu_range": 0.13941016793251038,
  "provenance": {
    "md5sum": "c18146d92e1459ae9a2b162163622abc",
    "settings": {
      "testing": false
    },
    "software": "mriqc",
    "version": "23.1.0",
    "warnings": {
      "large_rot_frame": true,
      "small_air_mask": false
    }
  },
  "qi_1": 0.0,
  "qi_2": 0.003099374004866396,
  "rpve_csf": 6.273912191972914,
  "rpve_gm": 6.175553968725316,
  "rpve_wm": 6.237625186473692,
  "size_x": 150,
  "size_y": 256,
  "size_z": 256,
  "snr_csf": 1.9457121581176322,
  "snr_gm": 7.926798892252907,
  "snr_total": 8.575591498514862,
  "snr_wm": 15.854263445174045,
  "snrd_csf": 138.60064633507773,
  "snrd_gm": 248.28795744976887,
  "snrd_total": 231.25050445832014,
  "snrd_wm": 306.86290959011376,
  "spacing_x": 1.199997067451477,
  "spacing_y": 0.9375,
  "spacing_z": 0.9375,
  "summary_bg_k": 56.12986697250631,
  "summary_bg_mad": 0.0,
  "summary_bg_mean": 0.5091606074844369,
  "summary_bg_median": 0.0,
  "summary_bg_n": 3235636.0,
  "summary_bg_p05": 0.0,
  "summary_bg_p95": 4.099666487425566,
  "summary_bg_stdv": 2.0643379831226203,
  "summary_csf_k": -0.7695930406199487,
  "summary_csf_mad": 176.5190093146743,
  "summary_csf_mean": 436.97287398769663,
  "summary_csf_median": 436.73131078481674,
  "summary_csf_n": 405660.40474227467,
  "summary_csf_p05": 53.61429126560688,
  "summary_csf_p95": 799.2650306858122,
  "summary_csf_stdv": 224.458058025552,
  "summary_gm_k": -0.36787744158409774,
  "summary_gm_mad": 66.29304453298651,
  "summary_gm_mean": 786.272521289446,
  "summary_gm_median": 782.3565616495907,
  "summary_gm_n": 590653.5827731001,
  "summary_gm_p05": 621.5136878527701,
  "summary_gm_p95": 969.7091959454119,
  "summary_gm_stdv": 98.69758398103768,
  "summary_wm_k": -0.31743288123342106,
  "summary_wm_mad": 47.20820605935714,
  "summary_wm_mean": 954.0917814045251,
  "summary_wm_median": 966.9265207648277,
  "summary_wm_n": 552657.0122349369,
  "summary_wm_p05": 831.9986371994019,
  "summary_wm_p95": 1031.9688978865743,
  "summary_wm_stdv": 60.988367533449725,
  "tpm_overlap_csf": 0.18459704195280185,
  "tpm_overlap_gm": 0.5299803152677661,
  "tpm_overlap_wm": 0.5500961500244872,
  "wm2max": 0.8250262804944358
}