{
  "bids_meta": {
    "InstitutionName": "HH",
    "dataset": "<unset>",
    "modality": "T1w",
    "subject_id": "0708"
  },
  "cjv": 0.6654460756454916,
  "cnr": 1.4307320698854884,
  "efc": 0.6076328922464003,
  "fber": -1.0,
  "fwhm_avg": 5.004579494590733,
  "fwhm_x": 4.3297384837722,
  "fwhm_y": 5.6975999999999996,
  "fwhm_z": 4.986400000000001,
  "icvs_csf": 0.26468168367576056,
  "icvs_gm": 0.36670995090012026,
  "icvs_wm": 0.36860836542411907,
  "inu_med": 0.37606191635131836,
  "inu_range": 0.18325957357883454,
  "provenance": {
    "md5sum": "4343595826703b354dfb4241c77d13fc",
    "settings": {
      "testing": false
    },
    "software": "mriqc",
    "version": "23.1.0",
    "warnings": {
      "large_rot_frame": true,
      "small_air_mask": false
    }
  },
  "qi_1": 0.0,
  "qi_2": 0.0018864813029186647,
  "rpve_csf": 6.860120653654018,
  "rpve_gm": 6.764649338491436,
  "rpve_wm": 6.840045682237894,
  "size_x": 150,
  "size_y": 256,
  "size_z": 256,
  "snr_csf": 2.2411799449975316,
  "snr_gm": 6.925063974307402,
  "snr_total": 9.036394356549822,
  "snr_wm": 17.942939150344532,
  "snrd_csf": 53.563377721203146,
  "snrd_gm": 91.97131758563572,
  "snrd_total": 86.18573311824707,
  "snrd_wm": 113.02250404790232,
  "spacing_x": 1.2000008821487427,
  "spacing_y": 0.9375,
  "spacing_z": 0.9375,
  "summary_bg_k": 1563.0296375124572,
  "summary_bg_mad": 0.0,
  "summary_bg_mean": 1.3516102150158285,
  "summary_bg_median": 0.0,
  "summary_bg_n": 2577687.0,
  "summary_bg_p05": 0.0,
  "summary_bg_p95": 8.757191464304924,
  "summary_bg_stdv": 5.651902474861868,
  "summary_csf_k": -0.030811746764132675,
  "summary_csf_mad": 149.04526443398694,
  "summary_csf_mean": 467.83903441419307,
  "summary_csf_median": 462.09459145367146,
  "summary_csf_n": 374648.45377456606,
  "summary_csf_p05": 80.01119991950691,
  "summary_csf_p95": 810.6257203426212,
  "summary_csf_stdv": 206.18334363576213,
  "summary_gm_k": -0.4606057524067695,
  "summary_gm_mad": 75.22086908506861,
  "summary_gm_mean": 790.0422869081261,
  "summary_gm_median": 793.4422777891159,
  "summary_gm_n": 519066.2012592411,
  "summary_gm_p05": 589.6848345324397,
  "summary_gm_p95": 987.9588474947959,
  "summary_gm_stdv": 114.57533337377362,
  "summary_wm_k": -0.4677657503065715,
  "summary_wm_mad": 45.630722892046144,
  "summary_wm_mean": 965.3503400209523,
  "summary_wm_median": 975.0521728657186,
  "summary_wm_n": 521753.346271174,
  "summary_wm_p05": 858.6884455885738,
  "summary_wm_p95": 1038.058128895238,
  "summary_wm_stdv": 54.341779253429,
  "tpm_overlap_csf": 0.19925762409142053,
  "tpm_overlap_gm": 0.5060146953105865,
  "tpm_overlap_wm": 0.5470608964600462,
  "wm2max": 0.6744877271259554
}