{
  "bids_meta": {
    "InstitutionName": "HH",
    "dataset": "<unset>",
    "modality": "T1w",
    "subject_id": "0184"
  },
  "cjv": 0.6468955100787624,
  "cnr": 1.5665940797362221,
  "efc": 0.6681063372506345,
  "fber": -1.0,
  "fwhm_avg": 4.995386548260117,
  "fwhm_x": 4.390447644780349,
  "fwhm_y": 5.7249386666666675,
  "fwhm_z": 4.870773333333333,
  "icvs_csf": 0.25163676064717483,
  "icvs_gm": 0.3833600208734943,
  "icvs_wm": 0.36500321847933087,
  "inu_med": 0.36958304047584534,
  "inu_range": 0.2074015378952026,
  "provenance": {
    "md5sum": "e437c0682789f8a3c4a76261eac9ff1e",
    "settings": {
      "testing": false
    },
    "software": "mriqc",
    "version": "23.1.0",
    "warnings": {
      "large_rot_frame": true,
      "small_air_mask": false
    }
  },
  "qi_1": 0.0,
  "qi_2": 0.002608569086208213,
  "rpve_csf": 6.063641131453554,
  "rpve_gm": 5.9722762171489645,
  "rpve_wm": 6.046727830914045,
  "size_x": 150,
  "size_y": 256,
  "size_z": 256,
  "snr_csf": 2.4127380076337217,
  "snr_gm": 8.381112954939553,
  "snr_total": 9.4625192763138,
  "snr_wm": 17.593706866368127,
  "snrd_csf": 29.786899382749006,
  "snrd_gm": 45.27329671991593,
  "snrd_total": 43.38981596269292,
  "snrd_wm": 55.10925178541384,
  "spacing_x": 1.2000006437301636,
  "spacing_y": 0.9375,
  "spacing_z": 0.9375,
  "summary_bg_k": 1040.1659515427898,
  "summary_bg_mad": 0.0,
  "summary_bg_mean": 1.380774247578743,
  "summary_bg_median": 0.0,
  "summary_bg_n": 2139200.0,
  "summary_bg_p05": 0.0,
  "summary_bg_p95": 6.664896352216601,
  "summary_bg_stdv": 11.471278314692904,
  "summary_csf_k": 0.49132311203748413,
  "summary_csf_mad": 144.52025148539346,
  "summary_csf_mean": 516.0468067344823,
  "summary_csf_median": 521.5613312758505,
  "summary_csf_n": 401950.721669642,
  "summary_csf_p05": 100.21242563053966,
  "summary_csf_p95": 843.1492186132818,
  "summary_csf_stdv": 216.16963003758158,
  "summary_gm_k": -0.44846309129545947,
  "summary_gm_mad": 66.29586039264576,
  "summary_gm_mean": 795.8071761756937,
  "summary_gm_median": 792.7243653349578,
  "summary_gm_n": 612358.2128981762,
  "summary_gm_p05": 638.7413615640253,
  "summary_gm_p95": 967.3393390886486,
  "summary_gm_stdv": 94.58454054073106,
  "summary_wm_k": -0.2731556276702958,
  "summary_wm_mad": 45.11582898454397,
  "summary_wm_mean": 957.0547184144033,
  "summary_wm_median": 964.9495356157422,
  "summary_wm_n": 583036.0663608243,
  "summary_wm_p05": 851.0090167019516,
  "summary_wm_p95": 1033.0589345935732,
  "summary_wm_stdv": 54.84624220599367,
  "tpm_overlap_csf": 0.22201838273957072,
  "tpm_overlap_gm": 0.5284879078564464,
  "tpm_overlap_wm": 0.5542612385259552,
  "wm2max": 0.6868396681093953
}