{
  "bids_meta": {
    "InstitutionName": "HH",
    "dataset": "<unset>",
    "modality": "T1w",
    "subject_id": "1179"
  },
  "cjv": 0.8644383230118406,
  "cnr": 1.0002018349069124,
  "efc": 0.6062498644349613,
  "fber": -1.0,
  "fwhm_avg": 4.711949287294243,
  "fwhm_x": 4.074418528549397,
  "fwhm_y": 5.436736,
  "fwhm_z": 4.624693333333334,
  "icvs_csf": 0.27141149016904625,
  "icvs_gm": 0.34640412487746797,
  "icvs_wm": 0.38218438495348583,
  "inu_med": 0.4597840905189514,
  "inu_range": 0.22760327160358435,
  "provenance": {
    "md5sum": "35187ce2b459ed5fdb569c1f4e1af1e5",
    "settings": {
      "testing": false
    },
    "software": "mriqc",
    "version": "23.1.0",
    "warnings": {
      "large_rot_frame": true,
      "small_air_mask": false
    }
  },
  "qi_1": 0.0,
  "qi_2": 0.002238682215560698,
  "rpve_csf": 7.305750620086891,
  "rpve_gm": 7.159915151201847,
  "rpve_wm": 7.2355483820968525,
  "size_x": 150,
  "size_y": 256,
  "size_z": 256,
  "snr_csf": 2.365663140666425,
  "snr_gm": 5.02992947136086,
  "snr_total": 6.4845561371936675,
  "snr_wm": 12.058075799553718,
  "snrd_csf": 53.30427328859674,
  "snrd_gm": 106.50139188735841,
  "snrd_total": 96.69731386793318,
  "snrd_wm": 130.28627642784437,
  "spacing_x": 1.199999451637268,
  "spacing_y": 0.9375,
  "spacing_z": 0.9375,
  "summary_bg_k": 18.86310593639073,
  "summary_bg_mad": 0.0,
  "summary_bg_mean": 1.7377924483587752,
  "summary_bg_median": 0.0,
  "summary_bg_n": 2846353.0,
  "summary_bg_p05": 0.0,
  "summary_bg_p95": 12.203867314383388,
  "summary_bg_stdv": 4.76911701893162,
  "summary_csf_k": 0.47428275850606383,
  "summary_csf_mad": 117.92472714527328,
  "summary_csf_mean": 412.17797839690695,
  "summary_csf_median": 388.03265537135303,
  "summary_csf_n": 361221.5527934758,
  "summary_csf_p05": 140.58351893909276,
  "summary_csf_p95": 724.3058157619089,
  "summary_csf_stdv": 164.02678453617656,
  "summary_gm_k": 0.16443312991044445,
  "summary_gm_mad": 72.2993107268395,
  "summary_gm_mean": 758.2977836672931,
  "summary_gm_median": 775.2852697391063,
  "summary_gm_n": 461029.25047266355,
  "summary_gm_p05": 467.54651251249015,
  "summary_gm_p95": 1002.1262261085212,
  "summary_gm_stdv": 154.13425443296538,
  "summary_wm_k": -0.9097507850489022,
  "summary_wm_mad": 77.37294656731945,
  "summary_wm_mean": 933.4856043210976,
  "summary_wm_median": 948.4292099252343,
  "summary_wm_n": 508649.19867737516,
  "summary_wm_p05": 793.0752371437848,
  "summary_wm_p95": 1039.0901046339422,
  "summary_wm_stdv": 78.6550270033961,
  "tpm_overlap_csf": 0.18660215939942806,
  "tpm_overlap_gm": 0.482849637653657,
  "tpm_overlap_wm": 0.5286835884767161,
  "wm2max": 0.7258651568548155
}