{
  "bids_meta": {
    "InstitutionName": "HH",
    "dataset": "<unset>",
    "modality": "T1w",
    "subject_id": "0675"
  },
  "cjv": 0.6472835814105036,
  "cnr": 1.5325214802668965,
  "efc": 0.6189045968415391,
  "fber": -1.0,
  "fwhm_avg": 4.744160420449194,
  "fwhm_x": 4.096225261347579,
  "fwhm_y": 5.4244373333333336,
  "fwhm_z": 4.711818666666667,
  "icvs_csf": 0.257406000285334,
  "icvs_gm": 0.3781274167191097,
  "icvs_wm": 0.36446658299555634,
  "inu_med": 0.3517819941043854,
  "inu_range": 0.17767074704170227,
  "provenance": {
    "md5sum": "c21bbc7cfa431ecfe3affdc9516df73e",
    "settings": {
      "testing": false
    },
    "software": "mriqc",
    "version": "23.1.0",
    "warnings": {
      "large_rot_frame": true,
      "small_air_mask": false
    }
  },
  "qi_1": 0.0,
  "qi_2": 0.0027500476148435283,
  "rpve_csf": 6.06745893971596,
  "rpve_gm": 5.973329206233298,
  "rpve_wm": 6.050456167788756,
  "size_x": 150,
  "size_y": 256,
  "size_z": 256,
  "snr_csf": 2.6993534692492984,
  "snr_gm": 8.473483017990379,
  "snr_total": 9.829919481657907,
  "snr_wm": 18.316921957734042,
  "snrd_csf": 122.95868602374982,
  "snrd_gm": 183.32406500069314,
  "snrd_total": 175.86543679209967,
  "snrd_wm": 221.31355935185607,
  "spacing_x": 1.1999950408935547,
  "spacing_y": 0.9375,
  "spacing_z": 0.9375,
  "summary_bg_k": 47.98318284720859,
  "summary_bg_mad": 0.0,
  "summary_bg_mean": 0.871550607948776,
  "summary_bg_median": 0.0,
  "summary_bg_n": 2690543.0,
  "summary_bg_p05": 0.0,
  "summary_bg_p95": 5.556437540799379,
  "summary_bg_stdv": 2.871005820513689,
  "summary_csf_k": 0.2101492583236384,
  "summary_csf_mad": 141.61491293412791,
  "summary_csf_mean": 537.556928483154,
  "summary_csf_median": 538.842145325616,
  "summary_csf_n": 410798.61207007826,
  "summary_csf_p05": 191.32666598819196,
  "summary_csf_p95": 846.0073044262826,
  "summary_csf_stdv": 199.61872189638987,
  "summary_gm_k": -0.4980490270461382,
  "summary_gm_mad": 64.4916667212483,
  "summary_gm_mean": 806.2300891954092,
  "summary_gm_median": 803.381490720436,
  "summary_gm_n": 603459.9729674783,
  "summary_gm_p05": 648.7273125015199,
  "summary_gm_p95": 976.9275565780699,
  "summary_gm_stdv": 94.81116836706046,
  "summary_wm_k": -0.30532984360665383,
  "summary_wm_mad": 43.26904403499809,
  "summary_wm_mean": 961.8666927864336,
  "summary_wm_median": 969.8629431333393,
  "summary_wm_n": 581658.4161772904,
  "summary_wm_p05": 858.9723253548145,
  "summary_wm_p95": 1034.555751644075,
  "summary_wm_stdv": 52.94896771772135,
  "tpm_overlap_csf": 0.21474500493517368,
  "tpm_overlap_gm": 0.5144809412627898,
  "tpm_overlap_wm": 0.5510638171665339,
  "wm2max": 0.7176363503926532
}