{
  "bids_meta": {
    "InstitutionName": "HH",
    "dataset": "<unset>",
    "modality": "T1w",
    "subject_id": "0929"
  },
  "cjv": 0.8008620111687822,
  "cnr": 1.1601281482748258,
  "efc": 0.6117368277508226,
  "fber": -1.0,
  "fwhm_avg": 4.7923413954479726,
  "fwhm_x": 4.1937715004443525,
  "fwhm_y": 5.3507409931423835,
  "fwhm_z": 4.832511692757181,
  "icvs_csf": 0.2706683427739521,
  "icvs_gm": 0.360295783257562,
  "icvs_wm": 0.36903587396848603,
  "inu_med": 0.446200430393219,
  "inu_range": 0.1839429110288619,
  "provenance": {
    "md5sum": "996b60af3ccd69bed7864c8f3596910a",
    "settings": {
      "testing": false
    },
    "software": "mriqc",
    "version": "23.1.0",
    "warnings": {
      "large_rot_frame": true,
      "small_air_mask": false
    }
  },
  "qi_1": 0.0,
  "qi_2": 0.002763051535433012,
  "rpve_csf": 7.583446485221299,
  "rpve_gm": 7.442557183810358,
  "rpve_wm": 7.512252806346083,
  "size_x": 150,
  "size_y": 256,
  "size_z": 256,
  "snr_csf": 2.348131293179632,
  "snr_gm": 6.0776543555473355,
  "snr_total": 6.985745836744393,
  "snr_wm": 12.531451861506213,
  "snrd_csf": 48.71369350142644,
  "snrd_gm": 91.26290818994026,
  "snrd_total": 83.83475172286948,
  "snrd_wm": 111.52765347724171,
  "spacing_x": 1.2000010013580322,
  "spacing_y": 0.9375000596046448,
  "spacing_z": 0.9375000596046448,
  "summary_bg_k": 1661.670160947755,
  "summary_bg_mad": 0.0,
  "summary_bg_mean": 1.5745039443378597,
  "summary_bg_median": 0.0,
  "summary_bg_n": 2976872.0,
  "summary_bg_p05": 0.0,
  "summary_bg_p95": 11.010754706338048,
  "summary_bg_stdv": 5.648032981380931,
  "summary_csf_k": -0.03169991107398129,
  "summary_csf_mad": 135.60091542482763,
  "summary_csf_mean": 434.48759323056277,
  "summary_csf_median": 419.9683417696506,
  "summary_csf_n": 347414.4570036669,
  "summary_csf_p05": 122.84091455675662,
  "summary_csf_p95": 756.4365204703063,
  "summary_csf_stdv": 178.8518974936657,
  "summary_gm_k": -0.15841034577558233,
  "summary_gm_mad": 72.02827958554728,
  "summary_gm_mean": 781.4031096837695,
  "summary_gm_median": 786.7917512040585,
  "summary_gm_n": 462455.13094848255,
  "summary_gm_p05": 553.9364037886262,
  "summary_gm_p95": 1000.349179694429,
  "summary_gm_stdv": 129.45634195489532,
  "summary_wm_k": -0.7225369401466959,
  "summary_wm_mad": 67.88673979145736,
  "summary_wm_mean": 945.7130598453238,
  "summary_wm_median": 961.4972777813673,
  "summary_wm_n": 473673.4132100115,
  "summary_wm_p05": 805.3913135938346,
  "summary_wm_p95": 1048.4659449756145,
  "summary_wm_stdv": 76.72664536161231,
  "tpm_overlap_csf": 0.1986746845489023,
  "tpm_overlap_gm": 0.5163869384010759,
  "tpm_overlap_wm": 0.5518882898261289,
  "wm2max": 0.7219742009063652
}