{
  "bids_meta": {
    "InstitutionName": "HH",
    "dataset": "<unset>",
    "modality": "T1w",
    "subject_id": "0947"
  },
  "cjv": 0.7725454582222446,
  "cnr": 1.0507375003221824,
  "efc": 0.6518225837835989,
  "fber": -1.0,
  "fwhm_avg": 4.868575840225206,
  "fwhm_x": 4.20184485400895,
  "fwhm_y": 5.568544,
  "fwhm_z": 4.835338666666667,
  "icvs_csf": 0.2627067042937191,
  "icvs_gm": 0.3535061430124551,
  "icvs_wm": 0.3837871526938258,
  "inu_med": 0.4023742973804474,
  "inu_range": 0.1763560250401497,
  "provenance": {
    "md5sum": "56729267973e2a1b05b24e84e7570247",
    "settings": {
      "testing": false
    },
    "software": "mriqc",
    "version": "23.1.0",
    "warnings": {
      "large_rot_frame": true,
      "small_air_mask": false
    }
  },
  "qi_1": 0.0,
  "qi_2": 0.0021272928850987836,
  "rpve_csf": 6.015526824712901,
  "rpve_gm": 5.86947037523875,
  "rpve_wm": 5.935726724275266,
  "size_x": 150,
  "size_y": 256,
  "size_z": 256,
  "snr_csf": 2.4312711154588724,
  "snr_gm": 6.030647261135802,
  "snr_total": 7.230762890924226,
  "snr_wm": 13.230370296178007,
  "snrd_csf": 10.055779812667133,
  "snrd_gm": 19.301502249436318,
  "snrd_total": 17.518200263506817,
  "snrd_wm": 23.197318728417002,
  "spacing_x": 1.1999967098236084,
  "spacing_y": 0.9375,
  "spacing_z": 0.9375,
  "summary_bg_k": 395.45610201302264,
  "summary_bg_mad": 0.0,
  "summary_bg_mean": 3.571187899456423,
  "summary_bg_median": 0.0,
  "summary_bg_n": 2891074.0,
  "summary_bg_p05": 0.0,
  "summary_bg_p95": 14.482204658910632,
  "summary_bg_stdv": 27.038278765867023,
  "summary_csf_k": 0.7332488625374203,
  "summary_csf_mad": 115.9899377347125,
  "summary_csf_mean": 440.6591996022513,
  "summary_csf_median": 415.0143050868064,
  "summary_csf_n": 424245.05713509454,
  "summary_csf_p05": 139.92771399207413,
  "summary_csf_p95": 762.8633074574172,
  "summary_csf_stdv": 170.69828754462975,
  "summary_gm_k": 0.1491570375631488,
  "summary_gm_mad": 62.106899608352634,
  "summary_gm_mean": 789.7490981715903,
  "summary_gm_median": 796.5965536646545,
  "summary_gm_n": 570877.070850268,
  "summary_gm_p05": 550.4743718877435,
  "summary_gm_p95": 1002.9616952687502,
  "summary_gm_stdv": 132.09127005365107,
  "summary_wm_k": -0.5081796262231157,
  "summary_wm_mad": 62.106899608352634,
  "summary_wm_mean": 943.253466872364,
  "summary_wm_median": 957.3816542625427,
  "summary_wm_n": 619777.8734274964,
  "summary_wm_p05": 809.6732063982636,
  "summary_wm_p95": 1042.4928431678563,
  "summary_wm_stdv": 72.36236480698567,
  "tpm_overlap_csf": 0.20175129719512983,
  "tpm_overlap_gm": 0.49837745664579236,
  "tpm_overlap_wm": 0.5460819120028534,
  "wm2max": 0.6485420385955963
}