{
  "bids_meta": {
    "InstitutionName": "HH",
    "dataset": "<unset>",
    "modality": "T1w",
    "subject_id": "1048"
  },
  "cjv": 0.8237264190915672,
  "cnr": 1.1117383714507485,
  "efc": 0.6342041875508491,
  "fber": -1.0,
  "fwhm_avg": 5.065892627959776,
  "fwhm_x": 4.374733517978286,
  "fwhm_y": 5.755125699234371,
  "fwhm_z": 5.067818666666667,
  "icvs_csf": 0.26918678560428544,
  "icvs_gm": 0.35514201046214666,
  "icvs_wm": 0.37567120393356795,
  "inu_med": 0.42847272753715515,
  "inu_range": 0.2393331080675125,
  "provenance": {
    "md5sum": "d59ecce8f8f699fc81e2983db602992c",
    "settings": {
      "testing": false
    },
    "software": "mriqc",
    "version": "23.1.0",
    "warnings": {
      "large_rot_frame": true,
      "small_air_mask": false
    }
  },
  "qi_1": 0.0,
  "qi_2": 0.0026821172467285568,
  "rpve_csf": 6.290604683660716,
  "rpve_gm": 6.150895377934352,
  "rpve_wm": 6.2149984681085195,
  "size_x": 150,
  "size_y": 256,
  "size_z": 256,
  "snr_csf": 2.3032785027006355,
  "snr_gm": 6.5087446788309915,
  "snr_total": 7.753964778790082,
  "snr_wm": 14.449871154838617,
  "snrd_csf": 72.15725049940895,
  "snrd_gm": 135.90310216082617,
  "snrd_total": 123.44367860365988,
  "snrd_wm": 162.27068315074456,
  "spacing_x": 1.1999976634979248,
  "spacing_y": 0.9374999403953552,
  "spacing_z": 0.9375,
  "summary_bg_k": 122.32550659055413,
  "summary_bg_mad": 0.0,
  "summary_bg_mean": 1.4174795970886478,
  "summary_bg_median": 0.0,
  "summary_bg_n": 2534531.0,
  "summary_bg_p05": 0.0,
  "summary_bg_p95": 9.409870583564043,
  "summary_bg_stdv": 3.8828783860897094,
  "summary_csf_k": -0.003888494797071207,
  "summary_csf_mad": 144.2024687040161,
  "summary_csf_mean": 442.40755845934126,
  "summary_csf_median": 427.6633512713015,
  "summary_csf_n": 415994.79839788337,
  "summary_csf_p05": 110.42025127261877,
  "summary_csf_p95": 775.7730474025011,
  "summary_csf_stdv": 185.67569520779705,
  "summary_gm_k": -0.1912337839342797,
  "summary_gm_mad": 67.90355974932265,
  "summary_gm_mean": 800.852202598427,
  "summary_gm_median": 805.4738188609481,
  "summary_gm_n": 548827.940098066,
  "summary_gm_p05": 583.3009452596307,
  "summary_gm_p95": 1004.6910494752228,
  "summary_gm_stdv": 123.75244763673649,
  "summary_wm_k": -0.6828377686818734,
  "summary_wm_mad": 60.82512806636296,
  "summary_wm_mean": 951.1082273349216,
  "summary_wm_median": 961.7498406469822,
  "summary_wm_n": 580553.2630192632,
  "summary_wm_p05": 828.8458278030157,
  "summary_wm_p95": 1043.6351451352239,
  "summary_wm_stdv": 66.55761854457849,
  "tpm_overlap_csf": 0.18475994465126003,
  "tpm_overlap_gm": 0.49483809001043516,
  "tpm_overlap_wm": 0.5319800594366361,
  "wm2max": 0.6340468925878405
}