{
  "bids_meta": {
    "InstitutionName": "HH",
    "dataset": "<unset>",
    "modality": "T1w",
    "subject_id": "1171"
  },
  "cjv": 0.7438034920360045,
  "cnr": 1.2291974647298198,
  "efc": 0.6568381857042229,
  "fber": -1.0,
  "fwhm_avg": 4.658548390834705,
  "fwhm_x": 4.04739983917078,
  "fwhm_y": 5.330837333333333,
  "fwhm_z": 4.597408,
  "icvs_csf": 0.2619705016945062,
  "icvs_gm": 0.3621100654593386,
  "icvs_wm": 0.3759194328461552,
  "inu_med": 0.36357030272483826,
  "inu_range": 0.16404469609260558,
  "provenance": {
    "md5sum": "595690ae1f3bd4771abd5e0a30f6aa85",
    "settings": {
      "testing": false
    },
    "software": "mriqc",
    "version": "23.1.0",
    "warnings": {
      "large_rot_frame": true,
      "small_air_mask": false
    }
  },
  "qi_1": 0.0,
  "qi_2": 0.0010209416480570668,
  "rpve_csf": 5.991943269368109,
  "rpve_gm": 5.867201086150484,
  "rpve_wm": 5.938623563150275,
  "size_x": 150,
  "size_y": 256,
  "size_z": 256,
  "snr_csf": 2.515815127414519,
  "snr_gm": 7.102238987822583,
  "snr_total": 8.474202810559063,
  "snr_wm": 15.804554316440091,
  "snrd_csf": 44.21708995610501,
  "snrd_gm": 75.35595285273236,
  "snrd_total": 69.91980317999649,
  "snrd_wm": 90.18636673115208,
  "spacing_x": 1.2000000476837158,
  "spacing_y": 0.9375,
  "spacing_z": 0.9375,
  "summary_bg_k": 372.61208864221334,
  "summary_bg_mad": 0.0,
  "summary_bg_mean": 1.8533796163463645,
  "summary_bg_median": 0.0,
  "summary_bg_n": 2814500.0,
  "summary_bg_p05": 0.0,
  "summary_bg_p95": 13.480519467964768,
  "summary_bg_stdv": 7.138022788260054,
  "summary_csf_k": 0.17517457704496442,
  "summary_csf_mad": 153.8055390960139,
  "summary_csf_mean": 497.8273490634985,
  "summary_csf_median": 481.766233317554,
  "summary_csf_n": 424055.31895191025,
  "summary_csf_p05": 195.11688293516636,
  "summary_csf_p95": 826.5974018275738,
  "summary_csf_stdv": 191.49485986511255,
  "summary_gm_k": -0.12619326002947506,
  "summary_gm_mad": 67.39100986931005,
  "summary_gm_mean": 820.4960507244816,
  "summary_gm_median": 821.0389602743089,
  "summary_gm_n": 586152.6328759064,
  "summary_gm_p05": 621.4805189017206,
  "summary_gm_p95": 1015.6883107423782,
  "summary_gm_stdv": 115.60273616798666,
  "summary_wm_k": -0.3895931919269562,
  "summary_wm_mad": 52.79604258904233,
  "summary_wm_mean": 973.1494552483194,
  "summary_wm_median": 982.6233757082373,
  "summary_wm_n": 608506.0492104273,
  "summary_wm_p05": 855.3766225799918,
  "summary_wm_p95": 1060.1298691425472,
  "summary_wm_stdv": 62.17338044637894,
  "tpm_overlap_csf": 0.211330032603483,
  "tpm_overlap_gm": 0.505971894938599,
  "tpm_overlap_wm": 0.5539436942168964,
  "wm2max": 0.7055389779932861
}