{
  "bids_meta": {
    "InstitutionName": "HH",
    "dataset": "<unset>",
    "modality": "T1w",
    "subject_id": "0333"
  },
  "cjv": 0.8594381110821968,
  "cnr": 0.9758735444134291,
  "efc": 0.6261927238821116,
  "fber": -1.0,
  "fwhm_avg": 4.716152174380159,
  "fwhm_x": 4.061619189807144,
  "fwhm_y": 5.431893333333333,
  "fwhm_z": 4.654944,
  "icvs_csf": 0.26602564461253286,
  "icvs_gm": 0.3445746528228856,
  "icvs_wm": 0.38939970256458145,
  "inu_med": 0.4281434416770935,
  "inu_range": 0.19841281771659847,
  "provenance": {
    "md5sum": "7cd76b3a8702ba6819408ec8aadb90b5",
    "settings": {
      "testing": false
    },
    "software": "mriqc",
    "version": "23.1.0",
    "warnings": {
      "large_rot_frame": true,
      "small_air_mask": false
    }
  },
  "qi_1": 0.0,
  "qi_2": 0.0016824058478579927,
  "rpve_csf": 6.700985325430592,
  "rpve_gm": 6.558210410269182,
  "rpve_wm": 6.632789700772387,
  "size_x": 150,
  "size_y": 256,
  "size_z": 256,
  "snr_csf": 2.4264709070248025,
  "snr_gm": 5.111890207605687,
  "snr_total": 6.943586769987324,
  "snr_wm": 13.292399195331484,
  "snrd_csf": 57.318394312866616,
  "snrd_gm": 114.774797384084,
  "snrd_total": 103.68187718583675,
  "snrd_wm": 138.95243986055965,
  "spacing_x": 1.2000017166137695,
  "spacing_y": 0.9375,
  "spacing_z": 0.9375,
  "summary_bg_k": 342.0795235522034,
  "summary_bg_mad": 0.0,
  "summary_bg_mean": 1.2483412085714487,
  "summary_bg_median": 0.0,
  "summary_bg_n": 3293581.0,
  "summary_bg_p05": 0.0,
  "summary_bg_p95": 9.355669984593987,
  "summary_bg_stdv": 4.526839265708022,
  "summary_csf_k": 1.0169498859675858,
  "summary_csf_mad": 103.01792604288511,
  "summary_csf_mean": 426.1882842165823,
  "summary_csf_median": 396.0566960144788,
  "summary_csf_n": 385723.61794191966,
  "summary_csf_p05": 136.23711167648435,
  "summary_csf_p95": 731.3401969224215,
  "summary_csf_stdv": 163.22313260510523,
  "summary_gm_k": 0.3386146617334669,
  "summary_gm_mad": 74.4549068600006,
  "summary_gm_mean": 777.2406780570515,
  "summary_gm_median": 793.0670002643019,
  "summary_gm_n": 499615.6740133418,
  "summary_gm_p05": 484.02061242610216,
  "summary_gm_p95": 1016.1082345526665,
  "summary_gm_stdv": 155.1414788617497,
  "summary_wm_k": -0.7314705395181571,
  "summary_wm_mad": 69.12441699242551,
  "summary_wm_mean": 949.706534546504,
  "summary_wm_median": 960.1288538184017,
  "summary_wm_n": 564609.7101558967,
  "summary_wm_p05": 820.3608143515885,
  "summary_wm_p95": 1053.1700897533447,
  "summary_wm_stdv": 72.23135488560604,
  "tpm_overlap_csf": 0.19411396656746252,
  "tpm_overlap_gm": 0.4812691402313883,
  "tpm_overlap_wm": 0.5246263982401764,
  "wm2max": 0.6955428962213543
}