{
  "bids_meta": {
    "InstitutionName": "HH",
    "dataset": "<unset>",
    "modality": "T1w",
    "subject_id": "0580"
  },
  "cjv": 0.8982084582870823,
  "cnr": 1.0244663625468964,
  "efc": 0.6246722548108466,
  "fber": -1.0,
  "fwhm_avg": 4.8891253604017715,
  "fwhm_x": 4.299835096360322,
  "fwhm_y": 5.4812476515116595,
  "fwhm_z": 4.886293333333333,
  "icvs_csf": 0.267428999548254,
  "icvs_gm": 0.3514933587838456,
  "icvs_wm": 0.38107764166790037,
  "inu_med": 0.4567966014146805,
  "inu_range": 0.2128654047846794,
  "provenance": {
    "md5sum": "ea9cf5d0104a8dd5d81cc62e0195774e",
    "settings": {
      "testing": false
    },
    "software": "mriqc",
    "version": "23.1.0",
    "warnings": {
      "large_rot_frame": true,
      "small_air_mask": false
    }
  },
  "qi_1": 0.0,
  "qi_2": 0.0009666824583024737,
  "rpve_csf": 7.9985333361238595,
  "rpve_gm": 7.848607780124705,
  "rpve_wm": 7.913081966956715,
  "size_x": 150,
  "size_y": 256,
  "size_z": 256,
  "snr_csf": 2.567781239132706,
  "snr_gm": 5.643667581876514,
  "snr_total": 6.9940593218817755,
  "snr_wm": 12.770729144636107,
  "snrd_csf": 60.369970397098214,
  "snrd_gm": 119.98437665384876,
  "snrd_total": 108.34235955938182,
  "snrd_wm": 144.6727316271985,
  "spacing_x": 1.2000064849853516,
  "spacing_y": 0.9375000596046448,
  "spacing_z": 0.9375,
  "summary_bg_k": 26.11748417488864,
  "summary_bg_mad": 0.0,
  "summary_bg_mean": 1.4716773220940114,
  "summary_bg_median": 0.0,
  "summary_bg_n": 3057176.0,
  "summary_bg_p05": 0.0,
  "summary_bg_p95": 10.055225759744644,
  "summary_bg_stdv": 4.314180192274639,
  "summary_csf_k": 0.3687854861859865,
  "summary_csf_mad": 117.25488201450584,
  "summary_csf_mean": 419.72511816970496,
  "summary_csf_median": 397.5461148172617,
  "summary_csf_n": 325946.7440257771,
  "summary_csf_p05": 161.2743592709303,
  "summary_csf_p95": 700.1146308779716,
  "summary_csf_stdv": 154.8206283795969,
  "summary_gm_k": 0.006197182387382316,
  "summary_gm_mad": 72.878775481348,
  "summary_gm_mean": 779.6014298494368,
  "summary_gm_median": 790.1167163699865,
  "summary_gm_n": 428405.7302529244,
  "summary_gm_p05": 530.7648312300444,
  "summary_gm_p95": 1005.9654227048159,
  "summary_gm_stdv": 140.00041333890294,
  "summary_wm_k": -0.8491912036420395,
  "summary_wm_mad": 73.14912599982677,
  "summary_wm_mean": 941.0479471345024,
  "summary_wm_median": 952.6935660243034,
  "summary_wm_n": 464463.5276372176,
  "summary_wm_p05": 809.0028269290924,
  "summary_wm_p95": 1044.7535863220692,
  "summary_wm_stdv": 74.59969823563215,
  "tpm_overlap_csf": 0.18475620788030045,
  "tpm_overlap_gm": 0.4961140937531754,
  "tpm_overlap_wm": 0.5331049245681798,
  "wm2max": 0.660494907758002
}