{
  "bids_meta": {
    "InstitutionName": "HH",
    "dataset": "<unset>",
    "modality": "T1w",
    "subject_id": "0328"
  },
  "cjv": 0.6007741959767736,
  "cnr": 1.7456365393712545,
  "efc": 0.6043231177373536,
  "fber": -1.0,
  "fwhm_avg": 5.260451461405986,
  "fwhm_x": 4.514442384217959,
  "fwhm_y": 6.008938666666666,
  "fwhm_z": 5.257973333333334,
  "icvs_csf": 0.2564940929927041,
  "icvs_gm": 0.38976691327684454,
  "icvs_wm": 0.35373899373045126,
  "inu_med": 0.37630222737789154,
  "inu_range": 0.1727538526058197,
  "provenance": {
    "md5sum": "eda1d927230cd8ced6ce60d3666c0e6e",
    "settings": {
      "testing": false
    },
    "software": "mriqc",
    "version": "23.1.0",
    "warnings": {
      "large_rot_frame": true,
      "small_air_mask": false
    }
  },
  "qi_1": 0.0,
  "qi_2": 0.002169725007789406,
  "rpve_csf": 7.198905386561442,
  "rpve_gm": 7.109569739311914,
  "rpve_wm": 7.1724260182608655,
  "size_x": 150,
  "size_y": 256,
  "size_z": 256,
  "snr_csf": 2.019615723391541,
  "snr_gm": 8.6319456234329,
  "snr_total": 8.768183373700632,
  "snr_wm": 15.652988774277455,
  "snrd_csf": 67.1628774999313,
  "snrd_gm": 115.10911865064124,
  "snrd_total": 108.5483242940082,
  "snrd_wm": 143.3729767314521,
  "spacing_x": 1.1999998092651367,
  "spacing_y": 0.9375,
  "spacing_z": 0.9375,
  "summary_bg_k": 31.736478774761885,
  "summary_bg_mad": 0.0,
  "summary_bg_mean": 1.5545064931583898,
  "summary_bg_median": 0.0,
  "summary_bg_n": 2751606.0,
  "summary_bg_p05": 0.0,
  "summary_bg_p95": 10.727322220802307,
  "summary_bg_stdv": 4.436017229056457,
  "summary_csf_k": -0.8650573276343927,
  "summary_csf_mad": 180.9120008512401,
  "summary_csf_mean": 449.31055279936413,
  "summary_csf_median": 454.7689332216978,
  "summary_csf_n": 346690.24086998636,
  "summary_csf_p05": 67.07059564441442,
  "summary_csf_p95": 804.9216430261731,
  "summary_csf_stdv": 225.17564707082136,
  "summary_gm_k": -0.5199777663060012,
  "summary_gm_mad": 67.22533853365168,
  "summary_gm_mean": 781.603382841125,
  "summary_gm_median": 779.4194209873676,
  "summary_gm_n": 526828.4484467406,
  "summary_gm_p05": 631.7200863361359,
  "summary_gm_p95": 948.325082436204,
  "summary_gm_stdv": 90.29466996910108,
  "summary_wm_k": -0.5952116794262254,
  "summary_wm_mad": 47.74987079854668,
  "summary_wm_mean": 955.1030476490776,
  "summary_wm_median": 970.7978292182088,
  "summary_wm_n": 478131.3109811271,
  "summary_wm_p05": 831.3674721121788,
  "summary_wm_p95": 1031.983296699822,
  "summary_wm_stdv": 62.01990099251662,
  "tpm_overlap_csf": 0.1974305049762999,
  "tpm_overlap_gm": 0.5469228202426568,
  "tpm_overlap_wm": 0.5617517462362669,
  "wm2max": 0.7958302039313133
}