{
  "bids_meta": {
    "InstitutionName": "HH",
    "dataset": "<unset>",
    "modality": "T1w",
    "subject_id": "0381"
  },
  "cjv": 0.6276965269995087,
  "cnr": 1.7192711177163944,
  "efc": 0.546924945838719,
  "fber": -1.0,
  "fwhm_avg": 5.121867118016368,
  "fwhm_x": 4.428705026164831,
  "fwhm_y": 5.779722666666667,
  "fwhm_z": 5.1571736612176045,
  "icvs_csf": 0.26601876903750094,
  "icvs_gm": 0.37851366428582095,
  "icvs_wm": 0.3554675666766782,
  "inu_med": 0.3617001175880432,
  "inu_range": 0.16268449425697323,
  "provenance": {
    "md5sum": "3a554a63e546ef9432217a1a7e0b0196",
    "settings": {
      "testing": false
    },
    "software": "mriqc",
    "version": "23.1.0",
    "warnings": {
      "large_rot_frame": true,
      "small_air_mask": false
    }
  },
  "qi_1": 0.0,
  "qi_2": 0.002573076644162384,
  "rpve_csf": 7.934537303760564,
  "rpve_gm": 7.8574408165300635,
  "rpve_wm": 7.928417490366811,
  "size_x": 150,
  "size_y": 256,
  "size_z": 256,
  "snr_csf": 2.1942902950852643,
  "snr_gm": 7.74912817870203,
  "snr_total": 9.55244462770444,
  "snr_wm": 18.713915409326027,
  "snrd_csf": 87.27239342073153,
  "snrd_gm": 148.9381421480035,
  "snrd_total": 140.79126993390466,
  "snrd_wm": 186.1632742329789,
  "spacing_x": 1.2000054121017456,
  "spacing_y": 0.9375,
  "spacing_z": 0.9374999403953552,
  "summary_bg_k": 52.52242779538805,
  "summary_bg_mad": 0.0,
  "summary_bg_mean": 1.051443478327708,
  "summary_bg_median": 0.0,
  "summary_bg_n": 2527706.0,
  "summary_bg_p05": 0.0,
  "summary_bg_p95": 6.96320697106421,
  "summary_bg_stdv": 3.4433167620456104,
  "summary_csf_k": -0.5922331093464193,
  "summary_csf_mad": 160.97754431603843,
  "summary_csf_mean": 457.242559584599,
  "summary_csf_median": 458.69302198663354,
  "summary_csf_n": 326320.43585864245,
  "summary_csf_p05": 93.66282184422016,
  "summary_csf_p95": 799.8681976161897,
  "summary_csf_stdv": 209.03903197648555,
  "summary_gm_k": -0.7150997627210014,
  "summary_gm_mad": 79.10468443124769,
  "summary_gm_mean": 782.5407026280405,
  "summary_gm_median": 782.8006524536759,
  "summary_gm_n": 464315.899043908,
  "summary_gm_p05": 611.861609397456,
  "summary_gm_p95": 963.6243741754442,
  "summary_gm_stdv": 101.01779083270456,
  "summary_wm_k": -0.4933505112408394,
  "summary_wm_mad": 43.704605395938415,
  "summary_wm_mean": 967.6165344545202,
  "summary_wm_median": 978.4513921737671,
  "summary_wm_n": 436045.6659176277,
  "summary_wm_p05": 865.2388725243509,
  "summary_wm_p95": 1035.848426291719,
  "summary_wm_stdv": 52.28463679630311,
  "tpm_overlap_csf": 0.19718934267274327,
  "tpm_overlap_gm": 0.5324945363773708,
  "tpm_overlap_wm": 0.5579823172421029,
  "wm2max": 0.8611896181140071
}