{
  "bids_meta": {
    "InstitutionName": "HH",
    "dataset": "<unset>",
    "modality": "T1w",
    "subject_id": "0969"
  },
  "cjv": 0.6120297163584792,
  "cnr": 1.565310341523027,
  "efc": 0.534487067612303,
  "fber": -1.0,
  "fwhm_avg": 4.7961183841263315,
  "fwhm_x": 4.114808485712327,
  "fwhm_y": 5.357056,
  "fwhm_z": 4.916490666666666,
  "icvs_csf": 0.26940298068485125,
  "icvs_gm": 0.37646801885261405,
  "icvs_wm": 0.35412900046253465,
  "inu_med": 0.35088111460208893,
  "inu_range": 0.13462566286325456,
  "provenance": {
    "md5sum": "e3b0aa4b6252025039a991b39841d4c9",
    "settings": {
      "testing": false
    },
    "software": "mriqc",
    "version": "23.1.0",
    "warnings": {
      "large_rot_frame": true,
      "small_air_mask": false
    }
  },
  "qi_1": 0.0,
  "qi_2": 0.0024557936010815642,
  "rpve_csf": 7.176629227023061,
  "rpve_gm": 7.075209117655646,
  "rpve_wm": 7.144591367447187,
  "size_x": 150,
  "size_y": 256,
  "size_z": 256,
  "snr_csf": 2.283627238608233,
  "snr_gm": 7.500181032848789,
  "snr_total": 8.354556369488654,
  "snr_wm": 15.279860837008936,
  "snrd_csf": 92.78582871675192,
  "snrd_gm": 160.78138095567402,
  "snrd_total": 151.22809101789144,
  "snrd_wm": 200.1170633812484,
  "spacing_x": 1.2000048160552979,
  "spacing_y": 0.9375,
  "spacing_z": 0.9375,
  "summary_bg_k": 27.23062671997517,
  "summary_bg_mad": 0.0,
  "summary_bg_mean": 1.060177580711622,
  "summary_bg_median": 0.0,
  "summary_bg_n": 3083554.0,
  "summary_bg_p05": 0.0,
  "summary_bg_p95": 7.618516376242042,
  "summary_bg_stdv": 3.1646567434478983,
  "summary_csf_k": -0.397299297485862,
  "summary_csf_mad": 154.88782011430527,
  "summary_csf_mean": 452.92107727400787,
  "summary_csf_median": 448.204829627648,
  "summary_csf_n": 365106.23451672366,
  "summary_csf_p05": 110.30753288418055,
  "summary_csf_p95": 780.6725921649486,
  "summary_csf_stdv": 196.2685539255601,
  "summary_gm_k": -0.3867811090801876,
  "summary_gm_mad": 68.5031792740549,
  "summary_gm_mean": 777.4397425496691,
  "summary_gm_median": 776.6594581864774,
  "summary_gm_n": 510205.27103981597,
  "summary_gm_p05": 601.3691997043788,
  "summary_gm_p95": 968.688992086798,
  "summary_gm_stdv": 103.5519934332321,
  "summary_wm_k": -0.4411492605588654,
  "summary_wm_mad": 47.7899560007573,
  "summary_wm_mean": 950.1129806739939,
  "summary_wm_median": 966.6716947928071,
  "summary_wm_n": 479930.4950649251,
  "summary_wm_p05": 822.6280837580562,
  "summary_wm_p95": 1027.448140926659,
  "summary_wm_stdv": 63.2643646436507,
  "tpm_overlap_csf": 0.1975813477522602,
  "tpm_overlap_gm": 0.5332880049604887,
  "tpm_overlap_wm": 0.5602665951128154,
  "wm2max": 0.8694947102440842
}