{
  "bids_meta": {
    "InstitutionName": "HH",
    "dataset": "<unset>",
    "modality": "T1w",
    "subject_id": "0725"
  },
  "cjv": 0.6259781467915443,
  "cnr": 1.6036577174871802,
  "efc": 0.6093069036952902,
  "fber": -1.0,
  "fwhm_avg": 5.01547389617359,
  "fwhm_x": 4.26306168852077,
  "fwhm_y": 5.809621333333333,
  "fwhm_z": 4.973738666666667,
  "icvs_csf": 0.25639728464268524,
  "icvs_gm": 0.3759316664852219,
  "icvs_wm": 0.36767104887209284,
  "inu_med": 0.3313128352165222,
  "inu_range": 0.15831845998764038,
  "provenance": {
    "md5sum": "ef7f402a94a6265c566cb50aa4c8546e",
    "settings": {
      "testing": false
    },
    "software": "mriqc",
    "version": "23.1.0",
    "warnings": {
      "large_rot_frame": true,
      "small_air_mask": false
    }
  },
  "qi_1": 0.0,
  "qi_2": 0.003041973526882632,
  "rpve_csf": 6.864307004950544,
  "rpve_gm": 6.773688953640726,
  "rpve_wm": 6.838071153466961,
  "size_x": 150,
  "size_y": 256,
  "size_z": 256,
  "snr_csf": 2.3044287415701183,
  "snr_gm": 8.495104358349451,
  "snr_total": 10.183563126107225,
  "snr_wm": 19.751156278402107,
  "snrd_csf": 71.55847130530178,
  "snrd_gm": 118.96818712917334,
  "snrd_total": 111.6159820300608,
  "snrd_wm": 144.3212876557073,
  "spacing_x": 1.1999967098236084,
  "spacing_y": 0.9375,
  "spacing_z": 0.9375,
  "summary_bg_k": 590.6914405337768,
  "summary_bg_mad": 0.0,
  "summary_bg_mean": 1.526460211329019,
  "summary_bg_median": 0.0,
  "summary_bg_n": 2570645.0,
  "summary_bg_p05": 0.0,
  "summary_bg_p95": 10.505338594317436,
  "summary_bg_stdv": 4.429869913651428,
  "summary_csf_k": -0.34511639175901676,
  "summary_csf_mad": 172.20304459728183,
  "summary_csf_mean": 487.11074472941715,
  "summary_csf_median": 483.86064200103283,
  "summary_csf_n": 363223.9315902088,
  "summary_csf_p05": 113.7873325496912,
  "summary_csf_p95": 824.3615463227034,
  "summary_csf_stdv": 209.96959776116697,
  "summary_gm_k": -0.4760340854137488,
  "summary_gm_mad": 66.7510213118038,
  "summary_gm_mean": 808.733532691041,
  "summary_gm_median": 804.4333864599466,
  "summary_gm_n": 532561.7160895974,
  "summary_gm_p05": 652.3150995075703,
  "summary_gm_p95": 982.1138439029455,
  "summary_gm_stdv": 94.69367264687823,
  "summary_wm_k": -0.30219612154865727,
  "summary_wm_mad": 40.56127633810154,
  "summary_wm_mean": 967.5486778992504,
  "summary_wm_median": 975.864766612649,
  "summary_wm_n": 520859.35344178113,
  "summary_wm_p05": 870.5407513380051,
  "summary_wm_p95": 1033.9024568796158,
  "summary_wm_stdv": 49.4079342026133,
  "tpm_overlap_csf": 0.20514420096548822,
  "tpm_overlap_gm": 0.5150124031197549,
  "tpm_overlap_wm": 0.5485292523364182,
  "wm2max": 0.7773640372366487
}