{
  "bids_meta": {
    "InstitutionName": "HH",
    "dataset": "<unset>",
    "modality": "T1w",
    "subject_id": "0934"
  },
  "cjv": 0.7270924296967328,
  "cnr": 1.2926687789524145,
  "efc": 0.5472702522154065,
  "fber": -1.0,
  "fwhm_avg": 5.080184655379207,
  "fwhm_x": 4.414772632804288,
  "fwhm_y": 5.698869333333334,
  "fwhm_z": 5.126912,
  "icvs_csf": 0.27840205321377737,
  "icvs_gm": 0.36205259733043743,
  "icvs_wm": 0.3595453494557852,
  "inu_med": 0.38587552309036255,
  "inu_range": 0.14411662220954896,
  "provenance": {
    "md5sum": "7f3516f0f8b33bf2565594c9f60db7de",
    "settings": {
      "testing": false
    },
    "software": "mriqc",
    "version": "23.1.0",
    "warnings": {
      "large_rot_frame": true,
      "small_air_mask": false
    }
  },
  "qi_1": 0.0,
  "qi_2": 0.0009869500563355054,
  "rpve_csf": 8.332512335695833,
  "rpve_gm": 8.200529400640935,
  "rpve_wm": 8.25491916747817,
  "size_x": 150,
  "size_y": 256,
  "size_z": 256,
  "snr_csf": 2.179211688020231,
  "snr_gm": 6.980026871042696,
  "snr_total": 7.454086365315557,
  "snr_wm": 13.203020536883741,
  "snrd_csf": 63.68755366811658,
  "snrd_gm": 126.39512878149728,
  "snrd_total": 114.7827513208677,
  "snrd_wm": 154.26557151298925,
  "spacing_x": 1.2000051736831665,
  "spacing_y": 0.9375,
  "spacing_z": 0.9375,
  "summary_bg_k": 44.026182871489176,
  "summary_bg_mad": 0.0,
  "summary_bg_mean": 1.294675129960109,
  "summary_bg_median": 0.0,
  "summary_bg_n": 3188564.0,
  "summary_bg_p05": 0.0,
  "summary_bg_p95": 8.925335008651018,
  "summary_bg_stdv": 4.028330540364354,
  "summary_csf_k": -0.29200218919751864,
  "summary_csf_mad": 144.85463899403018,
  "summary_csf_mean": 403.6498102743548,
  "summary_csf_median": 391.60473678819835,
  "summary_csf_n": 326168.32889315434,
  "summary_csf_p05": 82.43475659005344,
  "summary_csf_p95": 727.165618725121,
  "summary_csf_stdv": 179.69990645227716,
  "summary_gm_k": -0.24634153188196217,
  "summary_gm_mad": 64.21564334722599,
  "summary_gm_mean": 776.84308117031,
  "summary_gm_median": 777.1837397888303,
  "summary_gm_n": 424171.04787663586,
  "summary_gm_p05": 584.6320962011814,
  "summary_gm_p95": 974.2886634189636,
  "summary_gm_stdv": 111.343815435987,
  "summary_wm_k": -0.7652238272285494,
  "summary_wm_mad": 60.38688636941021,
  "summary_wm_mean": 931.7172557407245,
  "summary_wm_median": 948.5547025818378,
  "summary_wm_n": 421233.6239605548,
  "summary_wm_p05": 794.9437972679734,
  "summary_wm_p95": 1024.8051534425467,
  "summary_wm_stdv": 71.84367955852095,
  "tpm_overlap_csf": 0.17755550986202884,
  "tpm_overlap_gm": 0.5221701644806452,
  "tpm_overlap_wm": 0.5683798049143595,
  "wm2max": 0.7434044668536732
}