{
  "bids_meta": {
    "InstitutionName": "HH",
    "dataset": "<unset>",
    "modality": "T1w",
    "subject_id": "0455"
  },
  "cjv": 0.6465664641755017,
  "cnr": 1.4840809556561299,
  "efc": 0.609772058033478,
  "fber": -1.0,
  "fwhm_avg": 5.2762248923901005,
  "fwhm_x": 4.722253343836966,
  "fwhm_y": 5.9093333333333335,
  "fwhm_z": 5.197088,
  "icvs_csf": 0.2730043991424562,
  "icvs_gm": 0.37248615362699955,
  "icvs_wm": 0.35450944723054423,
  "inu_med": 0.41065001487731934,
  "inu_range": 0.21614114642143245,
  "provenance": {
    "md5sum": "c44f233ae875e98828498ad0a5528977",
    "settings": {
      "testing": false
    },
    "software": "mriqc",
    "version": "23.1.0",
    "warnings": {
      "large_rot_frame": true,
      "small_air_mask": false
    }
  },
  "qi_1": 0.0,
  "qi_2": 0.0010928360693184572,
  "rpve_csf": 6.641525397955844,
  "rpve_gm": 6.5277897246374765,
  "rpve_wm": 6.59293735436969,
  "size_x": 150,
  "size_y": 256,
  "size_z": 256,
  "snr_csf": 2.2917974308045324,
  "snr_gm": 7.188064117244757,
  "snr_total": 7.817706822492467,
  "snr_wm": 13.973258919428112,
  "snrd_csf": 71.0839380952413,
  "snrd_gm": 128.55196644651343,
  "snrd_total": 119.90775841905948,
  "snrd_wm": 160.08737071542376,
  "spacing_x": 1.2000033855438232,
  "spacing_y": 0.9375,
  "spacing_z": 0.9375,
  "summary_bg_k": 180.40363821447227,
  "summary_bg_mad": 0.0,
  "summary_bg_mean": 1.1243151910596951,
  "summary_bg_median": 0.0,
  "summary_bg_n": 2725606.0,
  "summary_bg_p05": 0.0,
  "summary_bg_p95": 8.730829453095794,
  "summary_bg_stdv": 3.924930430828016,
  "summary_csf_k": -0.28628399138385463,
  "summary_csf_mad": 156.62280411408003,
  "summary_csf_mean": 439.15135565076645,
  "summary_csf_median": 425.8647691886872,
  "summary_csf_n": 399785.73137361475,
  "summary_csf_p05": 130.29674805514514,
  "summary_csf_p95": 762.2449373845011,
  "summary_csf_stdv": 185.8210637851122,
  "summary_gm_k": -0.3543828725851852,
  "summary_gm_mad": 68.89733142681901,
  "summary_gm_mean": 773.141151429769,
  "summary_gm_median": 770.1564514636993,
  "summary_gm_n": 545466.1163778888,
  "summary_gm_p05": 594.2340785246342,
  "summary_gm_p95": 970.7350964359939,
  "summary_gm_stdv": 107.1436944550811,
  "summary_wm_k": -0.5383680843608389,
  "summary_wm_mad": 53.25782699274219,
  "summary_wm_mean": 941.3996642536807,
  "summary_wm_median": 959.0854559633881,
  "summary_wm_n": 519141.1533480972,
  "summary_wm_p05": 805.3358053304255,
  "summary_wm_p95": 1026.4229382555932,
  "summary_wm_stdv": 68.63714025267592,
  "tpm_overlap_csf": 0.1833612582457884,
  "tpm_overlap_gm": 0.5216971349028402,
  "tpm_overlap_wm": 0.551127370382517,
  "wm2max": 0.7408410853350592
}