{
  "bids_meta": {
    "InstitutionName": "HH",
    "dataset": "<unset>",
    "modality": "T1w",
    "subject_id": "0370"
  },
  "cjv": 0.6840657677942126,
  "cnr": 1.5050006824098268,
  "efc": 0.5997229313671015,
  "fber": -1.0,
  "fwhm_avg": 5.2563856816540975,
  "fwhm_x": 4.58276771162896,
  "fwhm_y": 5.862421333333333,
  "fwhm_z": 5.323968,
  "icvs_csf": 0.26594327192983386,
  "icvs_gm": 0.369004629102441,
  "icvs_wm": 0.3650520989677251,
  "inu_med": 0.33048035204410553,
  "inu_range": 0.15003905892372127,
  "provenance": {
    "md5sum": "e04f832148e8ab46174498ed02e5330c",
    "settings": {
      "testing": false
    },
    "software": "mriqc",
    "version": "23.1.0",
    "warnings": {
      "large_rot_frame": true,
      "small_air_mask": false
    }
  },
  "qi_1": 0.0,
  "qi_2": 0.001622693037108046,
  "rpve_csf": 6.088299032884707,
  "rpve_gm": 5.990561270082924,
  "rpve_wm": 6.055312883519417,
  "size_x": 150,
  "size_y": 256,
  "size_z": 256,
  "snr_csf": 2.363130401157177,
  "snr_gm": 7.547417592523049,
  "snr_total": 9.339510710688076,
  "snr_wm": 18.107984138384005,
  "snrd_csf": 62.580971634511194,
  "snrd_gm": 111.62023450677553,
  "snrd_total": 103.60930299196411,
  "snrd_wm": 136.62670283460562,
  "spacing_x": 1.1999975442886353,
  "spacing_y": 0.9375,
  "spacing_z": 0.9375,
  "summary_bg_k": 1150.176331821653,
  "summary_bg_mad": 0.0,
  "summary_bg_mean": 1.456322419563819,
  "summary_bg_median": 0.0,
  "summary_bg_n": 2678881.0,
  "summary_bg_p05": 0.0,
  "summary_bg_p95": 9.210588786751032,
  "summary_bg_stdv": 4.667922808733595,
  "summary_csf_k": -0.4407175791587856,
  "summary_csf_mad": 161.41035943077014,
  "summary_csf_mean": 460.0203897250372,
  "summary_csf_median": 445.8966787457466,
  "summary_csf_n": 424465.14225319226,
  "summary_csf_p05": 172.60974872857332,
  "summary_csf_p95": 786.8305294923484,
  "summary_csf_stdv": 188.6887635492936,
  "summary_gm_k": -0.6119768053030303,
  "summary_gm_mad": 76.14159843526325,
  "summary_gm_mean": 796.1262867458693,
  "summary_gm_median": 795.3071124888957,
  "summary_gm_n": 588958.6950159018,
  "summary_gm_p05": 620.1638599038124,
  "summary_gm_p95": 984.5385407246649,
  "summary_gm_stdv": 105.37464338739774,
  "summary_wm_k": -0.5075046798196392,
  "summary_wm_mad": 45.741126215374834,
  "summary_wm_mean": 963.5244500902423,
  "summary_wm_median": 973.4810986593366,
  "summary_wm_n": 582650.1644269616,
  "summary_wm_p05": 858.9761953875422,
  "summary_wm_p95": 1035.1612626425922,
  "summary_wm_stdv": 53.75972586615698,
  "tpm_overlap_csf": 0.18702589418201365,
  "tpm_overlap_gm": 0.5082074258222204,
  "tpm_overlap_wm": 0.5445156106026569,
  "wm2max": 0.7492792033022928
}