{
  "bids_meta": {
    "InstitutionName": "HH",
    "dataset": "<unset>",
    "modality": "T1w",
    "subject_id": "1109"
  },
  "cjv": 0.7434239006734193,
  "cnr": 1.3099067517224487,
  "efc": 0.5880790975541192,
  "fber": -1.0,
  "fwhm_avg": 5.435655674701066,
  "fwhm_x": 4.663724357436531,
  "fwhm_y": 6.18128,
  "fwhm_z": 5.4619626666666665,
  "icvs_csf": 0.2675136264130759,
  "icvs_gm": 0.3669016043970517,
  "icvs_wm": 0.3655847691898723,
  "inu_med": 0.4038717448711395,
  "inu_range": 0.1917718291282653,
  "provenance": {
    "md5sum": "33e23eca820455eeb6b5ca9bae1c269a",
    "settings": {
      "testing": false
    },
    "software": "mriqc",
    "version": "23.1.0",
    "warnings": {
      "large_rot_frame": true,
      "small_air_mask": false
    }
  },
  "qi_1": 0.0,
  "qi_2": 0.0013177782907419205,
  "rpve_csf": 6.478665475619919,
  "rpve_gm": 6.353316363840212,
  "rpve_wm": 6.412798880053858,
  "size_x": 150,
  "size_y": 256,
  "size_z": 256,
  "snr_csf": 2.126847020950258,
  "snr_gm": 7.091040580550776,
  "snr_total": 8.001113120714132,
  "snr_wm": 14.785451760641367,
  "snrd_csf": 49.43819437833854,
  "snrd_gm": 93.86416579288814,
  "snrd_total": 85.7495705236139,
  "snrd_wm": 113.94635139961498,
  "spacing_x": 1.1999980211257935,
  "spacing_y": 0.9375,
  "spacing_z": 0.9375,
  "summary_bg_k": 523.5018955022501,
  "summary_bg_mad": 0.0,
  "summary_bg_mean": 2.098382156978622,
  "summary_bg_median": 0.0,
  "summary_bg_n": 2419360.0,
  "summary_bg_p05": 0.0,
  "summary_bg_p95": 11.266382094472647,
  "summary_bg_stdv": 5.529776353578329,
  "summary_csf_k": -0.5183013375848411,
  "summary_csf_mad": 162.4146905226151,
  "summary_csf_mean": 425.94366135765057,
  "summary_csf_median": 417.2904424741864,
  "summary_csf_n": 401839.9763821435,
  "summary_csf_p05": 90.53981438279152,
  "summary_csf_p95": 768.5920755378902,
  "summary_csf_stdv": 196.2011931929036,
  "summary_gm_k": -0.39698204692054384,
  "summary_gm_mad": 71.20793334480327,
  "summary_gm_mean": 792.5276665691757,
  "summary_gm_median": 792.2744705528021,
  "summary_gm_n": 551133.5404568207,
  "summary_gm_p05": 602.1510792896152,
  "summary_gm_p95": 986.5365327894688,
  "summary_gm_stdv": 111.7288418793379,
  "summary_wm_k": -0.5502076678703998,
  "summary_wm_mad": 54.807382739324645,
  "summary_wm_mean": 949.0362953298634,
  "summary_wm_median": 961.7811490036547,
  "summary_wm_n": 549155.4841026557,
  "summary_wm_p05": 825.8181433193386,
  "summary_wm_p95": 1036.4816053397954,
  "summary_wm_stdv": 65.0490961576427,
  "tpm_overlap_csf": 0.18654469106561106,
  "tpm_overlap_gm": 0.5221276284496855,
  "tpm_overlap_wm": 0.5461877748198956,
  "wm2max": 0.6872273233420346
}