{
  "bids_meta": {
    "InstitutionName": "HH",
    "dataset": "<unset>",
    "modality": "T1w",
    "subject_id": "0800"
  },
  "cjv": 0.6928209928173947,
  "cnr": 1.2569763460387882,
  "efc": 0.6333233756244876,
  "fber": -1.0,
  "fwhm_avg": 4.940019851376868,
  "fwhm_x": 4.268699554130604,
  "fwhm_y": 5.763210666666667,
  "fwhm_z": 4.788149333333333,
  "icvs_csf": 0.2689205785830293,
  "icvs_gm": 0.3620622548206242,
  "icvs_wm": 0.3690171665963464,
  "inu_med": 0.43000149726867676,
  "inu_range": 0.23900464326143267,
  "provenance": {
    "md5sum": "4cd48cf6dd081effa2361d049fd1b739",
    "settings": {
      "testing": false
    },
    "software": "mriqc",
    "version": "23.1.0",
    "warnings": {
      "large_rot_frame": true,
      "small_air_mask": false
    }
  },
  "qi_1": 0.0,
  "qi_2": 0.0010734944233660355,
  "rpve_csf": 6.160059166972182,
  "rpve_gm": 6.031514082704798,
  "rpve_wm": 6.102888472071158,
  "size_x": 150,
  "size_y": 256,
  "size_z": 256,
  "snr_csf": 2.462564264431433,
  "snr_gm": 6.52202758109214,
  "snr_total": 7.712845172378647,
  "snr_wm": 14.15394367161237,
  "snrd_csf": 61.50375251857303,
  "snrd_gm": 110.07528892439899,
  "snrd_total": 102.00379002790628,
  "snrd_wm": 134.4323286407468,
  "spacing_x": 1.1999977827072144,
  "spacing_y": 0.9375,
  "spacing_z": 0.9375,
  "summary_bg_k": 84.27338004818014,
  "summary_bg_mad": 0.0,
  "summary_bg_mean": 1.376824196495693,
  "summary_bg_median": 0.0,
  "summary_bg_n": 2302726.0,
  "summary_bg_p05": 0.0,
  "summary_bg_p95": 9.403384394943714,
  "summary_bg_stdv": 4.7104659629770715,
  "summary_csf_k": 0.08407975862122008,
  "summary_csf_mad": 140.21252693435434,
  "summary_csf_mean": 460.3497693571399,
  "summary_csf_median": 442.2152895703912,
  "summary_csf_n": 423765.58597212256,
  "summary_csf_p05": 168.85096229612827,
  "summary_csf_p95": 782.5306888446212,
  "summary_csf_stdv": 179.57491472955434,
  "summary_gm_k": 0.17694713811776985,
  "summary_gm_mad": 65.68069874546157,
  "summary_gm_mean": 789.2668167470362,
  "summary_gm_median": 791.4472495242953,
  "summary_gm_n": 570538.425809159,
  "summary_gm_p05": 575.0156746357679,
  "summary_gm_p95": 996.1694329455495,
  "summary_gm_stdv": 121.34977138423312,
  "summary_wm_k": -0.5864073134016459,
  "summary_wm_mad": 55.65195122157385,
  "summary_wm_mean": 950.1754764779547,
  "summary_wm_median": 966.5756755173206,
  "summary_wm_n": 581497.989705506,
  "summary_wm_p05": 817.5563740432262,
  "summary_wm_p95": 1037.6006933450699,
  "summary_wm_stdv": 68.29014349881888,
  "tpm_overlap_csf": 0.2003038164395791,
  "tpm_overlap_gm": 0.5090607302947187,
  "tpm_overlap_wm": 0.547781456414115,
  "wm2max": 0.7369839998437103
}