{
  "bids_meta": {
    "InstitutionName": "HH",
    "dataset": "<unset>",
    "modality": "T1w",
    "subject_id": "0678"
  },
  "cjv": 0.6208738912770548,
  "cnr": 1.615767259162705,
  "efc": 0.5625858602629709,
  "fber": -1.0,
  "fwhm_avg": 5.038839576572211,
  "fwhm_x": 4.278086729716632,
  "fwhm_y": 5.8379520000000005,
  "fwhm_z": 5.00048,
  "icvs_csf": 0.2586269452795063,
  "icvs_gm": 0.3753630620858321,
  "icvs_wm": 0.36600999263466155,
  "inu_med": 0.3308255970478058,
  "inu_range": 0.1569326877593994,
  "provenance": {
    "md5sum": "6715f632787bb4c92532e58ae6404968",
    "settings": {
      "testing": false
    },
    "software": "mriqc",
    "version": "23.1.0",
    "warnings": {
      "large_rot_frame": true,
      "small_air_mask": false
    }
  },
  "qi_1": 0.0,
  "qi_2": 0.000710581759934983,
  "rpve_csf": 6.819930957793869,
  "rpve_gm": 6.730375142369306,
  "rpve_wm": 6.793524966260331,
  "size_x": 150,
  "size_y": 256,
  "size_z": 256,
  "snr_csf": 2.2577785554462255,
  "snr_gm": 8.460472886108082,
  "snr_total": 10.176259689345775,
  "snr_wm": 19.810527626483015,
  "snrd_csf": 68.55781783422908,
  "snrd_gm": 115.96417813582447,
  "snrd_total": 108.48692747106321,
  "snrd_wm": 140.9387864431361,
  "spacing_x": 1.1999967098236084,
  "spacing_y": 0.9375,
  "spacing_z": 0.9375,
  "summary_bg_k": 548.3560632479425,
  "summary_bg_mad": 0.0,
  "summary_bg_mean": 1.6203404478409904,
  "summary_bg_median": 0.0,
  "summary_bg_n": 2570823.0,
  "summary_bg_p05": 0.0,
  "summary_bg_p95": 10.810810402035713,
  "summary_bg_stdv": 4.5387330429699775,
  "summary_csf_k": -0.4013562932039525,
  "summary_csf_mad": 173.72308876423787,
  "summary_csf_mean": 478.61107201501727,
  "summary_csf_median": 474.96312700398266,
  "summary_csf_n": 368847.0253292052,
  "summary_csf_p05": 104.49631054513156,
  "summary_csf_p95": 819.2628682851791,
  "summary_csf_stdv": 210.3671690961228,
  "summary_gm_k": -0.4734857455542376,
  "summary_gm_mad": 67.2817246692278,
  "summary_gm_mean": 807.4565634079945,
  "summary_gm_median": 803.3906330130994,
  "summary_gm_n": 535333.0401021903,
  "summary_gm_p05": 650.1473955642432,
  "summary_gm_p95": 981.6215845048428,
  "summary_gm_stdv": 94.95803526143756,
  "summary_wm_k": -0.3004320600067554,
  "summary_wm_mad": 40.143183857871705,
  "summary_wm_mean": 967.7673817493373,
  "summary_wm_median": 976.4127394929528,
  "summary_wm_n": 521993.93562089454,
  "summary_wm_p05": 870.7370678130537,
  "summary_wm_p95": 1033.5134744346142,
  "summary_wm_stdv": 49.287521394186015,
  "tpm_overlap_csf": 0.2000289567774128,
  "tpm_overlap_gm": 0.5148066047987685,
  "tpm_overlap_wm": 0.5481921737929497,
  "wm2max": 0.7808232635818843
}