{
  "bids_meta": {
    "InstitutionName": "HH",
    "dataset": "<unset>",
    "modality": "T1w",
    "subject_id": "0983"
  },
  "cjv": 0.6727969913679842,
  "cnr": 1.6415546809113353,
  "efc": 0.6249852761493042,
  "fber": -1.0,
  "fwhm_avg": 5.220596871646349,
  "fwhm_x": 4.294046614939047,
  "fwhm_y": 6.120373333333333,
  "fwhm_z": 5.247370666666667,
  "icvs_csf": 0.24362815855441233,
  "icvs_gm": 0.38723022849162203,
  "icvs_wm": 0.36914161295396564,
  "inu_med": 0.3191088140010834,
  "inu_range": 0.15537912547588348,
  "provenance": {
    "md5sum": "9b4c300e17c60847f17500519a6fa0ed",
    "settings": {
      "testing": false
    },
    "software": "mriqc",
    "version": "23.1.0",
    "warnings": {
      "large_rot_frame": true,
      "small_air_mask": false
    }
  },
  "qi_1": 0.0,
  "qi_2": 0.002051746708826285,
  "rpve_csf": 6.667953780790855,
  "rpve_gm": 6.59183525110002,
  "rpve_wm": 6.664999931033529,
  "size_x": 150,
  "size_y": 256,
  "size_z": 256,
  "snr_csf": 2.1266126074730556,
  "snr_gm": 8.318697250616498,
  "snr_total": 10.332311302778587,
  "snr_wm": 20.551624050246208,
  "snrd_csf": 25.093909332519114,
  "snrd_gm": 38.6320233711887,
  "snrd_total": 36.976836044848795,
  "snrd_wm": 47.20457543083856,
  "spacing_x": 1.1999986171722412,
  "spacing_y": 0.9375,
  "spacing_z": 0.9375,
  "summary_bg_k": 1362.1652124096822,
  "summary_bg_mad": 0.0,
  "summary_bg_mean": 2.529146573487987,
  "summary_bg_median": 0.0,
  "summary_bg_n": 2615383.0,
  "summary_bg_p05": 0.0,
  "summary_bg_p95": 13.906096387654543,
  "summary_bg_stdv": 13.57021763950991,
  "summary_csf_k": -0.8700822221626527,
  "summary_csf_mad": 164.7877314999506,
  "summary_csf_mean": 498.1642706500094,
  "summary_csf_median": 519.7845991589129,
  "summary_csf_n": 354363.0038711175,
  "summary_csf_p05": 70.56711821444333,
  "summary_csf_p95": 867.3358736038208,
  "summary_csf_stdv": 244.41868910438302,
  "summary_gm_k": -0.7651336305128686,
  "summary_gm_mad": 77.70813635109135,
  "summary_gm_mean": 801.1340236050535,
  "summary_gm_median": 800.2073537688702,
  "summary_gm_n": 563235.6611493388,
  "summary_gm_p05": 642.0065445005894,
  "summary_gm_p95": 971.3787583950907,
  "summary_gm_stdv": 96.19374516158442,
  "summary_wm_k": -0.30545327153382607,
  "summary_wm_mad": 41.75922040285373,
  "summary_wm_mean": 971.75136459986,
  "summary_wm_median": 977.7755627334118,
  "summary_wm_n": 536925.3357098347,
  "summary_wm_p05": 882.7337148766965,
  "summary_wm_p95": 1039.6703335642815,
  "summary_wm_stdv": 47.5765151119102,
  "tpm_overlap_csf": 0.2039778851201237,
  "tpm_overlap_gm": 0.5234122608302955,
  "tpm_overlap_wm": 0.5440747026327531,
  "wm2max": 0.7416840483682271
}