{
  "bids_meta": {
    "InstitutionName": "HH",
    "dataset": "<unset>",
    "modality": "T1w",
    "subject_id": "0236"
  },
  "cjv": 0.7053772255930283,
  "cnr": 1.4333196383992541,
  "efc": 0.6176652846686904,
  "fber": -1.0,
  "fwhm_avg": 5.320316618254441,
  "fwhm_x": 4.550773854763322,
  "fwhm_y": 6.113973333333333,
  "fwhm_z": 5.296202666666667,
  "icvs_csf": 0.2588842738734073,
  "icvs_gm": 0.3739037124844758,
  "icvs_wm": 0.367212013642117,
  "inu_med": 0.32333147525787354,
  "inu_range": 0.12297819703817364,
  "provenance": {
    "md5sum": "69247e46bc6ef54b234957aedc75c2e4",
    "settings": {
      "testing": false
    },
    "software": "mriqc",
    "version": "23.1.0",
    "warnings": {
      "large_rot_frame": true,
      "small_air_mask": false
    }
  },
  "qi_1": 0.0,
  "qi_2": 0.0007606140694121017,
  "rpve_csf": 8.011325248713932,
  "rpve_gm": 7.911685151495508,
  "rpve_wm": 7.966679471336519,
  "size_x": 150,
  "size_y": 256,
  "size_z": 256,
  "snr_csf": 1.737579178069065,
  "snr_gm": 7.921282408811671,
  "snr_total": 9.427189493450994,
  "snr_wm": 18.622706893472245,
  "snrd_csf": 59.333173596108445,
  "snrd_gm": 115.05032294222802,
  "snrd_total": 104.27980567215398,
  "snrd_wm": 138.45592047812548,
  "spacing_x": 1.2000046968460083,
  "spacing_y": 0.9375,
  "spacing_z": 0.9375,
  "summary_bg_k": 794.4030383983614,
  "summary_bg_mad": 0.0,
  "summary_bg_mean": 1.3742120145434884,
  "summary_bg_median": 0.0,
  "summary_bg_n": 3327262.0,
  "summary_bg_p05": 0.0,
  "summary_bg_p95": 9.633692726492882,
  "summary_bg_stdv": 4.595516631202868,
  "summary_csf_k": -1.151452724084193,
  "summary_csf_mad": 209.90872251185382,
  "summary_csf_mean": 407.40672224674705,
  "summary_csf_median": 416.1981932967901,
  "summary_csf_n": 315167.7860682097,
  "summary_csf_p05": 37.7640754878521,
  "summary_csf_p95": 806.1474073529243,
  "summary_csf_stdv": 239.52723321559716,
  "summary_gm_k": -0.4717505195952416,
  "summary_gm_mad": 71.68352627566189,
  "summary_gm_mean": 806.1257125813461,
  "summary_gm_median": 807.0314403325319,
  "summary_gm_n": 455193.3707801842,
  "summary_gm_p05": 630.7235296815634,
  "summary_gm_p95": 982.9766707867384,
  "summary_gm_stdv": 101.8813005534692,
  "summary_wm_k": -0.23753287137500223,
  "summary_wm_mad": 44.125864978876734,
  "summary_wm_mean": 964.089188606665,
  "summary_wm_median": 971.2122319042683,
  "summary_wm_n": 447046.8430764091,
  "summary_wm_p05": 864.6749241054058,
  "summary_wm_p95": 1037.1746926903725,
  "summary_wm_stdv": 52.15198580990284,
  "tpm_overlap_csf": 0.17323949602619346,
  "tpm_overlap_gm": 0.5265817464775884,
  "tpm_overlap_wm": 0.5608623126302629,
  "wm2max": 0.788465431258166
}