{
  "bids_meta": {
    "InstitutionName": "HH",
    "dataset": "<unset>",
    "modality": "T1w",
    "subject_id": "0649"
  },
  "cjv": 0.7259205498935686,
  "cnr": 1.277053446874624,
  "efc": 0.6046057431741182,
  "fber": -1.0,
  "fwhm_avg": 4.96177379422473,
  "fwhm_x": 4.273086716007527,
  "fwhm_y": 5.60896,
  "fwhm_z": 5.003274666666667,
  "icvs_csf": 0.2700306472357954,
  "icvs_gm": 0.3585061190302452,
  "icvs_wm": 0.3714632337339594,
  "inu_med": 0.3623702824115753,
  "inu_range": 0.17172572016716003,
  "provenance": {
    "md5sum": "256036ff974eae9ac0f7f29857458e0e",
    "settings": {
      "testing": false
    },
    "software": "mriqc",
    "version": "23.1.0",
    "warnings": {
      "large_rot_frame": true,
      "small_air_mask": false
    }
  },
  "qi_1": 0.0,
  "qi_2": 0.0016491352142291265,
  "rpve_csf": 6.054304887785597,
  "rpve_gm": 5.933100622687046,
  "rpve_wm": 5.99943202431182,
  "size_x": 150,
  "size_y": 256,
  "size_z": 256,
  "snr_csf": 2.2356819036660616,
  "snr_gm": 6.747824160828878,
  "snr_total": 8.415393414541972,
  "snr_wm": 16.26267417913098,
  "snrd_csf": 59.6211668195831,
  "snrd_gm": 109.90998178687032,
  "snrd_total": 100.91304215759563,
  "snrd_wm": 133.20797786633347,
  "spacing_x": 1.1999967098236084,
  "spacing_y": 0.9375,
  "spacing_z": 0.9375,
  "summary_bg_k": 447.234513201132,
  "summary_bg_mad": 0.0,
  "summary_bg_mean": 1.5655009042863353,
  "summary_bg_median": 0.0,
  "summary_bg_n": 2478465.0,
  "summary_bg_p05": 0.0,
  "summary_bg_p95": 10.023620169609785,
  "summary_bg_stdv": 4.777507045833258,
  "summary_csf_k": -0.018692232872893122,
  "summary_csf_mad": 152.9122954436868,
  "summary_csf_mean": 451.14896244485936,
  "summary_csf_median": 434.78051984496415,
  "summary_csf_n": 433159.131868736,
  "summary_csf_p05": 101.02754013054073,
  "summary_csf_p95": 792.3216124977916,
  "summary_csf_stdv": 194.47311232431565,
  "summary_gm_k": -0.13228667808369465,
  "summary_gm_mad": 72.24314911452488,
  "summary_gm_mean": 800.2657777228825,
  "summary_gm_median": 801.5059343278408,
  "summary_gm_n": 575083.6095029194,
  "summary_gm_p05": 594.0793446935713,
  "summary_gm_p95": 1000.3237209934741,
  "summary_gm_stdv": 118.77980492140311,
  "summary_wm_k": -0.5834403896694664,
  "summary_wm_mad": 51.08927425077375,
  "summary_wm_mean": 958.6244101640892,
  "summary_wm_median": 971.4038982074708,
  "summary_wm_n": 595868.2597418367,
  "summary_wm_p05": 843.4228914007545,
  "summary_wm_p95": 1036.5574293099344,
  "summary_wm_stdv": 59.73206327513765,
  "tpm_overlap_csf": 0.18806603756281495,
  "tpm_overlap_gm": 0.4987448986421699,
  "tpm_overlap_wm": 0.5334874602923172,
  "wm2max": 0.7554717501839622
}