{
  "bids_meta": {
    "InstitutionName": "HH",
    "dataset": "<unset>",
    "modality": "T1w",
    "subject_id": "0037"
  },
  "cjv": 0.872058530907064,
  "cnr": 1.05948031106932,
  "efc": 0.5814587582239613,
  "fber": -1.0,
  "fwhm_avg": 4.898591994850441,
  "fwhm_x": 4.307903680385317,
  "fwhm_y": 5.603754666666666,
  "fwhm_z": 4.784117637499341,
  "icvs_csf": 0.26811876128031187,
  "icvs_gm": 0.34568931915923024,
  "icvs_wm": 0.3861919195604579,
  "inu_med": 0.43371742963790894,
  "inu_range": 0.19079493284225457,
  "provenance": {
    "md5sum": "999212f2c47b14d8b79b47c2baff3bed",
    "settings": {
      "testing": false
    },
    "software": "mriqc",
    "version": "23.1.0",
    "warnings": {
      "large_rot_frame": true,
      "small_air_mask": false
    }
  },
  "qi_1": 0.0,
  "qi_2": 0.0014832199371706519,
  "rpve_csf": 7.841702631623647,
  "rpve_gm": 7.709977244440575,
  "rpve_wm": 7.7848919409396835,
  "size_x": 150,
  "size_y": 256,
  "size_z": 256,
  "snr_csf": 2.261125477166747,
  "snr_gm": 5.112881576612098,
  "snr_total": 7.097748829531047,
  "snr_wm": 13.919239434814294,
  "snrd_csf": 61.88425972147745,
  "snrd_gm": 124.95345342362695,
  "snrd_total": 113.40067516688634,
  "snrd_wm": 153.3643123555546,
  "spacing_x": 1.1999989748001099,
  "spacing_y": 0.9375,
  "spacing_z": 0.9374999403953552,
  "summary_bg_k": 30.21369787333333,
  "summary_bg_mad": 0.0,
  "summary_bg_mean": 1.3910750458265402,
  "summary_bg_median": 0.0,
  "summary_bg_n": 2728059.0,
  "summary_bg_p05": 0.0,
  "summary_bg_p95": 9.444602586328983,
  "summary_bg_stdv": 4.125368841031683,
  "summary_csf_k": 0.1544499067569367,
  "summary_csf_mad": 124.14893645328252,
  "summary_csf_mean": 410.1655463084972,
  "summary_csf_median": 389.6828153729439,
  "summary_csf_n": 332779.08660795743,
  "summary_csf_p05": 102.79991319030523,
  "summary_csf_p95": 719.4258694499731,
  "summary_csf_stdv": 172.33994035706195,
  "summary_gm_k": -0.12015129221676268,
  "summary_gm_mad": 88.60955766396215,
  "summary_gm_mean": 773.0580715905769,
  "summary_gm_median": 786.8271146789193,
  "summary_gm_n": 429056.7930815763,
  "summary_gm_p05": 495.58135145902634,
  "summary_gm_p95": 1013.968567430973,
  "summary_gm_stdv": 153.8909489613527,
  "summary_wm_k": -0.7139145725251717,
  "summary_wm_mad": 67.40353743496748,
  "summary_wm_mean": 956.8720305400658,
  "summary_wm_median": 965.7292061895132,
  "summary_wm_n": 479327.1221790476,
  "summary_wm_p05": 833.3064581155777,
  "summary_wm_p95": 1057.9442235678434,
  "summary_wm_stdv": 69.38081662662157,
  "tpm_overlap_csf": 0.1880531278767088,
  "tpm_overlap_gm": 0.48741943665757165,
  "tpm_overlap_wm": 0.5303670920053704,
  "wm2max": 0.707262514729985
}