{
  "bids_meta": {
    "InstitutionName": "HH",
    "dataset": "<unset>",
    "modality": "T1w",
    "subject_id": "0687"
  },
  "cjv": 0.682024729004179,
  "cnr": 1.509680697426348,
  "efc": 0.6271570433601945,
  "fber": -1.0,
  "fwhm_avg": 5.242531227011608,
  "fwhm_x": 4.5678176810348265,
  "fwhm_y": 5.849696,
  "fwhm_z": 5.31008,
  "icvs_csf": 0.2639571682534063,
  "icvs_gm": 0.36984663981895305,
  "icvs_wm": 0.3661961919276407,
  "inu_med": 0.3319528251886368,
  "inu_range": 0.1514468163251877,
  "provenance": {
    "md5sum": "f718bb6b8d82c2c2da417df935d01111",
    "settings": {
      "testing": false
    },
    "software": "mriqc",
    "version": "23.1.0",
    "warnings": {
      "large_rot_frame": true,
      "small_air_mask": false
    }
  },
  "qi_1": 0.0,
  "qi_2": 0.0020106050217457948,
  "rpve_csf": 6.107004767876631,
  "rpve_gm": 6.009548616438561,
  "rpve_wm": 6.074923372912022,
  "size_x": 150,
  "size_y": 256,
  "size_z": 256,
  "snr_csf": 2.3798584559120948,
  "snr_gm": 7.5558159527127335,
  "snr_total": 9.356477244083274,
  "snr_wm": 18.133757323624994,
  "snrd_csf": 63.88554431317057,
  "snrd_gm": 113.2676920239515,
  "snrd_total": 105.28228183441519,
  "snrd_wm": 138.69360916612348,
  "spacing_x": 1.1999975442886353,
  "spacing_y": 0.9375,
  "spacing_z": 0.9375,
  "summary_bg_k": 1171.566964361689,
  "summary_bg_mad": 0.0,
  "summary_bg_mean": 1.43907909835932,
  "summary_bg_median": 0.0,
  "summary_bg_n": 2685938.0,
  "summary_bg_p05": 0.0,
  "summary_bg_p95": 9.246681161224842,
  "summary_bg_stdv": 4.599907058398829,
  "summary_csf_k": -0.42261803822914423,
  "summary_csf_mad": 160.1638581588152,
  "summary_csf_mean": 462.799926653435,
  "summary_csf_median": 448.5593629293144,
  "summary_csf_n": 419968.5250479125,
  "summary_csf_p05": 177.21216782182455,
  "summary_csf_p95": 788.7323703914881,
  "summary_csf_stdv": 188.4813055900087,
  "summary_gm_k": -0.6127352644502868,
  "summary_gm_mad": 76.07164937479133,
  "summary_gm_mean": 796.0647323728529,
  "summary_gm_median": 795.2860748227686,
  "summary_gm_n": 588443.7571688786,
  "summary_gm_p05": 620.2902506813407,
  "summary_gm_p95": 984.3425739258528,
  "summary_gm_stdv": 105.2547341076073,
  "summary_wm_k": -0.5087254763101741,
  "summary_wm_mad": 45.68538905787515,
  "summary_wm_mean": 963.8227185679651,
  "summary_wm_median": 973.8089835308492,
  "summary_wm_n": 582635.7193465948,
  "summary_wm_p05": 859.3693883344531,
  "summary_wm_p95": 1035.2231519650668,
  "summary_wm_stdv": 53.70139957530852,
  "tpm_overlap_csf": 0.19161116784576418,
  "tpm_overlap_gm": 0.5097236717999468,
  "tpm_overlap_wm": 0.5460024436188418,
  "wm2max": 0.7486762307847341
}