{
  "bids_meta": {
    "InstitutionName": "HH",
    "dataset": "<unset>",
    "modality": "T1w",
    "subject_id": "1186"
  },
  "cjv": 0.6462248344817028,
  "cnr": 1.428808395180303,
  "efc": 0.6074476539403577,
  "fber": 48942.23312527217,
  "fwhm_avg": 4.818264692354222,
  "fwhm_x": 4.1700260770626665,
  "fwhm_y": 5.548277333333333,
  "fwhm_z": 4.736490666666667,
  "icvs_csf": 0.26750933930291065,
  "icvs_gm": 0.37052916676707165,
  "icvs_wm": 0.36196149393001764,
  "inu_med": 0.38443100452423096,
  "inu_range": 0.18714258074760437,
  "provenance": {
    "md5sum": "2ce923bc966ddb7a1f0dcafae0eb4fe9",
    "settings": {
      "testing": false
    },
    "software": "mriqc",
    "version": "23.1.0",
    "warnings": {
      "large_rot_frame": true,
      "small_air_mask": false
    }
  },
  "qi_1": 0.0,
  "qi_2": 0.0014276057682811962,
  "rpve_csf": 6.593278684426497,
  "rpve_gm": 6.485960840616039,
  "rpve_wm": 6.563739743852346,
  "size_x": 150,
  "size_y": 256,
  "size_z": 256,
  "snr_csf": 2.4511190554763753,
  "snr_gm": 7.1493863441162775,
  "snr_total": 8.406546195321676,
  "snr_wm": 15.619133186372377,
  "snrd_csf": 51.144039769814405,
  "snrd_gm": 83.47024176744523,
  "snrd_total": 79.08321124875711,
  "snrd_wm": 102.63535220901167,
  "spacing_x": 1.1999996900558472,
  "spacing_y": 0.9375,
  "spacing_z": 0.9375,
  "summary_bg_k": 969.31288166032,
  "summary_bg_mad": 0.0,
  "summary_bg_mean": 2.112827364654399,
  "summary_bg_median": 0.0,
  "summary_bg_n": 2224536.0,
  "summary_bg_p05": 0.0,
  "summary_bg_p95": 12.969804625958204,
  "summary_bg_stdv": 6.152997602900961,
  "summary_csf_k": 0.21831357803661078,
  "summary_csf_mad": 140.83681694626188,
  "summary_csf_mean": 484.14704647969967,
  "summary_csf_median": 480.34142829850316,
  "summary_csf_n": 393586.7587412405,
  "summary_csf_p05": 118.99604637175798,
  "summary_csf_p95": 801.1466154120862,
  "summary_csf_stdv": 195.96796696373056,
  "summary_gm_k": -0.27531469974842393,
  "summary_gm_mad": 67.20726860177035,
  "summary_gm_mean": 784.6451062533849,
  "summary_gm_median": 783.9469727352262,
  "summary_gm_n": 545159.9340306005,
  "summary_gm_p05": 595.3879270926118,
  "summary_gm_p95": 979.1310659274459,
  "summary_gm_stdv": 109.65224370251737,
  "summary_wm_k": -0.48437417373678215,
  "summary_wm_mad": 49.11155097375011,
  "summary_wm_mean": 951.3081021789345,
  "summary_wm_median": 963.9444184675813,
  "summary_wm_n": 532554.3084076645,
  "summary_wm_p05": 829.0482579767704,
  "summary_wm_p95": 1032.0040415637195,
  "summary_wm_stdv": 61.715557575779144,
  "tpm_overlap_csf": 0.2103141348369199,
  "tpm_overlap_gm": 0.5126867161290107,
  "tpm_overlap_wm": 0.5454002671674864,
  "wm2max": 0.7016756312699579
}