{
  "bids_meta": {
    "InstitutionName": "HH",
    "dataset": "<unset>",
    "modality": "T1w",
    "subject_id": "0392"
  },
  "cjv": 0.6851653437195543,
  "cnr": 1.316396820214204,
  "efc": 0.6045222714163266,
  "fber": -1.0,
  "fwhm_avg": 5.035110364175346,
  "fwhm_x": 4.363923092526038,
  "fwhm_y": 5.75776,
  "fwhm_z": 4.9836480000000005,
  "icvs_csf": 0.2732903074476511,
  "icvs_gm": 0.3587600899202295,
  "icvs_wm": 0.36794960263211945,
  "inu_med": 0.36624014377593994,
  "inu_range": 0.1632786929607391,
  "provenance": {
    "md5sum": "593bdce1844d8334d580086549643ced",
    "settings": {
      "testing": false
    },
    "software": "mriqc",
    "version": "23.1.0",
    "warnings": {
      "large_rot_frame": true,
      "small_air_mask": false
    }
  },
  "qi_1": 0.0,
  "qi_2": 0.0016426353011696575,
  "rpve_csf": 6.204063866514173,
  "rpve_gm": 6.087244160742062,
  "rpve_wm": 6.150281748380466,
  "size_x": 150,
  "size_y": 256,
  "size_z": 256,
  "snr_csf": 2.2689396469775045,
  "snr_gm": 6.615513033351259,
  "snr_total": 8.12737484904512,
  "snr_wm": 15.497671866806593,
  "snrd_csf": 36.67091833160857,
  "snrd_gm": 70.47898572452561,
  "snrd_total": 64.49269100528733,
  "snrd_wm": 86.3281689597278,
  "spacing_x": 1.200000524520874,
  "spacing_y": 0.9375,
  "spacing_z": 0.9375,
  "summary_bg_k": 1366.4213580619346,
  "summary_bg_mad": 0.0,
  "summary_bg_mean": 1.8779461818417493,
  "summary_bg_median": 0.0,
  "summary_bg_n": 2561603.0,
  "summary_bg_p05": 0.0,
  "summary_bg_p95": 11.311487719416618,
  "summary_bg_stdv": 7.3795729774469105,
  "summary_csf_k": 0.03169943998340141,
  "summary_csf_mad": 144.01980363921425,
  "summary_csf_mean": 430.44438990540647,
  "summary_csf_median": 413.0677489116788,
  "summary_csf_n": 428357.68785170035,
  "summary_csf_p05": 108.00486300513148,
  "summary_csf_p95": 764.5672686137259,
  "summary_csf_stdv": 182.0529987691893,
  "summary_gm_k": -0.3011355033400229,
  "summary_gm_mad": 70.57558814700005,
  "summary_gm_mean": 790.8939714263553,
  "summary_gm_median": 793.8878354653716,
  "summary_gm_n": 562323.7942353102,
  "summary_gm_p05": 579.7633574083447,
  "summary_gm_p95": 996.378349179402,
  "summary_gm_stdv": 120.00386448693784,
  "summary_wm_k": -0.5419157980476421,
  "summary_wm_mad": 51.745624034824935,
  "summary_wm_mean": 958.0505275022134,
  "summary_wm_median": 972.4158554580063,
  "summary_wm_n": 576727.519177158,
  "summary_wm_p05": 834.8423666600138,
  "summary_wm_p95": 1038.5235632918775,
  "summary_wm_stdv": 62.74587697873624,
  "tpm_overlap_csf": 0.18137233272910072,
  "tpm_overlap_gm": 0.4979308691736908,
  "tpm_overlap_wm": 0.5492181238972076,
  "wm2max": 0.7563526211194505
}