{
  "bids_meta": {
    "InstitutionName": "HH",
    "dataset": "<unset>",
    "modality": "T1w",
    "subject_id": "1150"
  },
  "cjv": 0.8953022001731739,
  "cnr": 1.035480846935574,
  "efc": 0.5905356339103474,
  "fber": -1.0,
  "fwhm_avg": 4.93058774171437,
  "fwhm_x": 4.334184910728619,
  "fwhm_y": 5.540447647747825,
  "fwhm_z": 4.917130666666667,
  "icvs_csf": 0.2697652781798562,
  "icvs_gm": 0.3507045761602607,
  "icvs_wm": 0.37953014565988324,
  "inu_med": 0.4547809511423111,
  "inu_range": 0.21002115011215206,
  "provenance": {
    "md5sum": "576905edf4bff80e2ec2b2e38a6f5651",
    "settings": {
      "testing": false
    },
    "software": "mriqc",
    "version": "23.1.0",
    "warnings": {
      "large_rot_frame": true,
      "small_air_mask": false
    }
  },
  "qi_1": 0.0,
  "qi_2": 0.002193322342402952,
  "rpve_csf": 7.889469213528197,
  "rpve_gm": 7.741542752632386,
  "rpve_wm": 7.804887189750196,
  "size_x": 150,
  "size_y": 256,
  "size_z": 256,
  "snr_csf": 2.5632197146863973,
  "snr_gm": 5.534185182674406,
  "snr_total": 6.921941207869108,
  "snr_wm": 12.66841872624652,
  "snrd_csf": 57.30166274534012,
  "snrd_gm": 115.46378980338075,
  "snrd_total": 104.22765392385186,
  "snrd_wm": 139.91750922283475,
  "spacing_x": 1.2000064849853516,
  "spacing_y": 0.9375000596046448,
  "spacing_z": 0.9375,
  "summary_bg_k": 24.042600262751478,
  "summary_bg_mad": 0.0,
  "summary_bg_mean": 1.57510708843654,
  "summary_bg_median": 0.0,
  "summary_bg_n": 3058184.0,
  "summary_bg_p05": 0.0,
  "summary_bg_p95": 10.439054444432259,
  "summary_bg_stdv": 4.46103210631827,
  "summary_csf_k": 0.3414010652650128,
  "summary_csf_mad": 114.59782378944811,
  "summary_csf_mean": 409.6445738745362,
  "summary_csf_median": 390.1852457784116,
  "summary_csf_n": 333376.4708750026,
  "summary_csf_p05": 146.45379323512316,
  "summary_csf_p95": 681.1994743347168,
  "summary_csf_stdv": 152.22443021181843,
  "summary_gm_k": -0.10054933609896688,
  "summary_gm_mad": 74.99500087114826,
  "summary_gm_mean": 774.8379975388389,
  "summary_gm_median": 786.2296667229384,
  "summary_gm_n": 433401.417368737,
  "summary_gm_p05": 521.7992067150772,
  "summary_gm_p95": 1004.7334043588489,
  "summary_gm_stdv": 142.06766375260756,
  "summary_wm_k": -0.8635574251956881,
  "summary_wm_mad": 74.08459114888849,
  "summary_wm_mean": 940.6431667873155,
  "summary_wm_median": 952.7428194787353,
  "summary_wm_n": 469024.113868393,
  "summary_wm_p05": 807.3892207071185,
  "summary_wm_p95": 1044.8009515646845,
  "summary_wm_stdv": 75.20605565706683,
  "tpm_overlap_csf": 0.1799489569933611,
  "tpm_overlap_gm": 0.494704675365991,
  "tpm_overlap_wm": 0.533939563829922,
  "wm2max": 0.6659715431076818
}