{
  "bids_meta": {
    "InstitutionName": "HH",
    "dataset": "<unset>",
    "modality": "T1w",
    "subject_id": "0931"
  },
  "cjv": 0.7344847884009928,
  "cnr": 1.3165616461048961,
  "efc": 0.575972071456719,
  "fber": -1.0,
  "fwhm_avg": 4.940674740277639,
  "fwhm_x": 4.2251819062373555,
  "fwhm_y": 5.537599647928896,
  "fwhm_z": 5.059242666666666,
  "icvs_csf": 0.25808321137662654,
  "icvs_gm": 0.3704224497339931,
  "icvs_wm": 0.3714943388893804,
  "inu_med": 0.36815036833286285,
  "inu_range": 0.16520997136831284,
  "provenance": {
    "md5sum": "9b0fefc3277ab5b99480bcecb279586e",
    "settings": {
      "testing": false
    },
    "software": "mriqc",
    "version": "23.1.0",
    "warnings": {
      "large_rot_frame": true,
      "small_air_mask": false
    }
  },
  "qi_1": 0.0,
  "qi_2": 0.0007870075923700904,
  "rpve_csf": 8.732218976450385,
  "rpve_gm": 8.606169321016065,
  "rpve_wm": 8.665536594548216,
  "size_x": 150,
  "size_y": 256,
  "size_z": 256,
  "snr_csf": 2.0463838656323747,
  "snr_gm": 7.557085658564177,
  "snr_total": 8.609562651432084,
  "snr_wm": 16.2252184300997,
  "snrd_csf": 56.74115189250823,
  "snrd_gm": 104.57356176783621,
  "snrd_total": 95.59193452022242,
  "snrd_wm": 125.46108990032283,
  "spacing_x": 1.2000004053115845,
  "spacing_y": 0.9375000596046448,
  "spacing_z": 0.9375,
  "summary_bg_k": 31.524396163750012,
  "summary_bg_mad": 0.0,
  "summary_bg_mean": 1.6658631821186483,
  "summary_bg_median": 0.0,
  "summary_bg_n": 3005314.0,
  "summary_bg_p05": 0.0,
  "summary_bg_p95": 11.014984846115112,
  "summary_bg_stdv": 5.08797923695558,
  "summary_csf_k": -0.5898874007154657,
  "summary_csf_mad": 176.3730824722832,
  "summary_csf_mean": 448.278229690359,
  "summary_csf_median": 440.6682374998927,
  "summary_csf_n": 288278.43099005765,
  "summary_csf_p05": 71.32202687859535,
  "summary_csf_p95": 808.3622003942728,
  "summary_csf_stdv": 215.33959517069712,
  "summary_gm_k": -0.37318272325323765,
  "summary_gm_mad": 69.40607412103738,
  "summary_gm_mean": 814.7525447330465,
  "summary_gm_median": 812.1486014351249,
  "summary_gm_n": 413761.1355779962,
  "summary_gm_p05": 634.3942834809422,
  "summary_gm_p95": 1001.2621225118637,
  "summary_gm_stdv": 107.46836236957387,
  "summary_wm_k": -0.5100890715237552,
  "summary_wm_mad": 49.74101978674345,
  "summary_wm_mean": 962.5668169252226,
  "summary_wm_median": 974.367201179266,
  "summary_wm_n": 414958.4336209881,
  "summary_wm_p05": 847.4653965979815,
  "summary_wm_p95": 1043.1190649271011,
  "summary_wm_stdv": 60.0525676324341,
  "tpm_overlap_csf": 0.19721810174996657,
  "tpm_overlap_gm": 0.5190079287809185,
  "tpm_overlap_wm": 0.5397927759111514,
  "wm2max": 0.815797936649896
}