{
  "bids_meta": {
    "InstitutionName": "HH",
    "dataset": "<unset>",
    "modality": "T1w",
    "subject_id": "0596"
  },
  "cjv": 0.8343843045144992,
  "cnr": 1.0665600326204563,
  "efc": 0.5965332193274533,
  "fber": -1.0,
  "fwhm_avg": 4.726023741781231,
  "fwhm_x": 4.138348902167944,
  "fwhm_y": 5.402644989842416,
  "fwhm_z": 4.637077333333334,
  "icvs_csf": 0.26567300000745603,
  "icvs_gm": 0.3563213972606005,
  "icvs_wm": 0.37800560273194345,
  "inu_med": 0.45537999272346497,
  "inu_range": 0.2033571928739547,
  "provenance": {
    "md5sum": "cc30d92163ffa0f8a832da912aefcc99",
    "settings": {
      "testing": false
    },
    "software": "mriqc",
    "version": "23.1.0",
    "warnings": {
      "large_rot_frame": true,
      "small_air_mask": false
    }
  },
  "qi_1": 0.0,
  "qi_2": 0.001345767808480459,
  "rpve_csf": 6.9710293862373,
  "rpve_gm": 6.823852055356036,
  "rpve_wm": 6.89721274680289,
  "size_x": 150,
  "size_y": 256,
  "size_z": 256,
  "snr_csf": 2.426949994307399,
  "snr_gm": 5.869401499591573,
  "snr_total": 7.0995151569262696,
  "snr_wm": 13.002193976879836,
  "snrd_csf": 44.786981902876754,
  "snrd_gm": 83.15163044969817,
  "snrd_total": 76.10399891698836,
  "snrd_wm": 100.37338439839017,
  "spacing_x": 1.199997901916504,
  "spacing_y": 0.9375000596046448,
  "spacing_z": 0.9375,
  "summary_bg_k": 44.97344723546131,
  "summary_bg_mad": 0.0,
  "summary_bg_mean": 2.465124222736603,
  "summary_bg_median": 0.0,
  "summary_bg_n": 2499884.0,
  "summary_bg_p05": 0.0,
  "summary_bg_p95": 14.566860854625702,
  "summary_bg_stdv": 6.272041655035619,
  "summary_csf_k": 0.16854040032250373,
  "summary_csf_mad": 133.16831104666,
  "summary_csf_mean": 449.53336365728063,
  "summary_csf_median": 428.774551525712,
  "summary_csf_n": 370392.79540915886,
  "summary_csf_p05": 148.11304752528667,
  "summary_csf_p95": 768.925718434155,
  "summary_csf_stdv": 176.67194368258316,
  "summary_gm_k": -0.023620924040542945,
  "summary_gm_mad": 70.5596049644619,
  "summary_gm_mean": 789.2998195215566,
  "summary_gm_median": 796.0639797523618,
  "summary_gm_n": 496771.89022500324,
  "summary_gm_p05": 549.7243944779038,
  "summary_gm_p95": 1009.9523904174566,
  "summary_gm_stdv": 135.62936162578276,
  "summary_wm_k": -0.7072146900063223,
  "summary_wm_mad": 67.00943616121853,
  "summary_wm_mean": 947.6231954086276,
  "summary_wm_median": 960.9388945624232,
  "summary_wm_n": 527003.3156258978,
  "summary_wm_p05": 813.2748256251216,
  "summary_wm_p95": 1049.46250616014,
  "summary_wm_stdv": 73.90583347469747,
  "tpm_overlap_csf": 0.20421159753074444,
  "tpm_overlap_gm": 0.5011785948621729,
  "tpm_overlap_wm": 0.5269458641377057,
  "wm2max": 0.6945320809821702
}