{
  "bids_meta": {
    "InstitutionName": "HH",
    "dataset": "<unset>",
    "modality": "T1w",
    "subject_id": "1028"
  },
  "cjv": 0.6721519840911944,
  "cnr": 1.5953485632298068,
  "efc": 0.6437025138303327,
  "fber": -1.0,
  "fwhm_avg": 5.1956498640227124,
  "fwhm_x": 4.483429592068139,
  "fwhm_y": 6.018506666666667,
  "fwhm_z": 5.085013333333333,
  "icvs_csf": 0.2560716648611266,
  "icvs_gm": 0.37921039370874143,
  "icvs_wm": 0.364717941430132,
  "inu_med": 0.32196398079395294,
  "inu_range": 0.15308824628591539,
  "provenance": {
    "md5sum": "1253659ad4a220ffe4a0c8904e26477c",
    "settings": {
      "testing": false
    },
    "software": "mriqc",
    "version": "23.1.0",
    "warnings": {
      "large_rot_frame": true,
      "small_air_mask": false
    }
  },
  "qi_1": 0.0,
  "qi_2": 0.0006001526597989676,
  "rpve_csf": 6.0132549238803845,
  "rpve_gm": 5.926917479859224,
  "rpve_wm": 5.994933424754273,
  "size_x": 150,
  "size_y": 256,
  "size_z": 256,
  "snr_csf": 2.361888858495704,
  "snr_gm": 8.853816440916145,
  "snr_total": 10.288721764807748,
  "snr_wm": 19.650459995011396,
  "snrd_csf": 91.885164111556,
  "snrd_gm": 144.67073732115884,
  "snrd_total": 136.96937096119632,
  "snrd_wm": 174.3522114508741,
  "spacing_x": 1.2000010013580322,
  "spacing_y": 0.9375,
  "spacing_z": 0.9375,
  "summary_bg_k": 40.67729104349921,
  "summary_bg_mad": 0.0,
  "summary_bg_mean": 1.0115054676917588,
  "summary_bg_median": 0.0,
  "summary_bg_n": 3283733.0,
  "summary_bg_p05": 0.0,
  "summary_bg_p95": 8.21499216556549,
  "summary_bg_stdv": 3.644707237419228,
  "summary_csf_k": -0.33621597322872665,
  "summary_csf_mad": 164.9811280603034,
  "summary_csf_mean": 507.24602289483863,
  "summary_csf_median": 511.18289664387703,
  "summary_csf_n": 412985.7234951949,
  "summary_csf_p05": 117.78996388614178,
  "summary_csf_p95": 843.5143937319517,
  "summary_csf_stdv": 216.429437785735,
  "summary_gm_k": -0.6379646435525181,
  "summary_gm_mad": 67.95306422470296,
  "summary_gm_mean": 807.5397427191343,
  "summary_gm_median": 804.8438208550215,
  "summary_gm_n": 611580.6639037341,
  "summary_gm_p05": 658.0258816033602,
  "summary_gm_p95": 971.147320792079,
  "summary_gm_stdv": 90.90352936755413,
  "summary_wm_k": -0.3916662598658376,
  "summary_wm_mad": 43.036940675645205,
  "summary_wm_mean": 963.8002028031707,
  "summary_wm_median": 969.9701725244522,
  "summary_wm_n": 588207.6136572454,
  "summary_wm_p05": 870.5387124717236,
  "summary_wm_p95": 1033.7866360545158,
  "summary_wm_stdv": 49.36115227108675,
  "tpm_overlap_csf": 0.19484881192451617,
  "tpm_overlap_gm": 0.526625154631924,
  "tpm_overlap_wm": 0.5531177196470247,
  "wm2max": 0.7751646284101599
}