{
  "bids_meta": {
    "InstitutionName": "HH",
    "dataset": "<unset>",
    "modality": "T1w",
    "subject_id": "1231"
  },
  "cjv": 0.6413308871572475,
  "cnr": 1.5059921751777479,
  "efc": 0.6124576291159586,
  "fber": -1.0,
  "fwhm_avg": 4.732303701906233,
  "fwhm_x": 4.162073466146873,
  "fwhm_y": 5.218122666666667,
  "fwhm_z": 4.8167149729051575,
  "icvs_csf": 0.26564689690084864,
  "icvs_gm": 0.3766597041869619,
  "icvs_wm": 0.35769339891218943,
  "inu_med": 0.3686181902885437,
  "inu_range": 0.14910846948623657,
  "provenance": {
    "md5sum": "06c1d6eff2666a4f257c0d70525f182f",
    "settings": {
      "testing": false
    },
    "software": "mriqc",
    "version": "23.1.0",
    "warnings": {
      "large_rot_frame": true,
      "small_air_mask": false
    }
  },
  "qi_1": 0.0,
  "qi_2": 0.0031942123172833867,
  "rpve_csf": 6.774093524980695,
  "rpve_gm": 6.668171638360717,
  "rpve_wm": 6.750874876489807,
  "size_x": 150,
  "size_y": 256,
  "size_z": 256,
  "snr_csf": 2.5503395557437414,
  "snr_gm": 7.137583186136415,
  "snr_total": 8.034101400512938,
  "snr_wm": 14.414381459658658,
  "snrd_csf": 95.31303594209962,
  "snrd_gm": 151.18114498546913,
  "snrd_total": 145.06237640215423,
  "snrd_wm": 188.6929482788939,
  "spacing_x": 1.1999956369400024,
  "spacing_y": 0.9375,
  "spacing_z": 0.9374999403953552,
  "summary_bg_k": 106.18484567375062,
  "summary_bg_mad": 0.0,
  "summary_bg_mean": 0.9970124166909089,
  "summary_bg_median": 0.0,
  "summary_bg_n": 3027996.0,
  "summary_bg_p05": 0.0,
  "summary_bg_p95": 8.028087671846151,
  "summary_bg_stdv": 3.3519298446706083,
  "summary_csf_k": 0.24490601520101984,
  "summary_csf_mad": 135.11673264761043,
  "summary_csf_mean": 495.294624854644,
  "summary_csf_median": 487.6581575386226,
  "summary_csf_n": 380215.3565375202,
  "summary_csf_p05": 160.24062993004918,
  "summary_csf_p95": 802.294969573617,
  "summary_csf_stdv": 191.21277994057368,
  "summary_gm_k": -0.4063275659462504,
  "summary_gm_mad": 70.62126618297702,
  "summary_gm_mean": 775.364569888142,
  "summary_gm_median": 773.5008951239288,
  "summary_gm_n": 539105.8784858144,
  "summary_gm_p05": 593.4576489366591,
  "summary_gm_p95": 974.2244951538742,
  "summary_gm_stdv": 108.37004032872309,
  "summary_wm_k": -0.46695490323459055,
  "summary_wm_mad": 52.46604629234203,
  "summary_wm_mean": 949.4869009844526,
  "summary_wm_median": 965.4257110655308,
  "summary_wm_n": 511959.7660848153,
  "summary_wm_p05": 817.3449579291046,
  "summary_wm_p95": 1033.9106509648263,
  "summary_wm_stdv": 66.9764964174393,
  "tpm_overlap_csf": 0.20278381910977522,
  "tpm_overlap_gm": 0.5237918709143077,
  "tpm_overlap_wm": 0.5476078686503673,
  "wm2max": 0.8363067122227839
}