{
  "bids_meta": {
    "InstitutionName": "HH",
    "dataset": "<unset>",
    "modality": "T1w",
    "subject_id": "0088"
  },
  "cjv": 0.8803572940507073,
  "cnr": 0.9550555545068345,
  "efc": 0.549528821348527,
  "fber": -1.0,
  "fwhm_avg": 4.723666095942074,
  "fwhm_x": 4.112502287826221,
  "fwhm_y": 5.3719893333333335,
  "fwhm_z": 4.686506666666667,
  "icvs_csf": 0.26520141294216054,
  "icvs_gm": 0.33853724182886624,
  "icvs_wm": 0.3962613452289733,
  "inu_med": 0.4736368954181671,
  "inu_range": 0.2390124708414078,
  "provenance": {
    "md5sum": "2b04d77b9254786a171eb87fa3d25d7f",
    "settings": {
      "testing": false
    },
    "software": "mriqc",
    "version": "23.1.0",
    "warnings": {
      "large_rot_frame": true,
      "small_air_mask": false
    }
  },
  "qi_1": 0.0,
  "qi_2": 0.0011694064524711643,
  "rpve_csf": 7.002857729268585,
  "rpve_gm": 6.865967503974228,
  "rpve_wm": 6.944958574274753,
  "size_x": 150,
  "size_y": 256,
  "size_z": 256,
  "snr_csf": 2.6485463770124915,
  "snr_gm": 4.512565127641059,
  "snr_total": 6.850938949512783,
  "snr_wm": 13.391705343884796,
  "snrd_csf": 37.02051575027799,
  "snrd_gm": 74.45876678217464,
  "snrd_total": 67.66887034497053,
  "snrd_wm": 91.52732850245899,
  "spacing_x": 1.1999993324279785,
  "spacing_y": 0.9375,
  "spacing_z": 0.9375,
  "summary_bg_k": 580.5120147316427,
  "summary_bg_mad": 0.0,
  "summary_bg_mean": 2.567850154577084,
  "summary_bg_median": 0.0,
  "summary_bg_n": 2726949.0,
  "summary_bg_p05": 0.0,
  "summary_bg_p95": 15.640692606568336,
  "summary_bg_stdv": 6.888387255628272,
  "summary_csf_k": 0.8367611041654697,
  "summary_csf_mad": 102.80158950046251,
  "summary_csf_mean": 406.54170495629455,
  "summary_csf_median": 389.2497026436031,
  "summary_csf_n": 368043.8693843086,
  "summary_csf_p05": 142.9623581059277,
  "summary_csf_p95": 664.5955257397145,
  "summary_csf_stdv": 146.96709757956745,
  "summary_gm_k": 0.5518299958066759,
  "summary_gm_mad": 85.40989533236572,
  "summary_gm_mean": 756.0675897795666,
  "summary_gm_median": 782.8916545808315,
  "summary_gm_n": 469818.59949804033,
  "summary_gm_p05": 418.28139919415116,
  "summary_gm_p95": 1016.1897252928466,
  "summary_gm_stdv": 173.49130688438547,
  "summary_wm_k": -0.8162942401809081,
  "summary_wm_mad": 72.58451356000211,
  "summary_wm_mean": 951.3902206666232,
  "summary_wm_median": 962.357889438048,
  "summary_wm_n": 549927.5330682729,
  "summary_wm_p05": 824.7251509018242,
  "summary_wm_p95": 1053.7916643675417,
  "summary_wm_stdv": 71.86217063019586,
  "tpm_overlap_csf": 0.18924181675550888,
  "tpm_overlap_gm": 0.4752832526857777,
  "tpm_overlap_wm": 0.5181415202364443,
  "wm2max": 0.7007105905064815
}