{
  "bids_meta": {
    "InstitutionName": "HH",
    "dataset": "<unset>",
    "modality": "T1w",
    "subject_id": "0226"
  },
  "cjv": 0.6426790202427012,
  "cnr": 1.5812720521932944,
  "efc": 0.605843502327363,
  "fber": -1.0,
  "fwhm_avg": 5.362434313992842,
  "fwhm_x": 4.585094941978525,
  "fwhm_y": 6.310389333333333,
  "fwhm_z": 5.191818666666666,
  "icvs_csf": 0.2578629382397022,
  "icvs_gm": 0.37642642390384634,
  "icvs_wm": 0.3657106378564515,
  "inu_med": 0.35962486267089844,
  "inu_range": 0.19062568098306643,
  "provenance": {
    "md5sum": "683a476af25851b3b220f0334fab4b38",
    "settings": {
      "testing": false
    },
    "software": "mriqc",
    "version": "23.1.0",
    "warnings": {
      "large_rot_frame": true,
      "small_air_mask": false
    }
  },
  "qi_1": 0.0,
  "qi_2": 0.0013916440382641883,
  "rpve_csf": 6.073973078771159,
  "rpve_gm": 5.9861561748716055,
  "rpve_wm": 6.058972716077448,
  "size_x": 150,
  "size_y": 256,
  "size_z": 256,
  "snr_csf": 2.3562573453156115,
  "snr_gm": 7.957913273626085,
  "snr_total": 9.797506815141011,
  "snr_wm": 19.078349826481336,
  "snrd_csf": 39.475651506717206,
  "snrd_gm": 63.834593208811555,
  "snrd_total": 60.47447584885497,
  "snrd_wm": 78.11318283103616,
  "spacing_x": 1.2000035047531128,
  "spacing_y": 0.9375,
  "spacing_z": 0.9375,
  "summary_bg_k": 898.9836683412695,
  "summary_bg_mad": 0.0,
  "summary_bg_mean": 2.401866820646056,
  "summary_bg_median": 0.0,
  "summary_bg_n": 2184312.0,
  "summary_bg_p05": 0.0,
  "summary_bg_p95": 12.127155544236302,
  "summary_bg_stdv": 8.20806789032657,
  "summary_csf_k": -0.0334757879975669,
  "summary_csf_mad": 156.1436473075938,
  "summary_csf_mean": 496.29297886479253,
  "summary_csf_median": 494.58223902992904,
  "summary_csf_n": 411624.0300026422,
  "summary_csf_p05": 103.88212333060801,
  "summary_csf_p95": 830.0523702092469,
  "summary_csf_stdv": 209.90136720143437,
  "summary_gm_k": -0.5985252018564817,
  "summary_gm_mad": 73.1956593329261,
  "summary_gm_mean": 801.1044646518659,
  "summary_gm_median": 799.770360507071,
  "summary_gm_n": 600885.7366805869,
  "summary_gm_p05": 633.2671460229903,
  "summary_gm_p95": 982.2278407663107,
  "summary_gm_stdv": 100.49992598744313,
  "summary_wm_k": -0.28794453344079374,
  "summary_wm_mad": 41.775429599896775,
  "summary_wm_mean": 970.0131009339343,
  "summary_wm_median": 978.6638443637639,
  "summary_wm_n": 583780.2345576936,
  "summary_wm_p05": 869.8782360497862,
  "summary_wm_p95": 1039.969366375357,
  "summary_wm_stdv": 51.29704691715188,
  "tpm_overlap_csf": 0.21565020304188323,
  "tpm_overlap_gm": 0.5141283777944002,
  "tpm_overlap_wm": 0.546738743162616,
  "wm2max": 0.8318491421910281
}