{
  "bids_meta": {
    "InstitutionName": "HH",
    "dataset": "<unset>",
    "modality": "T1w",
    "subject_id": "0632"
  },
  "cjv": 0.6235462280132194,
  "cnr": 1.6036919365389168,
  "efc": 0.6491246572605325,
  "fber": -1.0,
  "fwhm_avg": 5.093504188245174,
  "fwhm_x": 4.323093898068855,
  "fwhm_y": 5.974357333333333,
  "fwhm_z": 4.983061333333334,
  "icvs_csf": 0.2504237988469747,
  "icvs_gm": 0.3861556279871673,
  "icvs_wm": 0.36342057316585796,
  "inu_med": 0.37054575979709625,
  "inu_range": 0.1874284073710441,
  "provenance": {
    "md5sum": "88f961ce2e25114f0809c890e3b811bd",
    "settings": {
      "testing": false
    },
    "software": "mriqc",
    "version": "23.1.0",
    "warnings": {
      "large_rot_frame": true,
      "small_air_mask": false
    }
  },
  "qi_1": 0.0,
  "qi_2": 0.0016440601486595431,
  "rpve_csf": 6.254389874107805,
  "rpve_gm": 6.160670251789772,
  "rpve_wm": 6.228810564998361,
  "size_x": 150,
  "size_y": 256,
  "size_z": 256,
  "snr_csf": 2.1338969155750735,
  "snr_gm": 8.272011729974718,
  "snr_total": 9.130267222822138,
  "snr_wm": 16.98489302291662,
  "snrd_csf": 79.91284220521858,
  "snrd_gm": 129.05544317911082,
  "snrd_total": 122.39429151177114,
  "snrd_wm": 158.214589150984,
  "spacing_x": 1.199997067451477,
  "spacing_y": 0.9375,
  "spacing_z": 0.9375,
  "summary_bg_k": 33.762951907149684,
  "summary_bg_mad": 0.0,
  "summary_bg_mean": 1.2260210984823248,
  "summary_bg_median": 0.0,
  "summary_bg_n": 2549151.0,
  "summary_bg_p05": 0.0,
  "summary_bg_p95": 9.723762670531869,
  "summary_bg_stdv": 4.027492447739656,
  "summary_csf_k": -0.556206025722978,
  "summary_csf_mad": 165.98062913217944,
  "summary_csf_mean": 484.2681360324887,
  "summary_csf_median": 491.2692508902401,
  "summary_csf_n": 388440.8688971512,
  "summary_csf_p05": 65.8997708838433,
  "summary_csf_p95": 837.0173638835549,
  "summary_csf_stdv": 230.22134525042566,
  "summary_gm_k": -0.4437497041516907,
  "summary_gm_mad": 66.11692380360287,
  "summary_gm_mean": 796.8052891754256,
  "summary_gm_median": 793.3764979988337,
  "summary_gm_n": 598979.1240109704,
  "summary_gm_p05": 637.2288608439267,
  "summary_gm_p95": 973.4079660102725,
  "summary_gm_stdv": 95.91086928101683,
  "summary_wm_k": -0.39928191903241794,
  "summary_wm_mad": 45.658535003760456,
  "summary_wm_mean": 961.8660718680455,
  "summary_wm_median": 972.6341917924583,
  "summary_wm_n": 563714.0074770174,
  "summary_wm_p05": 849.1140341553837,
  "summary_wm_p95": 1038.069698145613,
  "summary_wm_stdv": 57.264613193498015,
  "tpm_overlap_csf": 0.20701984418090247,
  "tpm_overlap_gm": 0.5246761049234223,
  "tpm_overlap_wm": 0.546904329531127,
  "wm2max": 0.7785852913242763
}