{
  "bids_meta": {
    "InstitutionName": "HH",
    "dataset": "<unset>",
    "modality": "T1w",
    "subject_id": "1235"
  },
  "cjv": 0.7982929013133587,
  "cnr": 1.144472063288325,
  "efc": 0.5967310818458171,
  "fber": -1.0,
  "fwhm_avg": 5.279336069510145,
  "fwhm_x": 4.707223877710372,
  "fwhm_y": 5.927434666666667,
  "fwhm_z": 5.203349664153396,
  "icvs_csf": 0.26809241520082217,
  "icvs_gm": 0.3476093739488375,
  "icvs_wm": 0.3842982108503404,
  "inu_med": 0.40356966853141785,
  "inu_range": 0.20092169344425204,
  "provenance": {
    "md5sum": "356c6597b7615929d08e41b1d897d95f",
    "settings": {
      "testing": false
    },
    "software": "mriqc",
    "version": "23.1.0",
    "warnings": {
      "large_rot_frame": true,
      "small_air_mask": false
    }
  },
  "qi_1": 0.0,
  "qi_2": 0.0008125737252343835,
  "rpve_csf": 8.030259670651622,
  "rpve_gm": 7.906599559879148,
  "rpve_wm": 7.9638115014103725,
  "size_x": 150,
  "size_y": 256,
  "size_z": 256,
  "snr_csf": 2.33649347447705,
  "snr_gm": 5.778364412103369,
  "snr_total": 8.039461616060764,
  "snr_wm": 16.003526961601878,
  "snrd_csf": 50.59570440424022,
  "snrd_gm": 106.8060885859021,
  "snrd_total": 95.77490666759668,
  "snrd_wm": 129.92292701264776,
  "spacing_x": 1.200000286102295,
  "spacing_y": 0.9375,
  "spacing_z": 0.9374999403953552,
  "summary_bg_k": 32.83676184872502,
  "summary_bg_mad": 0.0,
  "summary_bg_mean": 1.6709069473145015,
  "summary_bg_median": 0.0,
  "summary_bg_n": 2673990.0,
  "summary_bg_p05": 0.0,
  "summary_bg_p95": 11.172252548858523,
  "summary_bg_stdv": 4.908686980314539,
  "summary_csf_k": -0.03923657578307127,
  "summary_csf_mad": 134.348572284222,
  "summary_csf_mean": 393.3411328203428,
  "summary_csf_median": 379.09430077299476,
  "summary_csf_n": 325826.6535634617,
  "summary_csf_p05": 102.57509483024478,
  "summary_csf_p95": 678.4582619275898,
  "summary_csf_stdv": 162.248995416127,
  "summary_gm_k": -0.29966854849085944,
  "summary_gm_mad": 82.39621954234751,
  "summary_gm_mean": 789.0688764509321,
  "summary_gm_median": 800.2572540007532,
  "summary_gm_n": 422467.7485791562,
  "summary_gm_p05": 542.2234808467329,
  "summary_gm_p95": 1008.5518729500473,
  "summary_gm_stdv": 138.491837794389,
  "summary_wm_k": -0.5599595037609815,
  "summary_wm_mad": 55.87261865237624,
  "summary_wm_mean": 962.8160426350727,
  "summary_wm_median": 973.4629006590694,
  "summary_wm_n": 467057.5999622984,
  "summary_wm_p05": 849.9964082054794,
  "summary_wm_p95": 1046.4279530197382,
  "summary_wm_stdv": 60.82795754156114,
  "tpm_overlap_csf": 0.17943168383251556,
  "tpm_overlap_gm": 0.48646931590998455,
  "tpm_overlap_wm": 0.5388205967144133,
  "wm2max": 0.7551650219906124
}