{
  "bids_meta": {
    "InstitutionName": "HH",
    "dataset": "<unset>",
    "modality": "T1w",
    "subject_id": "0062"
  },
  "cjv": 0.6078579836257164,
  "cnr": 1.60093325682678,
  "efc": 0.612698454150981,
  "fber": -1.0,
  "fwhm_avg": 4.982816430841353,
  "fwhm_x": 4.233803959190729,
  "fwhm_y": 5.749802666666667,
  "fwhm_z": 4.964842666666667,
  "icvs_csf": 0.25921438928519597,
  "icvs_gm": 0.384942093732456,
  "icvs_wm": 0.355843516982348,
  "inu_med": 0.37397685647010803,
  "inu_range": 0.15711226463317873,
  "provenance": {
    "md5sum": "8b1943135b4a8bc22bfa8d0fb8a3b217",
    "settings": {
      "testing": false
    },
    "software": "mriqc",
    "version": "23.1.0",
    "warnings": {
      "large_rot_frame": true,
      "small_air_mask": false
    }
  },
  "qi_1": 0.0,
  "qi_2": 0.002995832459831795,
  "rpve_csf": 5.852382542750402,
  "rpve_gm": 5.7526953520979545,
  "rpve_wm": 5.821646360909501,
  "size_x": 150,
  "size_y": 256,
  "size_z": 256,
  "snr_csf": 2.070306960332449,
  "snr_gm": 7.789050502128179,
  "snr_total": 8.158381411913894,
  "snr_wm": 14.61578677328105,
  "snrd_csf": 52.34993850818346,
  "snrd_gm": 88.79255389111306,
  "snrd_total": 83.95766452541126,
  "snrd_wm": 110.73050117693725,
  "spacing_x": 1.2000012397766113,
  "spacing_y": 0.9375,
  "spacing_z": 0.9375,
  "summary_bg_k": 3007.799809941525,
  "summary_bg_mad": 0.0,
  "summary_bg_mean": 1.3908498674607916,
  "summary_bg_median": 0.0,
  "summary_bg_n": 2526887.0,
  "summary_bg_p05": 0.0,
  "summary_bg_p95": 9.060650572180748,
  "summary_bg_stdv": 5.732561109924097,
  "summary_csf_k": -0.6272364546524436,
  "summary_csf_mad": 169.2189695853371,
  "summary_csf_mean": 456.765411439576,
  "summary_csf_median": 458.0713597945869,
  "summary_csf_n": 429475.99108816497,
  "summary_csf_p05": 70.05824460275471,
  "summary_csf_p95": 805.8893950246274,
  "summary_csf_stdv": 221.25744407955892,
  "summary_gm_k": -0.4442700720924675,
  "summary_gm_mad": 67.30377810158001,
  "summary_gm_mean": 779.1017989459683,
  "summary_gm_median": 776.9507865644991,
  "summary_gm_n": 637786.3037356532,
  "summary_gm_p05": 613.1887730341405,
  "summary_gm_p95": 966.1612089723349,
  "summary_gm_stdv": 99.74902297171646,
  "summary_wm_k": -0.3268997886446696,
  "summary_wm_mad": 49.38123434031405,
  "summary_wm_mean": 952.7472676996313,
  "summary_wm_median": 968.9117636103183,
  "summary_wm_n": 589574.705130076,
  "summary_wm_p05": 819.411029169336,
  "summary_wm_p95": 1035.1099861580878,
  "summary_wm_stdv": 66.29208245410672,
  "tpm_overlap_csf": 0.20161991293826004,
  "tpm_overlap_gm": 0.5277548463785651,
  "tpm_overlap_wm": 0.5542239695515484,
  "wm2max": 0.7185908974029314
}