{
  "bids_meta": {
    "InstitutionName": "HH",
    "dataset": "<unset>",
    "modality": "T1w",
    "subject_id": "0180"
  },
  "cjv": 0.7401683141591995,
  "cnr": 1.3328743333853401,
  "efc": 0.6193007622410337,
  "fber": -1.0,
  "fwhm_avg": 5.400983878316342,
  "fwhm_x": 4.629874301615696,
  "fwhm_y": 6.139701333333333,
  "fwhm_z": 5.433376,
  "icvs_csf": 0.26640191145192216,
  "icvs_gm": 0.3679422529744363,
  "icvs_wm": 0.36565583557364156,
  "inu_med": 0.401421457529068,
  "inu_range": 0.19268435984849924,
  "provenance": {
    "md5sum": "72960325c1f097c0f40cfa5edb6454d8",
    "settings": {
      "testing": false
    },
    "software": "mriqc",
    "version": "23.1.0",
    "warnings": {
      "large_rot_frame": true,
      "small_air_mask": false
    }
  },
  "qi_1": 0.0,
  "qi_2": 0.0014406867058550444,
  "rpve_csf": 6.539970690665657,
  "rpve_gm": 6.417880431872271,
  "rpve_wm": 6.478051860747644,
  "size_x": 150,
  "size_y": 256,
  "size_z": 256,
  "snr_csf": 2.194592256596018,
  "snr_gm": 7.305908248610773,
  "snr_total": 8.216910695203605,
  "snr_wm": 15.150231580404023,
  "snrd_csf": 50.9864678347213,
  "snrd_gm": 94.44018483938619,
  "snrd_total": 86.61340848395348,
  "snrd_wm": 114.41357277775293,
  "spacing_x": 1.1999980211257935,
  "spacing_y": 0.9375,
  "spacing_z": 0.9375,
  "summary_bg_k": 506.3578861295183,
  "summary_bg_mad": 0.0,
  "summary_bg_mean": 2.103128629091137,
  "summary_bg_median": 0.0,
  "summary_bg_n": 2422804.0,
  "summary_bg_p05": 0.0,
  "summary_bg_p95": 11.317268645390868,
  "summary_bg_stdv": 5.508410772772482,
  "summary_csf_k": -0.43011913673963686,
  "summary_csf_mad": 161.24588257001972,
  "summary_csf_mean": 437.48730026019825,
  "summary_csf_median": 428.6960832681507,
  "summary_csf_n": 396393.7899964305,
  "summary_csf_p05": 98.67323796264827,
  "summary_csf_p95": 775.6050119493157,
  "summary_csf_stdv": 195.34177304878654,
  "summary_gm_k": -0.42818662312926037,
  "summary_gm_mad": 70.80665112383357,
  "summary_gm_mean": 794.6120465289016,
  "summary_gm_median": 794.0565225072205,
  "summary_gm_n": 547481.147419184,
  "summary_gm_p05": 610.157322704792,
  "summary_gm_p95": 984.0634545944631,
  "summary_gm_stdv": 108.68680118822115,
  "summary_wm_k": -0.5181222556763974,
  "summary_wm_mad": 53.494976614782374,
  "summary_wm_mean": 950.2197549081163,
  "summary_wm_median": 961.9934975989163,
  "summary_wm_n": 544079.0634999087,
  "summary_wm_p05": 830.0356849581003,
  "summary_wm_p95": 1036.492433829233,
  "summary_wm_stdv": 63.49689167696157,
  "tpm_overlap_csf": 0.19360147216609788,
  "tpm_overlap_gm": 0.5231313525651978,
  "tpm_overlap_wm": 0.5507510418492034,
  "wm2max": 0.6844757696380966
}