{
  "bids_meta": {
    "InstitutionName": "HH",
    "dataset": "<unset>",
    "modality": "T1w",
    "subject_id": "0144"
  },
  "cjv": 0.7278958350288076,
  "cnr": 1.2674560233642933,
  "efc": 0.6353800017668924,
  "fber": -1.0,
  "fwhm_avg": 4.944019559237808,
  "fwhm_x": 4.2591200110467575,
  "fwhm_y": 5.5872106666666665,
  "fwhm_z": 4.985728,
  "icvs_csf": 0.26633927193028634,
  "icvs_gm": 0.35928635271273185,
  "icvs_wm": 0.37437437535698176,
  "inu_med": 0.3632658123970032,
  "inu_range": 0.17318530082702638,
  "provenance": {
    "md5sum": "ca3a57674c29473875504c72bd42de19",
    "settings": {
      "testing": false
    },
    "software": "mriqc",
    "version": "23.1.0",
    "warnings": {
      "large_rot_frame": true,
      "small_air_mask": false
    }
  },
  "qi_1": 0.0,
  "qi_2": 0.0016024071469984828,
  "rpve_csf": 6.070678062479464,
  "rpve_gm": 5.9484607633582325,
  "rpve_wm": 6.015516817858213,
  "size_x": 150,
  "size_y": 256,
  "size_z": 256,
  "snr_csf": 2.2457111577244646,
  "snr_gm": 6.700528479137792,
  "snr_total": 8.374108158718089,
  "snr_wm": 16.17608483929201,
  "snrd_csf": 59.67483922150316,
  "snrd_gm": 109.75470568076906,
  "snrd_total": 100.80954767729435,
  "snrd_wm": 132.99909812961081,
  "spacing_x": 1.1999967098236084,
  "spacing_y": 0.9375,
  "spacing_z": 0.9375,
  "summary_bg_k": 456.5157456466463,
  "summary_bg_mad": 0.0,
  "summary_bg_mean": 1.5711061571989988,
  "summary_bg_median": 0.0,
  "summary_bg_n": 2473872.0,
  "summary_bg_p05": 0.0,
  "summary_bg_p95": 10.10320719704032,
  "summary_bg_stdv": 4.78430851091676,
  "summary_csf_k": 0.007443768484101554,
  "summary_csf_mad": 152.11965019493215,
  "summary_csf_mean": 452.79004115352404,
  "summary_csf_median": 435.7914491929114,
  "summary_csf_n": 426039.76207224163,
  "summary_csf_p05": 104.92349866591394,
  "summary_csf_p95": 793.7543644756079,
  "summary_csf_stdv": 194.05475911230533,
  "summary_gm_k": -0.11958667375215226,
  "summary_gm_mad": 72.02838560466752,
  "summary_gm_mean": 799.8280060684003,
  "summary_gm_median": 801.5130475144833,
  "summary_gm_n": 574719.1209023112,
  "summary_gm_p05": 591.4726873654872,
  "summary_gm_p95": 1000.6767491977662,
  "summary_gm_stdv": 119.61927371866409,
  "summary_wm_k": -0.5993128984659597,
  "summary_wm_mad": 51.53075547239397,
  "summary_wm_mean": 958.4828473476958,
  "summary_wm_median": 971.2614306360483,
  "summary_wm_n": 598854.118084324,
  "summary_wm_p05": 842.8201793320477,
  "summary_wm_p95": 1036.9322774168104,
  "summary_wm_stdv": 60.042997384833896,
  "tpm_overlap_csf": 0.19583520687362097,
  "tpm_overlap_gm": 0.5020690868949993,
  "tpm_overlap_wm": 0.535826428596006,
  "wm2max": 0.7516113636553031
}