{
  "bids_meta": {
    "InstitutionName": "HH",
    "dataset": "<unset>",
    "modality": "T1w",
    "subject_id": "0798"
  },
  "cjv": 0.6667741089769393,
  "cnr": 1.4947336124026178,
  "efc": 0.6608508826274203,
  "fber": -1.0,
  "fwhm_avg": 5.101383731971568,
  "fwhm_x": 4.447543195914704,
  "fwhm_y": 5.933749333333334,
  "fwhm_z": 4.9228586666666665,
  "icvs_csf": 0.26834066996809414,
  "icvs_gm": 0.3793696188217899,
  "icvs_wm": 0.35228971121011593,
  "inu_med": 0.4419170022010803,
  "inu_range": 0.23243534564971924,
  "provenance": {
    "md5sum": "bc26732949dcee391ce040c94e759ecc",
    "settings": {
      "testing": false
    },
    "software": "mriqc",
    "version": "23.1.0",
    "warnings": {
      "large_rot_frame": true,
      "small_air_mask": false
    }
  },
  "qi_1": 0.0,
  "qi_2": 0.001473960790524043,
  "rpve_csf": 7.411302773222022,
  "rpve_gm": 7.2953487266081956,
  "rpve_wm": 7.364817785782582,
  "size_x": 150,
  "size_y": 256,
  "size_z": 256,
  "snr_csf": 2.307524543430143,
  "snr_gm": 7.679773778387045,
  "snr_total": 7.5704524935452,
  "snr_wm": 12.724059158818413,
  "snrd_csf": 65.97005005399151,
  "snrd_gm": 111.95350054887511,
  "snrd_total": 105.71295891438574,
  "snrd_wm": 139.21532614029056,
  "spacing_x": 1.200001835823059,
  "spacing_y": 0.9375,
  "spacing_z": 0.9375,
  "summary_bg_k": 33.406017429574405,
  "summary_bg_mad": 0.0,
  "summary_bg_mean": 1.2939550575390892,
  "summary_bg_median": 0.0,
  "summary_bg_n": 2591904.0,
  "summary_bg_p05": 0.0,
  "summary_bg_p95": 9.827079383656383,
  "summary_bg_stdv": 4.500910607280583,
  "summary_csf_k": -0.5019561748145702,
  "summary_csf_mad": 157.25971100055457,
  "summary_csf_mean": 454.87633572262916,
  "summary_csf_median": 453.22668386437,
  "summary_csf_n": 352192.03101351194,
  "summary_csf_p05": 114.67154310271144,
  "summary_csf_p95": 777.2974672578275,
  "summary_csf_stdv": 196.41222959791807,
  "summary_gm_k": -0.4935357686840156,
  "summary_gm_mad": 66.90145268405946,
  "summary_gm_mean": 769.9803879327613,
  "summary_gm_median": 769.1416598781943,
  "summary_gm_n": 497915.4168973136,
  "summary_gm_p05": 602.5715501438826,
  "summary_gm_p95": 955.4104956332594,
  "summary_gm_stdv": 100.15150311856998,
  "summary_wm_k": -0.6473324662067941,
  "summary_wm_mad": 57.98125899285154,
  "summary_wm_mean": 936.3830770709856,
  "summary_wm_median": 956.4355424623936,
  "summary_wm_n": 462373.5526597841,
  "summary_wm_p05": 791.024181317538,
  "summary_wm_p95": 1030.3948995471,
  "summary_wm_stdv": 75.16740501256147,
  "tpm_overlap_csf": 0.19937966004880303,
  "tpm_overlap_gm": 0.5487917936487045,
  "tpm_overlap_wm": 0.5716210313031198,
  "wm2max": 0.8313866242132184
}