{
  "bids_meta": {
    "InstitutionName": "HH",
    "dataset": "<unset>",
    "modality": "T1w",
    "subject_id": "0611"
  },
  "cjv": 0.7228979785343451,
  "cnr": 1.3471737515198114,
  "efc": 0.5899812258462435,
  "fber": -1.0,
  "fwhm_avg": 5.175699997095149,
  "fwhm_x": 4.57521769617841,
  "fwhm_y": 5.844127628440372,
  "fwhm_z": 5.107754666666667,
  "icvs_csf": 0.27615368647099475,
  "icvs_gm": 0.365458981860515,
  "icvs_wm": 0.35838733166849013,
  "inu_med": 0.41016024351119995,
  "inu_range": 0.17544713616371155,
  "provenance": {
    "md5sum": "c0c8674f84c3edab4a1fda50a808df59",
    "settings": {
      "testing": false
    },
    "software": "mriqc",
    "version": "23.1.0",
    "warnings": {
      "large_rot_frame": true,
      "small_air_mask": false
    }
  },
  "qi_1": 0.0,
  "qi_2": 0.001314280723834695,
  "rpve_csf": 7.213080506400781,
  "rpve_gm": 7.095018413788801,
  "rpve_wm": 7.156702375285132,
  "size_x": 150,
  "size_y": 256,
  "size_z": 256,
  "snr_csf": 2.012020887015354,
  "snr_gm": 6.9840303893168985,
  "snr_total": 7.8554363976809425,
  "snr_wm": 14.570257916710572,
  "snrd_csf": 70.564169495342,
  "snrd_gm": 133.6035039590578,
  "snrd_total": 122.55393880475928,
  "snrd_wm": 163.49414295987802,
  "spacing_x": 1.1999975442886353,
  "spacing_y": 0.9375000596046448,
  "spacing_z": 0.9375,
  "summary_bg_k": 37.953573307912905,
  "summary_bg_mad": 0.0,
  "summary_bg_mean": 1.3623931691198754,
  "summary_bg_median": 0.0,
  "summary_bg_n": 2515603.0,
  "summary_bg_p05": 0.0,
  "summary_bg_p95": 8.989018796011806,
  "summary_bg_stdv": 3.838154740728474,
  "summary_csf_k": -0.727054874361031,
  "summary_csf_mad": 164.69255657460366,
  "summary_csf_mean": 411.7723665983728,
  "summary_csf_median": 413.4042951576412,
  "summary_csf_n": 372821.56070285814,
  "summary_csf_p05": 64.98358676210046,
  "summary_csf_p95": 765.3345700856298,
  "summary_csf_stdv": 205.46692303181305,
  "summary_gm_k": -0.40220317917346504,
  "summary_gm_mad": 71.1340251491205,
  "summary_gm_mean": 780.9533336580496,
  "summary_gm_median": 782.7239061947912,
  "summary_gm_n": 493388.2640904943,
  "summary_gm_p05": 586.8221665900201,
  "summary_gm_p95": 977.1765344571322,
  "summary_gm_stdv": 112.07326849246594,
  "summary_wm_k": -0.5909075680496563,
  "summary_wm_mad": 55.45701252777115,
  "summary_wm_mean": 943.8233935053032,
  "summary_wm_median": 957.8399549815804,
  "summary_wm_n": 483841.1756737974,
  "summary_wm_p05": 818.4082730021328,
  "summary_wm_p95": 1030.046456091106,
  "summary_wm_stdv": 65.73932806320673,
  "tpm_overlap_csf": 0.17745821861862782,
  "tpm_overlap_gm": 0.5234968488880972,
  "tpm_overlap_wm": 0.5582310379769068,
  "wm2max": 0.7485560727078121
}