{
  "bids_meta": {
    "InstitutionName": "HH",
    "dataset": "<unset>",
    "modality": "T1w",
    "subject_id": "0653"
  },
  "cjv": 0.6569262275051044,
  "cnr": 1.4617652664397531,
  "efc": 0.6118554229030269,
  "fber": 44516.41316162571,
  "fwhm_avg": 5.0588884053663,
  "fwhm_x": 4.332526549432235,
  "fwhm_y": 5.942752,
  "fwhm_z": 4.901386666666666,
  "icvs_csf": 0.2641540458984531,
  "icvs_gm": 0.3744122529513919,
  "icvs_wm": 0.361433701150155,
  "inu_med": 0.3940410166978836,
  "inu_range": 0.20609715580940247,
  "provenance": {
    "md5sum": "785eeabaeaa07b86e3902a3b35b5147f",
    "settings": {
      "testing": false
    },
    "software": "mriqc",
    "version": "23.1.0",
    "warnings": {
      "large_rot_frame": true,
      "small_air_mask": false
    }
  },
  "qi_1": 0.0,
  "qi_2": 0.002494378544522626,
  "rpve_csf": 6.163737446189002,
  "rpve_gm": 6.0565677596678835,
  "rpve_wm": 6.129953823665758,
  "size_x": 150,
  "size_y": 256,
  "size_z": 256,
  "snr_csf": 2.3490264607764164,
  "snr_gm": 7.4698633792202696,
  "snr_total": 8.491146970539413,
  "snr_wm": 15.654551071621555,
  "snrd_csf": 48.315409771334565,
  "snrd_gm": 79.8225552127531,
  "snrd_total": 75.36227595920155,
  "snrd_wm": 97.94886289351702,
  "spacing_x": 1.1999995708465576,
  "spacing_y": 0.9375,
  "spacing_z": 0.9375,
  "summary_bg_k": 326.09087717241295,
  "summary_bg_mad": 0.0,
  "summary_bg_mean": 2.2257017221369138,
  "summary_bg_median": 0.0,
  "summary_bg_n": 2420692.0,
  "summary_bg_p05": 0.0,
  "summary_bg_p95": 13.534748945385218,
  "summary_bg_stdv": 6.462913568271603,
  "summary_csf_k": -0.08198975803212472,
  "summary_csf_mad": 149.29737029104422,
  "summary_csf_mean": 480.6003308890886,
  "summary_csf_median": 476.63099984638393,
  "summary_csf_n": 415587.2209898508,
  "summary_csf_p05": 110.6858588848263,
  "summary_csf_p95": 809.7277613449842,
  "summary_csf_stdv": 202.9055161199415,
  "summary_gm_k": -0.39977433333473567,
  "summary_gm_mad": 68.57983910927655,
  "summary_gm_mean": 788.0104181573295,
  "summary_gm_median": 787.448652125895,
  "summary_gm_n": 589053.8120640205,
  "summary_gm_p05": 608.8609347678721,
  "summary_gm_p95": 977.5434406846762,
  "summary_gm_stdv": 105.41665138278887,
  "summary_wm_k": -0.48648495619502885,
  "summary_wm_mad": 48.88897023625687,
  "summary_wm_mean": 952.3270732910363,
  "summary_wm_median": 966.2644832301885,
  "summary_wm_n": 568634.9679868704,
  "summary_wm_p05": 830.6888800300658,
  "summary_wm_p95": 1031.4289767481387,
  "summary_wm_stdv": 61.72413563147945,
  "tpm_overlap_csf": 0.20302530782819114,
  "tpm_overlap_gm": 0.521636910819942,
  "tpm_overlap_wm": 0.5476959085647082,
  "wm2max": 0.7190061378621059
}