{
  "bids_meta": {
    "InstitutionName": "HH",
    "dataset": "<unset>",
    "modality": "T1w",
    "subject_id": "0249"
  },
  "cjv": 0.5964014800900526,
  "cnr": 1.8010512891960064,
  "efc": 0.6296404561003438,
  "fber": -1.0,
  "fwhm_avg": 5.0282064415122365,
  "fwhm_x": 4.277269991203375,
  "fwhm_y": 5.862901333333334,
  "fwhm_z": 4.9444479999999995,
  "icvs_csf": 0.2479631559045924,
  "icvs_gm": 0.392299964462455,
  "icvs_wm": 0.35973687963295264,
  "inu_med": 0.3344961702823639,
  "inu_range": 0.16526448726654053,
  "provenance": {
    "md5sum": "f5b1eef02ff70879f5603ab83263190b",
    "settings": {
      "testing": false
    },
    "software": "mriqc",
    "version": "23.1.0",
    "warnings": {
      "large_rot_frame": true,
      "small_air_mask": false
    }
  },
  "qi_1": 0.0,
  "qi_2": 0.0007095454003077315,
  "rpve_csf": 5.723596303277868,
  "rpve_gm": 5.648707386898275,
  "rpve_wm": 5.723167499908072,
  "size_x": 150,
  "size_y": 256,
  "size_z": 256,
  "snr_csf": 2.3527708187934815,
  "snr_gm": 8.865881842496774,
  "snr_total": 9.766964263457597,
  "snr_wm": 18.082240129082535,
  "snrd_csf": 64.38377650002869,
  "snrd_gm": 95.86390676077541,
  "snrd_total": 92.97431827220912,
  "snrd_wm": 118.67527155582324,
  "spacing_x": 1.200003743171692,
  "spacing_y": 0.9375,
  "spacing_z": 0.9375,
  "summary_bg_k": 1266.7993899244357,
  "summary_bg_mad": 0.0,
  "summary_bg_mean": 1.42307011673736,
  "summary_bg_median": 0.0,
  "summary_bg_n": 2513780.0,
  "summary_bg_p05": 0.0,
  "summary_bg_p95": 10.119329206645489,
  "summary_bg_stdv": 5.3950470635345225,
  "summary_csf_k": -0.16847152220558037,
  "summary_csf_mad": 151.47124029604709,
  "summary_csf_mean": 520.4257298425786,
  "summary_csf_median": 530.200282484293,
  "summary_csf_n": 419142.2892067232,
  "summary_csf_p05": 94.85885482281446,
  "summary_csf_p95": 856.2529547140002,
  "summary_csf_stdv": 225.351167128704,
  "summary_gm_k": -0.6266963186181314,
  "summary_gm_mad": 68.11724415680224,
  "summary_gm_mean": 793.0792453580736,
  "summary_gm_median": 789.4390979781747,
  "summary_gm_n": 663120.7146910822,
  "summary_gm_p05": 649.3980953469872,
  "summary_gm_p95": 958.2873338833451,
  "summary_gm_stdv": 89.04229909184544,
  "summary_wm_k": -0.2682439012253859,
  "summary_wm_mad": 43.917696890569864,
  "summary_wm_mean": 967.6256727782609,
  "summary_wm_median": 977.2906456142664,
  "summary_wm_n": 608077.9972789767,
  "summary_wm_p05": 861.9040086865425,
  "summary_wm_p95": 1039.5573752000928,
  "summary_wm_stdv": 54.04694523729043,
  "tpm_overlap_csf": 0.21367504351956604,
  "tpm_overlap_gm": 0.5221606205388791,
  "tpm_overlap_wm": 0.5460665168618309,
  "wm2max": 0.6869298152988882
}