{
  "bids_meta": {
    "InstitutionName": "HH",
    "dataset": "<unset>",
    "modality": "T1w",
    "subject_id": "0797"
  },
  "cjv": 0.6625175753059339,
  "cnr": 1.4865464273774107,
  "efc": 0.6247237807510025,
  "fber": -1.0,
  "fwhm_avg": 5.026542018685917,
  "fwhm_x": 4.393546374339794,
  "fwhm_y": 5.679936,
  "fwhm_z": 5.0061436817179565,
  "icvs_csf": 0.2542832529430479,
  "icvs_gm": 0.3875451641206215,
  "icvs_wm": 0.35817158293633056,
  "inu_med": 0.427574947476387,
  "inu_range": 0.22670034617185586,
  "provenance": {
    "md5sum": "56456157113654825e64edafdcf0ebdd",
    "settings": {
      "testing": false
    },
    "software": "mriqc",
    "version": "23.1.0",
    "warnings": {
      "large_rot_frame": true,
      "small_air_mask": false
    }
  },
  "qi_1": 0.0,
  "qi_2": 0.001840185756685578,
  "rpve_csf": 6.515302782602987,
  "rpve_gm": 6.400205918844001,
  "rpve_wm": 6.472209392181287,
  "size_x": 150,
  "size_y": 256,
  "size_z": 256,
  "snr_csf": 2.393671214167794,
  "snr_gm": 8.269035093458273,
  "snr_total": 8.11026222840055,
  "snr_wm": 13.668080377575587,
  "snrd_csf": 67.51771189726878,
  "snrd_gm": 103.68258950054386,
  "snrd_total": 99.36530557376608,
  "snrd_wm": 126.8956153234856,
  "spacing_x": 1.2000032663345337,
  "spacing_y": 0.9375,
  "spacing_z": 0.9375000596046448,
  "summary_bg_k": 33.282700413540034,
  "summary_bg_mad": 0.0,
  "summary_bg_mean": 1.6311284800536732,
  "summary_bg_median": 0.0,
  "summary_bg_n": 2610173.0,
  "summary_bg_p05": 0.0,
  "summary_bg_p95": 10.6757931150496,
  "summary_bg_stdv": 4.937583057347579,
  "summary_csf_k": -0.25885479260511346,
  "summary_csf_mad": 149.87331132855726,
  "summary_csf_mean": 505.04850246203443,
  "summary_csf_median": 508.8624450340867,
  "summary_csf_n": 378474.6852842937,
  "summary_csf_p05": 126.65372741036117,
  "summary_csf_p95": 830.8218900300562,
  "summary_csf_stdv": 212.58632754886943,
  "summary_gm_k": -0.35867688735848713,
  "summary_gm_mad": 62.440902066900186,
  "summary_gm_mean": 786.0573761716543,
  "summary_gm_median": 781.4271917417645,
  "summary_gm_n": 576821.4474464561,
  "summary_gm_p05": 631.557445332408,
  "summary_gm_p95": 962.1494694501162,
  "summary_gm_stdv": 94.50032628395122,
  "summary_wm_k": -0.4199476845634731,
  "summary_wm_mad": 53.46667902878294,
  "summary_wm_mean": 940.1287045697487,
  "summary_wm_median": 956.3773899190128,
  "summary_wm_n": 533101.8679392398,
  "summary_wm_p05": 803.5705233942717,
  "summary_wm_p95": 1029.9586338531226,
  "summary_wm_stdv": 69.97152976174816,
  "tpm_overlap_csf": 0.20069330696425736,
  "tpm_overlap_gm": 0.5350933570061649,
  "tpm_overlap_wm": 0.545141689722163,
  "wm2max": 0.7721238425526828
}