{
  "bids_meta": {
    "InstitutionName": "HH",
    "dataset": "<unset>",
    "modality": "T1w",
    "subject_id": "1102"
  },
  "cjv": 0.7193691237719488,
  "cnr": 1.3474440704226829,
  "efc": 0.6105430918274357,
  "fber": -1.0,
  "fwhm_avg": 5.221942756891337,
  "fwhm_x": 4.480036270674009,
  "fwhm_y": 6.0463146666666665,
  "fwhm_z": 5.139477333333334,
  "icvs_csf": 0.26932770808531364,
  "icvs_gm": 0.36515863034897433,
  "icvs_wm": 0.365513661565712,
  "inu_med": 0.39639925956726074,
  "inu_range": 0.2081242263317108,
  "provenance": {
    "md5sum": "8edbbb0fe8767ba097376b555617292f",
    "settings": {
      "testing": false
    },
    "software": "mriqc",
    "version": "23.1.0",
    "warnings": {
      "large_rot_frame": true,
      "small_air_mask": false
    }
  },
  "qi_1": 0.0,
  "qi_2": 0.0006196068523190463,
  "rpve_csf": 6.269447292335586,
  "rpve_gm": 6.155928621797151,
  "rpve_wm": 6.224336903819899,
  "size_x": 150,
  "size_y": 256,
  "size_z": 256,
  "snr_csf": 2.307132292220157,
  "snr_gm": 7.20130868214142,
  "snr_total": 8.55389092201442,
  "snr_wm": 16.153231791681684,
  "snrd_csf": 71.97493203711963,
  "snrd_gm": 126.01716815115091,
  "snrd_total": 116.94298800400162,
  "snrd_wm": 152.83686382373432,
  "spacing_x": 1.199999213218689,
  "spacing_y": 0.9375,
  "spacing_z": 0.9375,
  "summary_bg_k": 39.92479466986347,
  "summary_bg_mad": 0.0,
  "summary_bg_mean": 1.7950515262309852,
  "summary_bg_median": 0.0,
  "summary_bg_n": 2380390.0,
  "summary_bg_p05": 0.0,
  "summary_bg_p95": 9.652459636330605,
  "summary_bg_stdv": 4.1663750174057705,
  "summary_csf_k": -0.12463219247152457,
  "summary_csf_mad": 156.1522395399418,
  "summary_csf_mean": 466.10100352721986,
  "summary_csf_median": 457.7284344434738,
  "summary_csf_n": 417182.42564869265,
  "summary_csf_p05": 107.05690486729145,
  "summary_csf_p95": 802.7068242877722,
  "summary_csf_stdv": 198.39689617781488,
  "summary_gm_k": -0.05389144700203019,
  "summary_gm_mad": 72.70478966294587,
  "summary_gm_mean": 799.9651548547907,
  "summary_gm_median": 801.4129288941622,
  "summary_gm_n": 565622.3202526348,
  "summary_gm_p05": 609.7870211005211,
  "summary_gm_p95": 992.3660110831261,
  "summary_gm_stdv": 111.28702515510865,
  "summary_wm_k": -0.40536107186763193,
  "summary_wm_mad": 49.991736638954336,
  "summary_wm_mean": 960.2970695529989,
  "summary_wm_median": 971.9742196798325,
  "summary_wm_n": 566172.2554421205,
  "summary_wm_p05": 845.0430815666914,
  "summary_wm_p95": 1040.7835767120123,
  "summary_wm_stdv": 60.17206797012284,
  "tpm_overlap_csf": 0.19958789814030248,
  "tpm_overlap_gm": 0.5064613165813596,
  "tpm_overlap_wm": 0.5489977737955734,
  "wm2max": 0.7613132779714414
}