{
  "bids_meta": {
    "InstitutionName": "HH",
    "dataset": "<unset>",
    "modality": "T1w",
    "subject_id": "0040"
  },
  "cjv": 0.8647503379386327,
  "cnr": 1.0055819391777225,
  "efc": 0.6130270413440624,
  "fber": -1.0,
  "fwhm_avg": 5.130251014666391,
  "fwhm_x": 4.57116936909952,
  "fwhm_y": 5.706197333333334,
  "fwhm_z": 5.1133863415663185,
  "icvs_csf": 0.2619864732932215,
  "icvs_gm": 0.34486966742520114,
  "icvs_wm": 0.39314385928157736,
  "inu_med": 0.4500883221626282,
  "inu_range": 0.2506671905517578,
  "provenance": {
    "md5sum": "c00828062c94db7eec3fba0d88044aa0",
    "settings": {
      "testing": false
    },
    "software": "mriqc",
    "version": "23.1.0",
    "warnings": {
      "large_rot_frame": true,
      "small_air_mask": false
    }
  },
  "qi_1": 0.0,
  "qi_2": 0.0017183134143498376,
  "rpve_csf": 7.232160607718117,
  "rpve_gm": 7.095907442358158,
  "rpve_wm": 7.1633671716556115,
  "size_x": 150,
  "size_y": 256,
  "size_z": 256,
  "snr_csf": 2.459123032156992,
  "snr_gm": 5.696017527969846,
  "snr_total": 7.84314775099937,
  "snr_wm": 15.374302692871272,
  "snrd_csf": 48.985647924794236,
  "snrd_gm": 95.3264319352215,
  "snrd_total": 86.01675167236442,
  "snrd_wm": 113.73817515707752,
  "spacing_x": 1.2000014781951904,
  "spacing_y": 0.9375,
  "spacing_z": 0.9375000596046448,
  "summary_bg_k": 1398.2822400752561,
  "summary_bg_mad": 0.0,
  "summary_bg_mean": 1.627529639504599,
  "summary_bg_median": 0.0,
  "summary_bg_n": 2603844.0,
  "summary_bg_p05": 0.0,
  "summary_bg_p95": 10.696562469005585,
  "summary_bg_stdv": 5.598454783250578,
  "summary_csf_k": 0.19475951854723705,
  "summary_csf_mad": 130.87278677575873,
  "summary_csf_mean": 435.46679990999013,
  "summary_csf_median": 418.6058581620455,
  "summary_csf_n": 352633.0076686681,
  "summary_csf_p05": 144.8664253614843,
  "summary_csf_p95": 742.7168435510248,
  "summary_csf_stdv": 170.22542554580315,
  "summary_gm_k": 0.19757748469695402,
  "summary_gm_mad": 76.39646510300626,
  "summary_gm_mean": 801.2911142866473,
  "summary_gm_median": 814.6100855302066,
  "summary_gm_n": 464193.5385027701,
  "summary_gm_p05": 543.2362386602908,
  "summary_gm_p95": 1022.8330732081085,
  "summary_gm_stdv": 143.01381694895744,
  "summary_wm_k": -0.5660469342310197,
  "summary_wm_mad": 59.660912118864665,
  "summary_wm_mean": 964.4671154222904,
  "summary_wm_median": 971.9472628086805,
  "summary_wm_n": 529170.4560249036,
  "summary_wm_p05": 851.3280932363123,
  "summary_wm_p95": 1057.4683367796242,
  "summary_wm_stdv": 63.21888958841216,
  "tpm_overlap_csf": 0.19616061955251232,
  "tpm_overlap_gm": 0.484215907887564,
  "tpm_overlap_wm": 0.5316955708928229,
  "wm2max": 0.741423611792166
}