{
  "bids_meta": {
    "InstitutionName": "HH",
    "dataset": "<unset>",
    "modality": "T1w",
    "subject_id": "1046"
  },
  "cjv": 0.8327784470386997,
  "cnr": 1.067804276270329,
  "efc": 0.6317609855918351,
  "fber": -1.0,
  "fwhm_avg": 5.169584737161383,
  "fwhm_x": 4.491068878150816,
  "fwhm_y": 5.851935999999999,
  "fwhm_z": 5.165749333333333,
  "icvs_csf": 0.26458869709633526,
  "icvs_gm": 0.3527640197286085,
  "icvs_wm": 0.38264728317505625,
  "inu_med": 0.40709182620048523,
  "inu_range": 0.21465736031532284,
  "provenance": {
    "md5sum": "33f10eacb3df20034ca1a4c61d77b13d",
    "settings": {
      "testing": false
    },
    "software": "mriqc",
    "version": "23.1.0",
    "warnings": {
      "large_rot_frame": true,
      "small_air_mask": false
    }
  },
  "qi_1": 0.0,
  "qi_2": 0.0017680344100679884,
  "rpve_csf": 5.888480568388709,
  "rpve_gm": 5.7462409545678135,
  "rpve_wm": 5.797910598885339,
  "size_x": 150,
  "size_y": 256,
  "size_z": 256,
  "snr_csf": 2.6662984767086932,
  "snr_gm": 6.398052520721043,
  "snr_total": 7.792587199939047,
  "snr_wm": 14.313410602387403,
  "snrd_csf": 9.987544215749788,
  "snrd_gm": 20.357101508953633,
  "snrd_total": 18.204873689154653,
  "snrd_wm": 24.26997534276054,
  "spacing_x": 1.2000038623809814,
  "spacing_y": 0.9375,
  "spacing_z": 0.9375,
  "summary_bg_k": 342.38416437992737,
  "summary_bg_mad": 0.0,
  "summary_bg_mean": 2.9680127127360247,
  "summary_bg_median": 0.0,
  "summary_bg_n": 2723724.0,
  "summary_bg_p05": 0.0,
  "summary_bg_p95": 10.046885199844837,
  "summary_bg_stdv": 25.919892867423425,
  "summary_csf_k": 0.38176962904338607,
  "summary_csf_mad": 114.8467281209287,
  "summary_csf_mean": 421.73576927452797,
  "summary_csf_median": 395.1483631208539,
  "summary_csf_n": 437783.69623963686,
  "summary_csf_p05": 198.6079914867878,
  "summary_csf_p95": 694.3708136379719,
  "summary_csf_stdv": 148.2009292158806,
  "summary_gm_k": 0.1095935623443065,
  "summary_gm_mad": 68.82168594915802,
  "summary_gm_mean": 801.0145601544174,
  "summary_gm_median": 805.4107361510396,
  "summary_gm_n": 583676.9981180024,
  "summary_gm_p05": 582.8649486228824,
  "summary_gm_p95": 1006.6396542117,
  "summary_gm_stdv": 125.88362530578152,
  "summary_wm_k": -0.5065522344538849,
  "summary_wm_mad": 60.10024268583938,
  "summary_wm_mean": 951.4002002800445,
  "summary_wm_median": 960.2201324477792,
  "summary_wm_n": 633121.3079878435,
  "summary_wm_p05": 829.5815034434199,
  "summary_wm_p95": 1049.0404218956828,
  "summary_wm_stdv": 67.08529509835522,
  "tpm_overlap_csf": 0.18646454753523195,
  "tpm_overlap_gm": 0.498937381189686,
  "tpm_overlap_wm": 0.5592702781293931,
  "wm2max": 0.6187232605269084
}