{
  "bids_meta": {
    "InstitutionName": "HH",
    "dataset": "<unset>",
    "modality": "T1w",
    "subject_id": "0745"
  },
  "cjv": 0.7189798397190399,
  "cnr": 1.1772202727333319,
  "efc": 0.5506419735350802,
  "fber": -1.0,
  "fwhm_avg": 4.932404657167338,
  "fwhm_x": 4.314301971502013,
  "fwhm_y": 5.621440000000001,
  "fwhm_z": 4.861472,
  "icvs_csf": 0.27833749191867563,
  "icvs_gm": 0.3511421075217238,
  "icvs_wm": 0.37052040055960045,
  "inu_med": 0.40034322440624237,
  "inu_range": 0.1517383947968483,
  "provenance": {
    "md5sum": "d5a5dfc07445c753596a3a93a5047ba5",
    "settings": {
      "testing": false
    },
    "software": "mriqc",
    "version": "23.1.0",
    "warnings": {
      "large_rot_frame": true,
      "small_air_mask": false
    }
  },
  "qi_1": 0.0,
  "qi_2": 0.0009903057630818528,
  "rpve_csf": 7.384191615783887,
  "rpve_gm": 7.255068080707136,
  "rpve_wm": 7.320217345449727,
  "size_x": 150,
  "size_y": 256,
  "size_z": 256,
  "snr_csf": 2.31551188484195,
  "snr_gm": 5.447172546982782,
  "snr_total": 6.954027558839585,
  "snr_wm": 13.099398244694024,
  "snrd_csf": 61.658964309825514,
  "snrd_gm": 126.95644783304695,
  "snrd_total": 115.48971354183057,
  "snrd_wm": 157.85372848261926,
  "spacing_x": 1.199999451637268,
  "spacing_y": 0.9375,
  "spacing_z": 0.9375,
  "summary_bg_k": 131.722620240594,
  "summary_bg_mad": 0.0,
  "summary_bg_mean": 1.1223320161227313,
  "summary_bg_median": 0.0,
  "summary_bg_n": 3111990.0,
  "summary_bg_p05": 0.0,
  "summary_bg_p95": 7.687907516956329,
  "summary_bg_stdv": 3.9797249393349436,
  "summary_csf_k": 0.15897129590945624,
  "summary_csf_mad": 111.77609612888726,
  "summary_csf_mean": 389.77827437292126,
  "summary_csf_median": 374.55668468028307,
  "summary_csf_n": 367197.84998221154,
  "summary_csf_p05": 100.12584313750267,
  "summary_csf_p95": 686.0084618255496,
  "summary_csf_stdv": 161.7595561100925,
  "summary_gm_k": -0.08122214444079345,
  "summary_gm_mad": 71.67917788174167,
  "summary_gm_mean": 760.1764503249614,
  "summary_gm_median": 771.2161034718156,
  "summary_gm_n": 463245.6304444703,
  "summary_gm_p05": 500.0114374049008,
  "summary_gm_p95": 993.1357909925282,
  "summary_gm_stdv": 141.58084114544704,
  "summary_wm_k": -0.7734555742456286,
  "summary_wm_mad": 63.26628809723057,
  "summary_wm_mean": 940.7673808149458,
  "summary_wm_median": 958.9062980003655,
  "summary_wm_n": 488810.521077,
  "summary_wm_p05": 801.2126711942255,
  "summary_wm_p95": 1034.6642199903727,
  "summary_wm_stdv": 73.20224175422875,
  "tpm_overlap_csf": 0.18323750231311464,
  "tpm_overlap_gm": 0.499408010747415,
  "tpm_overlap_wm": 0.5542196655731542,
  "wm2max": 0.7721915879391571
}