{
  "bids_meta": {
    "InstitutionName": "HH",
    "dataset": "<unset>",
    "modality": "T1w",
    "subject_id": "0737"
  },
  "cjv": 0.7531034771787364,
  "cnr": 1.2399690168752246,
  "efc": 0.549890032969095,
  "fber": -1.0,
  "fwhm_avg": 5.132463828108183,
  "fwhm_x": 4.576314516110958,
  "fwhm_y": 5.7428369682135925,
  "fwhm_z": 5.078239999999999,
  "icvs_csf": 0.27441473391702076,
  "icvs_gm": 0.36293435967664495,
  "icvs_wm": 0.3626509064063343,
  "inu_med": 0.42636775970458984,
  "inu_range": 0.2076927274465561,
  "provenance": {
    "md5sum": "a9d3984c6c6e1f3e2280c2a438b7b0da",
    "settings": {
      "testing": false
    },
    "software": "mriqc",
    "version": "23.1.0",
    "warnings": {
      "large_rot_frame": true,
      "small_air_mask": false
    }
  },
  "qi_1": 0.0,
  "qi_2": 0.0020333870876851927,
  "rpve_csf": 7.694314791184877,
  "rpve_gm": 7.554913299306027,
  "rpve_wm": 7.609745820789009,
  "size_x": 150,
  "size_y": 256,
  "size_z": 256,
  "snr_csf": 2.3352632346691244,
  "snr_gm": 7.2058028895405,
  "snr_total": 7.545698567677625,
  "snr_wm": 13.096029578823249,
  "snrd_csf": 68.79026796905845,
  "snrd_gm": 132.95230438033673,
  "snrd_total": 120.72283083417112,
  "snrd_wm": 160.42592015311817,
  "spacing_x": 1.199998378753662,
  "spacing_y": 0.9375000596046448,
  "spacing_z": 0.9375,
  "summary_bg_k": 45.9239843181144,
  "summary_bg_mad": 0.0,
  "summary_bg_mean": 1.3023277397698878,
  "summary_bg_median": 0.0,
  "summary_bg_n": 2581518.0,
  "summary_bg_p05": 0.0,
  "summary_bg_p95": 8.77540883794427,
  "summary_bg_stdv": 3.8984754757810878,
  "summary_csf_k": -0.042777709960761356,
  "summary_csf_mad": 144.58495300950563,
  "summary_csf_mean": 425.4132888078659,
  "summary_csf_median": 409.3455540705472,
  "summary_csf_n": 347916.9951219304,
  "summary_csf_p05": 116.41050820052624,
  "summary_csf_p95": 746.9261121358722,
  "summary_csf_stdv": 175.28857548585646,
  "summary_gm_k": -0.13818278691566066,
  "summary_gm_mad": 61.34018469061131,
  "summary_gm_mean": 789.3941422991985,
  "summary_gm_median": 791.1502063926309,
  "summary_gm_n": 460146.6912610561,
  "summary_gm_p05": 598.6365763489157,
  "summary_gm_p95": 983.1928399167955,
  "summary_gm_stdv": 109.79336499320779,
  "summary_wm_k": -0.7217633732567146,
  "summary_wm_mad": 61.78121657574452,
  "summary_wm_mean": 937.2113740293368,
  "summary_wm_median": 954.6355772577226,
  "summary_wm_n": 459787.31474851875,
  "summary_wm_p05": 801.6608655657619,
  "summary_wm_p95": 1031.457588525489,
  "summary_wm_stdv": 72.89495899379169,
  "tpm_overlap_csf": 0.18031316732508124,
  "tpm_overlap_gm": 0.521740418074404,
  "tpm_overlap_wm": 0.571445100030942,
  "wm2max": 0.7409388289483964
}