{
  "bids_meta": {
    "InstitutionName": "HH",
    "dataset": "<unset>",
    "modality": "T1w",
    "subject_id": "0679"
  },
  "cjv": 0.6476418123573875,
  "cnr": 1.5528002794039506,
  "efc": 0.5941461472073754,
  "fber": -1.0,
  "fwhm_avg": 5.229462542185898,
  "fwhm_x": 4.548184959891027,
  "fwhm_y": 6.076416,
  "fwhm_z": 5.063786666666667,
  "icvs_csf": 0.24580062233717132,
  "icvs_gm": 0.3928583159289303,
  "icvs_wm": 0.3613410617338984,
  "inu_med": 0.3984479010105133,
  "inu_range": 0.20950797945261002,
  "provenance": {
    "md5sum": "a0ff4e200d30a17dc76c64649d01ea38",
    "settings": {
      "testing": false
    },
    "software": "mriqc",
    "version": "23.1.0",
    "warnings": {
      "large_rot_frame": true,
      "small_air_mask": false
    }
  },
  "qi_1": 0.0,
  "qi_2": 0.0018550744970250934,
  "rpve_csf": 7.013538355825255,
  "rpve_gm": 6.900902037308247,
  "rpve_wm": 6.9683220099132,
  "size_x": 150,
  "size_y": 256,
  "size_z": 256,
  "snr_csf": 2.3023294496130173,
  "snr_gm": 8.695806113271962,
  "snr_total": 8.356251464206188,
  "snr_wm": 14.070618829733583,
  "snrd_csf": 64.07107486677488,
  "snrd_gm": 99.3266092605023,
  "snrd_total": 94.9960299738973,
  "snrd_wm": 121.59040579441475,
  "spacing_x": 1.1999995708465576,
  "spacing_y": 0.9375,
  "spacing_z": 0.9375,
  "summary_bg_k": 76.02133929795379,
  "summary_bg_mad": 0.0,
  "summary_bg_mean": 1.4750290351402358,
  "summary_bg_median": 0.0,
  "summary_bg_n": 2732746.0,
  "summary_bg_p05": 0.0,
  "summary_bg_p95": 10.34543627873063,
  "summary_bg_stdv": 5.177464432303893,
  "summary_csf_k": -0.40346666055911706,
  "summary_csf_mad": 161.5183782075933,
  "summary_csf_mean": 503.810850877731,
  "summary_csf_median": 506.34602391533554,
  "summary_csf_n": 340378.8027482489,
  "summary_csf_p05": 104.3122770152986,
  "summary_csf_p95": 839.2924426905811,
  "summary_csf_stdv": 219.92737842191775,
  "summary_gm_k": -0.45976513808802943,
  "summary_gm_mad": 62.923893953716714,
  "summary_gm_mean": 791.1041884954452,
  "summary_gm_median": 784.9662858415395,
  "summary_gm_n": 544020.7675396135,
  "summary_gm_p05": 647.6747765913606,
  "summary_gm_p95": 962.3022033218294,
  "summary_gm_stdv": 90.26944186282299,
  "summary_wm_k": -0.42514702423634176,
  "summary_wm_mad": 51.02746215985113,
  "summary_wm_mean": 944.3842745526625,
  "summary_wm_median": 960.9144008941948,
  "summary_wm_n": 500376.43032511475,
  "summary_wm_p05": 809.9467295389622,
  "summary_wm_p95": 1030.9101087898016,
  "summary_wm_stdv": 68.29219470231351,
  "tpm_overlap_csf": 0.20466768061417692,
  "tpm_overlap_gm": 0.5372428295051505,
  "tpm_overlap_wm": 0.5415924475958118,
  "wm2max": 0.7513702488969735
}