{
  "bids_meta": {
    "InstitutionName": "HH",
    "dataset": "<unset>",
    "modality": "T1w",
    "subject_id": "0525"
  },
  "cjv": 0.8970710583805191,
  "cnr": 1.0284422003114528,
  "efc": 0.5905356339103469,
  "fber": -1.0,
  "fwhm_avg": 4.93058774171437,
  "fwhm_x": 4.334184910728619,
  "fwhm_y": 5.540447647747825,
  "fwhm_z": 4.917130666666667,
  "icvs_csf": 0.2693163759925696,
  "icvs_gm": 0.35036641706740373,
  "icvs_wm": 0.38031720694002663,
  "inu_med": 0.4547809511423111,
  "inu_range": 0.21002115011215206,
  "provenance": {
    "md5sum": "576905edf4bff80e2ec2b2e38a6f5651",
    "settings": {
      "testing": false
    },
    "software": "mriqc",
    "version": "23.1.0",
    "warnings": {
      "large_rot_frame": true,
      "small_air_mask": false
    }
  },
  "qi_1": 0.0,
  "qi_2": 0.0005515735450628947,
  "rpve_csf": 7.88801391986926,
  "rpve_gm": 7.739881182238014,
  "rpve_wm": 7.804471052472182,
  "size_x": 150,
  "size_y": 256,
  "size_z": 256,
  "snr_csf": 2.548137414822909,
  "snr_gm": 5.477951437048941,
  "snr_total": 6.887939382613102,
  "snr_wm": 12.637729295967457,
  "snrd_csf": 57.32028898129758,
  "snrd_gm": 115.3845581145648,
  "snrd_total": 104.18978606354682,
  "snrd_wm": 139.86451109477807,
  "spacing_x": 1.2000064849853516,
  "spacing_y": 0.9375000596046448,
  "spacing_z": 0.9375,
  "summary_bg_k": 24.04233654570806,
  "summary_bg_mad": 0.0,
  "summary_bg_mean": 1.5770725144243634,
  "summary_bg_median": 0.0,
  "summary_bg_n": 3058186.0,
  "summary_bg_p05": 0.0,
  "summary_bg_p95": 10.452024668455124,
  "summary_bg_stdv": 4.466587370799579,
  "summary_csf_k": 0.347107282822098,
  "summary_csf_mad": 114.62626566981476,
  "summary_csf_mean": 410.81550523878377,
  "summary_csf_median": 390.7981282286346,
  "summary_csf_n": 332821.71665529034,
  "summary_csf_p05": 146.4051984809339,
  "summary_csf_p95": 685.683559499681,
  "summary_csf_stdv": 153.3659601152449,
  "summary_gm_k": -0.05845793113862374,
  "summary_gm_mad": 75.2021226064391,
  "summary_gm_mean": 774.8174435943181,
  "summary_gm_median": 786.6685625463724,
  "summary_gm_n": 432983.51968746964,
  "summary_gm_p05": 517.8107221163809,
  "summary_gm_p95": 1006.3660222440958,
  "summary_gm_stdv": 143.60617525696858,
  "summary_wm_k": -0.8682476324586421,
  "summary_wm_mad": 74.51846694638057,
  "summary_wm_mean": 941.4738200133096,
  "summary_wm_median": 953.567927043885,
  "summary_wm_n": 469996.76577712916,
  "summary_wm_p05": 807.8544066660106,
  "summary_wm_p95": 1045.9966157786548,
  "summary_wm_stdv": 75.4539751778566,
  "tpm_overlap_csf": 0.18048349117619675,
  "tpm_overlap_gm": 0.4934408212823332,
  "tpm_overlap_wm": 0.5320659659042448,
  "wm2max": 0.6657211576952289
}