{
  "bids_meta": {
    "InstitutionName": "HH",
    "dataset": "<unset>",
    "modality": "T1w",
    "subject_id": "0813"
  },
  "cjv": 0.667507663861366,
  "cnr": 1.45601347747739,
  "efc": 0.5360848828988372,
  "fber": -1.0,
  "fwhm_avg": 4.813730620542611,
  "fwhm_x": 4.153756849801908,
  "fwhm_y": 5.428885678492589,
  "fwhm_z": 4.858549333333333,
  "icvs_csf": 0.2669513350288958,
  "icvs_gm": 0.3744954196215451,
  "icvs_wm": 0.358553245349559,
  "inu_med": 0.3744857907295227,
  "inu_range": 0.15268979966640472,
  "provenance": {
    "md5sum": "69f7bf204c223b4492545dfa7359f3b9",
    "settings": {
      "testing": false
    },
    "software": "mriqc",
    "version": "23.1.0",
    "warnings": {
      "large_rot_frame": true,
      "small_air_mask": false
    }
  },
  "qi_1": 0.0,
  "qi_2": 0.0022903575702650763,
  "rpve_csf": 7.89409763531516,
  "rpve_gm": 7.781684627692606,
  "rpve_wm": 7.846750125804941,
  "size_x": 150,
  "size_y": 256,
  "size_z": 256,
  "snr_csf": 2.1505518129427226,
  "snr_gm": 7.561150125641077,
  "snr_total": 8.229813191503638,
  "snr_wm": 14.977737635927113,
  "snrd_csf": 72.33215704981566,
  "snrd_gm": 129.57363984742253,
  "snrd_total": 120.28087929166782,
  "snrd_wm": 158.93684097776526,
  "spacing_x": 1.1999980211257935,
  "spacing_y": 0.9374999403953552,
  "spacing_z": 0.9375,
  "summary_bg_k": 61.84643737544637,
  "summary_bg_mad": 0.0,
  "summary_bg_mean": 1.2108986290133752,
  "summary_bg_median": 0.0,
  "summary_bg_n": 2914696.0,
  "summary_bg_p05": 0.0,
  "summary_bg_p95": 8.297937717288733,
  "summary_bg_stdv": 3.979761140243277,
  "summary_csf_k": -0.43949125270471523,
  "summary_csf_mad": 166.84712418201116,
  "summary_csf_mean": 447.3354882084172,
  "summary_csf_median": 439.39660171046853,
  "summary_csf_n": 329352.2775122401,
  "summary_csf_p05": 85.36585530266166,
  "summary_csf_p95": 790.5591955035925,
  "summary_csf_stdv": 204.31776254066585,
  "summary_gm_k": -0.4239106016290206,
  "summary_gm_mad": 68.88124465257347,
  "summary_gm_mean": 788.1058819777196,
  "summary_gm_median": 787.1217912249267,
  "summary_gm_n": 462035.2221010884,
  "summary_gm_p05": 611.9017501920462,
  "summary_gm_p95": 976.8358553946018,
  "summary_gm_stdv": 104.10068922672772,
  "summary_wm_k": -0.39499562858280335,
  "summary_wm_mad": 50.18397937458935,
  "summary_wm_mean": 949.9221448558786,
  "summary_wm_median": 965.4946107044816,
  "summary_wm_n": 442366.50081746076,
  "summary_wm_p05": 823.9042064361274,
  "summary_wm_p95": 1031.7686409689486,
  "summary_wm_stdv": 64.46190625641215,
  "tpm_overlap_csf": 0.186545112369544,
  "tpm_overlap_gm": 0.5271820836671793,
  "tpm_overlap_wm": 0.5556662518191484,
  "wm2max": 0.7977495567857014
}