{
  "bids_meta": {
    "InstitutionName": "HH",
    "dataset": "<unset>",
    "modality": "T1w",
    "subject_id": "0767"
  },
  "cjv": 0.7172174630751531,
  "cnr": 1.3620377536925194,
  "efc": 0.6609117489101181,
  "fber": -1.0,
  "fwhm_avg": 5.162589533493954,
  "fwhm_x": 4.482008600481864,
  "fwhm_y": 5.949194666666667,
  "fwhm_z": 5.056565333333333,
  "icvs_csf": 0.2672532757854719,
  "icvs_gm": 0.3683107338896838,
  "icvs_wm": 0.36443599032484425,
  "inu_med": 0.3830617070198059,
  "inu_range": 0.17500774562358856,
  "provenance": {
    "md5sum": "602d67b5230528bac7f7fcb421493951",
    "settings": {
      "testing": false
    },
    "software": "mriqc",
    "version": "23.1.0",
    "warnings": {
      "large_rot_frame": true,
      "small_air_mask": false
    }
  },
  "qi_1": 0.0,
  "qi_2": 0.0018419359424559061,
  "rpve_csf": 7.067063611132736,
  "rpve_gm": 6.944139131421014,
  "rpve_wm": 7.003990477154297,
  "size_x": 150,
  "size_y": 256,
  "size_z": 256,
  "snr_csf": 2.2559422717633373,
  "snr_gm": 7.356267513107544,
  "snr_total": 8.17580879375559,
  "snr_wm": 14.915216596395886,
  "snrd_csf": 57.268281121971725,
  "snrd_gm": 105.87166868498589,
  "snrd_total": 97.29564582919714,
  "snrd_wm": 128.74698768063382,
  "spacing_x": 1.1999999284744263,
  "spacing_y": 0.9375,
  "spacing_z": 0.9375,
  "summary_bg_k": 243.74737239107552,
  "summary_bg_mad": 0.0,
  "summary_bg_mean": 1.1308276676401765,
  "summary_bg_median": 0.0,
  "summary_bg_n": 2717133.0,
  "summary_bg_p05": 0.0,
  "summary_bg_p95": 8.063307957723737,
  "summary_bg_stdv": 4.907412562414476,
  "summary_csf_k": -0.30394615557164073,
  "summary_csf_mad": 161.11057119063614,
  "summary_csf_mean": 442.09450596033685,
  "summary_csf_median": 428.9779688715935,
  "summary_csf_n": 368310.02446959435,
  "summary_csf_p05": 112.81142000295222,
  "summary_csf_p95": 774.0276363380253,
  "summary_csf_stdv": 190.15441657379122,
  "summary_gm_k": -0.28176169575299204,
  "summary_gm_mad": 68.822675655637,
  "summary_gm_mean": 795.634959483453,
  "summary_gm_median": 793.0500532537699,
  "summary_gm_n": 507580.44036180095,
  "summary_gm_p05": 614.0845586750656,
  "summary_gm_p95": 987.2933944892138,
  "summary_gm_stdv": 107.80593155891029,
  "summary_wm_k": -0.5713312357240343,
  "summary_wm_mad": 54.07363760843542,
  "summary_wm_mean": 951.0028199726771,
  "summary_wm_median": 964.401588305831,
  "summary_wm_n": 502240.53613430326,
  "summary_wm_p05": 826.6014027744532,
  "summary_wm_p95": 1035.6482784338295,
  "summary_wm_stdv": 64.65884165832878,
  "tpm_overlap_csf": 0.18646972717982982,
  "tpm_overlap_gm": 0.5162074755114371,
  "tpm_overlap_wm": 0.547597286954481,
  "wm2max": 0.7254726621433621
}