{
  "bids_meta": {
    "InstitutionName": "HH",
    "dataset": "<unset>",
    "modality": "T1w",
    "subject_id": "0410"
  },
  "cjv": 0.7091446980212086,
  "cnr": 1.4010750621945387,
  "efc": 0.6228084791598758,
  "fber": -1.0,
  "fwhm_avg": 5.081091363692756,
  "fwhm_x": 4.45736443525956,
  "fwhm_y": 5.713653333333334,
  "fwhm_z": 5.072256322485372,
  "icvs_csf": 0.251327865766351,
  "icvs_gm": 0.3759514091566477,
  "icvs_wm": 0.37272072507700127,
  "inu_med": 0.343830406665802,
  "inu_range": 0.15553738921880722,
  "provenance": {
    "md5sum": "240a61d6f67933867060b911fb64a69d",
    "settings": {
      "testing": false
    },
    "software": "mriqc",
    "version": "23.1.0",
    "warnings": {
      "large_rot_frame": true,
      "small_air_mask": false
    }
  },
  "qi_1": 0.0,
  "qi_2": 0.0034454931333088882,
  "rpve_csf": 6.028637950703189,
  "rpve_gm": 5.916631772248779,
  "rpve_wm": 5.994639125750161,
  "size_x": 150,
  "size_y": 256,
  "size_z": 256,
  "snr_csf": 2.559637431224928,
  "snr_gm": 7.346927743104629,
  "snr_total": 8.724620330545072,
  "snr_wm": 16.26729581730566,
  "snrd_csf": 36.8089743235388,
  "snrd_gm": 57.910099615091546,
  "snrd_total": 55.089112975116244,
  "snrd_wm": 70.54826498671838,
  "spacing_x": 1.1999961137771606,
  "spacing_y": 0.9375,
  "spacing_z": 0.9374999403953552,
  "summary_bg_k": 2330.3197957666252,
  "summary_bg_mad": 0.0,
  "summary_bg_mean": 1.4026278477793508,
  "summary_bg_median": 0.0,
  "summary_bg_n": 2422078.0,
  "summary_bg_p05": 0.0,
  "summary_bg_p95": 8.38490715622902,
  "summary_bg_stdv": 9.006181516443899,
  "summary_csf_k": -0.19064419859975823,
  "summary_csf_mad": 144.7749668968719,
  "summary_csf_mean": 510.43142852521476,
  "summary_csf_median": 506.01417382992804,
  "summary_csf_n": 403705.94042041805,
  "summary_csf_p05": 185.04192429594696,
  "summary_csf_p95": 830.5050897598267,
  "summary_csf_stdv": 197.68954030182874,
  "summary_gm_k": -0.5839061374017773,
  "summary_gm_mad": 73.62693179779582,
  "summary_gm_mean": 797.5412059886667,
  "summary_gm_median": 796.0920333061367,
  "summary_gm_n": 603887.7413102437,
  "summary_gm_p05": 617.3138342965394,
  "summary_gm_p95": 988.3958861213177,
  "summary_gm_stdv": 108.3570441963221,
  "summary_wm_k": -0.48136713932767927,
  "summary_wm_mad": 49.57793397439518,
  "summary_wm_mean": 958.5519282394223,
  "summary_wm_median": 969.8293059896678,
  "summary_wm_n": 598698.3193152014,
  "summary_wm_p05": 844.1056088078767,
  "summary_wm_p95": 1038.4308231696486,
  "summary_wm_stdv": 59.618298390403076,
  "tpm_overlap_csf": 0.21590214840485694,
  "tpm_overlap_gm": 0.5157223173567853,
  "tpm_overlap_wm": 0.5349654645859862,
  "wm2max": 0.7499035196048163
}