{
  "bids_meta": {
    "InstitutionName": "HH",
    "dataset": "<unset>",
    "modality": "T1w",
    "subject_id": "0366"
  },
  "cjv": 0.6472945349667448,
  "cnr": 1.604021826618587,
  "efc": 0.6322477489924233,
  "fber": -1.0,
  "fwhm_avg": 5.170058499078446,
  "fwhm_x": 4.488927497235336,
  "fwhm_y": 5.714336,
  "fwhm_z": 5.306912,
  "icvs_csf": 0.25574280893566886,
  "icvs_gm": 0.38775602683032967,
  "icvs_wm": 0.35650116423400147,
  "inu_med": 0.38197964429855347,
  "inu_range": 0.17280966639518736,
  "provenance": {
    "md5sum": "cc8cf6dda9be93d0e5d9f8e957412fad",
    "settings": {
      "testing": false
    },
    "software": "mriqc",
    "version": "23.1.0",
    "warnings": {
      "large_rot_frame": true,
      "small_air_mask": false
    }
  },
  "qi_1": 0.0,
  "qi_2": 0.0020316735179106765,
  "rpve_csf": 5.958184879383243,
  "rpve_gm": 5.8568105889146596,
  "rpve_wm": 5.924076347755361,
  "size_x": 150,
  "size_y": 256,
  "size_z": 256,
  "snr_csf": 2.130978582163956,
  "snr_gm": 8.308463383717713,
  "snr_total": 8.406014084060658,
  "snr_wm": 14.778600286300307,
  "snrd_csf": 87.68899519973043,
  "snrd_gm": 142.54032317696894,
  "snrd_total": 135.42958111613663,
  "snrd_wm": 176.05942497171046,
  "spacing_x": 1.1999993324279785,
  "spacing_y": 0.9375,
  "spacing_z": 0.9375,
  "summary_bg_k": 44.46893651200706,
  "summary_bg_mad": 0.0,
  "summary_bg_mean": 1.0211153095978551,
  "summary_bg_median": 0.0,
  "summary_bg_n": 2893245.0,
  "summary_bg_p05": 0.0,
  "summary_bg_p95": 6.824541091918945,
  "summary_bg_stdv": 3.5867706952783998,
  "summary_csf_k": -0.41347814765632496,
  "summary_csf_mad": 175.11023376778465,
  "summary_csf_mean": 477.530954061433,
  "summary_csf_median": 480.0837173461914,
  "summary_csf_n": 416181.7815427885,
  "summary_csf_p05": 91.17586898803711,
  "summary_csf_p95": 826.2016930580139,
  "summary_csf_stdv": 225.2876423031283,
  "summary_gm_k": -0.5363601668242248,
  "summary_gm_mad": 68.60058079423614,
  "summary_gm_mean": 785.8103870342607,
  "summary_gm_median": 780.3862738609314,
  "summary_gm_n": 631012.8316874539,
  "summary_gm_p05": 635.5922603607178,
  "summary_gm_p95": 960.8498888015747,
  "summary_gm_stdv": 93.92659261518311,
  "summary_wm_k": -0.12927519073830052,
  "summary_wm_mad": 50.18567562528189,
  "summary_wm_mean": 950.507241873022,
  "summary_wm_median": 963.8981838226318,
  "summary_wm_n": 580150.3872990881,
  "summary_wm_p05": 824.0178399085999,
  "summary_wm_p95": 1036.0790801048279,
  "summary_wm_stdv": 65.22250649031297,
  "tpm_overlap_csf": 0.18485122236453247,
  "tpm_overlap_gm": 0.5323010392966042,
  "tpm_overlap_wm": 0.5504464489149995,
  "wm2max": 0.8190358371670469
}